occupation_code,occupation_label,occupation_category,occupation_active,itpi_eligibility,itpi_question_set,itpi_hazard_class,itpi_min_excess,itpi_min_premium,itpi_default_limit_pi,itpi_default_ri_pi,itpi_default_limit_ppl,itpi_endorsements,itpi_wording,ah_eligibility,ah_question_set,ah_hazard_class,ah_min_excess,ah_min_premium,ah_default_limit,ah_endorsements,ah_wording,gp_eligibility,gp_question_set,gp_hazard_class,gp_min_excess,gp_min_premium,gp_default_limit,gp_endorsements,gp_wording
01110010,Bulb Growing - Under Cover,01,true,no,,,,,,,,,,no,,,,,,,,no,,,,,,,
01110045,Plant Nursery Operation - Under Cover,01,true,no,,,,,,,,,,no,,,,,,,,no,,,,,,,
01110055,Seedling Growing - Under Cover,01,true,no,,,,,,,,,,no,,,,,,,,no,,,,,,,
01110060,Vine Stock Nursery Operation - Under Cover,01,true,no,,,,,,,,,,no,,,,,,,,no,,,,,,,
01120005,Bulb Growing - Outdoors,01,true,no,,,,,,,,,,no,,,,,,,,no,,,,,,,
01120015,Fruit Tree Nursery Operation - Outdoors,01,true,no,,,,,,,,,,no,,,,,,,,no,,,,,,,
01120040,Ornamental Plant Propagating - Outdoors,01,true,no,,,,,,,,,,no,,,,,,,,no,,,,,,,
01120045,Plant Nursery Operation - Outdoors,01,true,no,,,,,,,,,,no,,,,,,,,no,,,,,,,
01120060,Vine Stock Nursery Operation - Outdoors,01,true,no,,,,,,,,,,no,,,,,,,,no,,,,,,,
01130005,Grass Growing - Turf,01,true,no,,,,,,,,,,no,,,,,,,,no,,,,,,,
01130015,Lawn Seed Growing,01,true,no,,,,,,,,,,no,,,,,,,,no,,,,,,,
01140010,Display Foliage Growing - Under Cover,01,true,no,,,,,,,,,,no,,,,,,,,no,,,,,,,
01140020,Flower Growing - Under Cover,01,true,no,,,,,,,,,,no,,,,,,,,no,,,,,,,
01140025,Flower Seed Growing - Under Cover,01,true,no,,,,,,,,,,no,,,,,,,,no,,,,,,,
01150025,Flower Growing - Outdoors,01,true,no,,,,,,,,,,no,,,,,,,,no,,,,,,,
01150030,Flower Seed Growing - Outdoors,01,true,no,,,,,,,,,,no,,,,,,,,no,,,,,,,
01150080,Cut Flower Growing - Outdoors,01,true,no,,,,,,,,,,no,,,,,,,,no,,,,,,,
01210015,Mushroom Growing,01,true,no,,,,,,,,,,no,,,,,,,,no,,,,,,,
01220040,Herb Growing - Under Cover,01,true,no,,,,,,,,,,no,,,,,,,,no,,,,,,,
01220045,Hothouse Tomato Growing,01,true,no,,,,,,,,,,no,,,,,,,,no,,,,,,,
01220105,Vegetable Growing - Under Cover,01,true,no,,,,,,,,,,no,,,,,,,,no,,,,,,,
01220110,Vegetable Seed Growing - Under Cover,01,true,no,,,,,,,,,,no,,,,,,,,no,,,,,,,
01230020,Bean Growing - Outdoors (Except Dry Field Beans Or Soybeans),01,true,no,,,,,,,,,,no,,,,,,,,no,,,,,,,
01230115,Garlic Growing - Outdoors,01,true,no,,,,,,,,,,no,,,,,,,,no,,,,,,,
01230140,Herb Growing - Outdoors,01,true,no,,,,,,,,,,no,,,,,,,,no,,,,,,,
01230165,Market Gardening,01,true,no,,,,,,,,,,no,,,,,,,,no,,,,,,,
01230175,Melon Growing - Outdoors,01,true,no,,,,,,,,,,no,,,,,,,,no,,,,,,,
01230185,Onion Growing - Outdoors,01,true,no,,,,,,,,,,no,,,,,,,,no,,,,,,,
01230215,Potato Growing - Outdoors,01,true,no,,,,,,,,,,no,,,,,,,,no,,,,,,,
01230250,Seed Potato Growing,01,true,no,,,,,,,,,,no,,,,,,,,no,,,,,,,
01230280,Sugar Beet Growing - Outdoors,01,true,no,,,,,,,,,,no,,,,,,,,no,,,,,,,
01230290,Sweet Potato Growing,01,true,no,,,,,,,,,,no,,,,,,,,no,,,,,,,
01230300,Tomato Growing - Outdoors,01,true,no,,,,,,,,,,no,,,,,,,,no,,,,,,,
01230305,Truffle Growing - Outdoors,01,true,no,,,,,,,,,,no,,,,,,,,no,,,,,,,
01230315,Vegetable Growing - Outdoors,01,true,no,,,,,,,,,,no,,,,,,,,no,,,,,,,
01230320,Vegetable Seed Growing - Outdoors,01,true,no,,,,,,,,,,no,,,,,,,,no,,,,,,,
01310340,Grape Growing,01,true,no,,,,,,,,,,no,,,,,,,,no,,,,,,,
01310345,Grape Sun-drying,01,true,no,,,,,,,,,,no,,,,,,,,no,,,,,,,
01310355,Grapes Growing,01,true,no,,,,,,,,,,no,,,,,,,,no,,,,,,,
01310360,Table Grape Growing,01,true,no,,,,,,,,,,no,,,,,,,,no,,,,,,,
01310365,Vineyard Operation,01,true,no,,,,,,,,,,no,,,,,,,,no,,,,,,,
01310370,Viticulture,01,true,no,,,,,,,,,,no,,,,,,,,no,,,,,,,
01310375,Wine Grape Growing,01,true,no,,,,,,,,,,no,,,,,,,,no,,,,,,,
01320010,Kiwifruit Growing,01,true,no,,,,,,,,,,no,,,,,,,,no,,,,,,,
01330005,Berry Fruit Growing,01,true,no,,,,,,,,,,no,,,,,,,,no,,,,,,,
01330045,Gooseberry Growing,01,true,no,,,,,,,,,,no,,,,,,,,no,,,,,,,
01330050,Loganberry Growing,01,true,no,,,,,,,,,,no,,,,,,,,no,,,,,,,
01330055,Mulberry Growing,01,true,no,,,,,,,,,,no,,,,,,,,no,,,,,,,
01330060,Raspberry Growing,01,true,no,,,,,,,,,,no,,,,,,,,no,,,,,,,
01330065,Red Or Black Currant Growing,01,true,no,,,,,,,,,,no,,,,,,,,no,,,,,,,
01330075,Strawberry Growing,01,true,no,,,,,,,,,,no,,,,,,,,no,,,,,,,
01340005,Apple Growing,01,true,no,,,,,,,,,,no,,,,,,,,no,,,,,,,
01340010,Apples Sun-drying,01,true,no,,,,,,,,,,no,,,,,,,,no,,,,,,,
01340020,Nashi Pear Growing,01,true,no,,,,,,,,,,no,,,,,,,,no,,,,,,,
01340025,Pear Growing,01,true,no,,,,,,,,,,no,,,,,,,,no,,,,,,,
01340030,Pear Sun-drying,01,true,no,,,,,,,,,,no,,,,,,,,no,,,,,,,
01340035,Pome Fruit Growing,01,true,no,,,,,,,,,,no,,,,,,,,no,,,,,,,
01340040,Pome Fruit Sun-drying,01,true,no,,,,,,,,,,no,,,,,,,,no,,,,,,,
01340045,Quince Growing,01,true,no,,,,,,,,,,no,,,,,,,,no,,,,,,,
01350005,Apricot Growing,01,true,no,,,,,,,,,,no,,,,,,,,no,,,,,,,
01350015,Cherry Growing,01,true,no,,,,,,,,,,no,,,,,,,,no,,,,,,,
01350025,Nectarine Growing,01,true,no,,,,,,,,,,no,,,,,,,,no,,,,,,,
01350030,Peach Growing,01,true,no,,,,,,,,,,no,,,,,,,,no,,,,,,,
01350035,Plum Or Prune Growing,01,true,no,,,,,,,,,,no,,,,,,,,no,,,,,,,
01350050,Stone Fruit Growing And Sun-Drying,01,true,no,,,,,,,,,,no,,,,,,,,no,,,,,,,
01360005,Citrus Fruit Growing,01,true,no,,,,,,,,,,no,,,,,,,,no,,,,,,,
01370005,Olive Growing,01,true,no,,,,,,,,,,no,,,,,,,,no,,,,,,,
01390005,Almond Growing,01,true,no,,,,,,,,,,no,,,,,,,,no,,,,,,,
01390010,Avocado Growing,01,true,no,,,,,,,,,,no,,,,,,,,no,,,,,,,
01390020,Banana Growing,01,true,no,,,,,,,,,,no,,,,,,,,no,,,,,,,
01390030,Cashew Nut Growing,01,true,no,,,,,,,,,,no,,,,,,,,no,,,,,,,
01390040,Chestnut Growing,01,true,no,,,,,,,,,,no,,,,,,,,no,,,,,,,
01390045,Coconut Growing,01,true,no,,,,,,,,,,no,,,,,,,,no,,,,,,,
01390050,Custard Apple Growing,01,true,no,,,,,,,,,,no,,,,,,,,no,,,,,,,
01390060,Fig Growing,01,true,no,,,,,,,,,,no,,,,,,,,no,,,,,,,
01390065,Fruit Growing (Except Pome Stone Fruit Kiwi Fruit Or Grapes),01,true,no,,,,,,,,,,no,,,,,,,,no,,,,,,,
01390070,Fruit Sun-drying (Except Pome Stone Fruit Or Grapes),01,true,no,,,,,,,,,,no,,,,,,,,no,,,,,,,
01390080,Loquat Growing,01,true,no,,,,,,,,,,no,,,,,,,,no,,,,,,,
01390085,Macadamia Nut Growing,01,true,no,,,,,,,,,,no,,,,,,,,no,,,,,,,
01390090,Mango Growing,01,true,no,,,,,,,,,,no,,,,,,,,no,,,,,,,
01390095,Nuts Growing (Except Peanuts),01,true,no,,,,,,,,,,no,,,,,,,,no,,,,,,,
01390100,Passionfruit Growing,01,true,no,,,,,,,,,,no,,,,,,,,no,,,,,,,
01390105,Pawpaw Growing,01,true,no,,,,,,,,,,no,,,,,,,,no,,,,,,,
01390110,Pecan Nut Growing,01,true,no,,,,,,,,,,no,,,,,,,,no,,,,,,,
01390115,Persimmon Growing,01,true,no,,,,,,,,,,no,,,,,,,,no,,,,,,,
01390120,Pineapple Growing,01,true,no,,,,,,,,,,no,,,,,,,,no,,,,,,,
01390140,Walnut Growing,01,true,no,,,,,,,,,,no,,,,,,,,no,,,,,,,
01410005,Agistment Service - Sheep,01,true,no,,,,,,,,,,no,,,,,,,,no,,,,,,,
01410020,Primary Production - Sheep And Wool,01,true,no,,,,,,,,,,no,,,,,,,,no,,,,,,,
01410025,Prime Lamb Raising,01,true,no,,,,,,,,,,no,,,,,,,,no,,,,,,,
01410030,Raw Sheep Milk Production,01,true,no,,,,,,,,,,no,,,,,,,,no,,,,,,,
01410080,Wool Growing,01,true,no,,,,,,,,,,no,,,,,,,,no,,,,,,,
01420005,Agistment Service - Cattle,01,true,no,,,,,,,,,,no,,,,,,,,no,,,,,,,
01420030,Buffalo Domesticated Grazing,01,true,no,,,,,,,,,,no,,,,,,,,no,,,,,,,
01420070,Primary Production - Cattle,01,true,no,,,,,,,,,,no,,,,,,,,no,,,,,,,
01420075,Stud Beef Cattle Breeding Or Farming,01,true,no,,,,,,,,,,no,,,,,,,,no,,,,,,,
01430005,Beef Cattle Feedlot Operation,01,true,no,,,,,,,,,,no,,,,,,,,no,,,,,,,
01440050,Primary Production - Sheep And Cattle,01,true,no,,,,,,,,,,no,,,,,,,,no,,,,,,,
01450120,Mixed Farming - Grain - Sheep And/or Grain - Beef,01,true,no,,,,,,,,,,no,,,,,,,,no,,,,,,,
01450170,Primary Production - Beef Cattle And Grain,01,true,no,,,,,,,,,,no,,,,,,,,no,,,,,,,
01450235,Primary Production - Sheep And Cereal Grain,01,true,no,,,,,,,,,,no,,,,,,,,no,,,,,,,
01450275,Prime Lamb Raising And Cereal Grain Growing,01,true,no,,,,,,,,,,no,,,,,,,,no,,,,,,,
01460005,Rice Growing,01,true,no,,,,,,,,,,no,,,,,,,,no,,,,,,,
01490005,Barley Growing,01,true,no,,,,,,,,,,no,,,,,,,,no,,,,,,,
01490025,Cereal Farming,01,true,no,,,,,,,,,,no,,,,,,,,no,,,,,,,
01490035,Coarse Grain Growing,01,true,no,,,,,,,,,,no,,,,,,,,no,,,,,,,
01490055,Field Pea Or Field Bean Growing,01,true,no,,,,,,,,,,no,,,,,,,,no,,,,,,,
01490060,Grain Seed Growing (Except Rice),01,true,no,,,,,,,,,,no,,,,,,,,no,,,,,,,
01490090,Lupin Growing,01,true,no,,,,,,,,,,no,,,,,,,,no,,,,,,,
01490095,Maize Growing,01,true,no,,,,,,,,,,no,,,,,,,,no,,,,,,,
01490100,Millet Growing (Except Broom Millet),01,true,no,,,,,,,,,,no,,,,,,,,no,,,,,,,
01490115,Oat Growing,01,true,no,,,,,,,,,,no,,,,,,,,no,,,,,,,
01490120,Oilseed Growing,01,true,no,,,,,,,,,,no,,,,,,,,no,,,,,,,
01490150,Safflower Growing,01,true,no,,,,,,,,,,no,,,,,,,,no,,,,,,,
01490165,Sorghum Growing (Except Forage Sorghum),01,true,no,,,,,,,,,,no,,,,,,,,no,,,,,,,
01490170,Soya Beans Growing,01,true,no,,,,,,,,,,no,,,,,,,,no,,,,,,,
01490180,Sunflower Growing,01,true,no,,,,,,,,,,no,,,,,,,,no,,,,,,,
01490190,Wheat Growing,01,true,no,,,,,,,,,,no,,,,,,,,no,,,,,,,
01510005,Sugar Cane Farming,01,true,no,,,,,,,,,,no,,,,,,,,no,,,,,,,
01520005,Cotton Growing,01,true,no,,,,,,,,,,no,,,,,,,,no,,,,,,,
01590015,Arrowroot Growing,01,true,no,,,,,,,,,,no,,,,,,,,no,,,,,,,
01590020,Bamboo Growing,01,true,no,,,,,,,,,,no,,,,,,,,no,,,,,,,
01590025,Broom Millet Growing,01,true,no,,,,,,,,,,no,,,,,,,,no,,,,,,,
01590030,Chicory Growing,01,true,no,,,,,,,,,,no,,,,,,,,no,,,,,,,
01590035,Clover Seed Growing,01,true,no,,,,,,,,,,no,,,,,,,,no,,,,,,,
01590040,Coffee Growing,01,true,no,,,,,,,,,,no,,,,,,,,no,,,,,,,
01590051,Farming - Crop And Plant Growing N.e.c.,01,true,no,,,,,,,,,,no,,,,,,,,no,,,,,,,
01590055,Flax Growing,01,true,no,,,,,,,,,,no,,,,,,,,no,,,,,,,
01590065,Fodder Growing,01,true,no,,,,,,,,,,no,,,,,,,,no,,,,,,,
01590070,Forage Sorghum Growing,01,true,no,,,,,,,,,,no,,,,,,,,no,,,,,,,
01590075,Ginger Growing,01,true,no,,,,,,,,,,no,,,,,,,,no,,,,,,,
01590080,Hay Growing,01,true,no,,,,,,,,,,no,,,,,,,,no,,,,,,,
01590085,Hop Growing,01,true,no,,,,,,,,,,no,,,,,,,,no,,,,,,,
01590090,Jute Growing,01,true,no,,,,,,,,,,no,,,,,,,,no,,,,,,,
01590095,Lavender Growing,01,true,no,,,,,,,,,,no,,,,,,,,no,,,,,,,
01590105,Lucerne Growing,01,true,no,,,,,,,,,,no,,,,,,,,no,,,,,,,
01590110,Mustard Growing,01,true,no,,,,,,,,,,no,,,,,,,,no,,,,,,,
01590115,Pasture Growing For Hay Or Silage,01,true,no,,,,,,,,,,no,,,,,,,,no,,,,,,,
01590120,Peanut Growing,01,true,no,,,,,,,,,,no,,,,,,,,no,,,,,,,
01590125,Pharmaceutical/cosmetic Plant Growing,01,true,no,,,,,,,,,,no,,,,,,,,no,,,,,,,
01590135,Ramie Growing,01,true,no,,,,,,,,,,no,,,,,,,,no,,,,,,,
01590145,Silage Production,01,true,no,,,,,,,,,,no,,,,,,,,no,,,,,,,
01590155,Sudan Grass Growing,01,true,no,,,,,,,,,,no,,,,,,,,no,,,,,,,
01590160,Tea Growing,01,true,no,,,,,,,,,,no,,,,,,,,no,,,,,,,
01590175,Tobacco Farming Or Growing,01,true,no,,,,,,,,,,no,,,,,,,,no,,,,,,,
01590195,Vegetable Growing For Fodder,01,true,no,,,,,,,,,,no,,,,,,,,no,,,,,,,
01600010,Dairy Cattle Farming,01,true,no,,,,,,,,,,no,,,,,,,,no,,,,,,,
01600020,Raw Cattle Milk Production,01,true,no,,,,,,,,,,no,,,,,,,,no,,,,,,,
01600035,Stud Dairy Cattle Breeding Or Farming,01,true,no,,,,,,,,,,no,,,,,,,,no,,,,,,,
01710010,Chicken Farming - For Meat,01,true,no,,,,,,,,,,no,,,,,,,,no,,,,,,,
01710020,Duck Farming For Meat,01,true,no,,,,,,,,,,no,,,,,,,,no,,,,,,,
01710030,Game Bird Farming For Meat,01,true,no,,,,,,,,,,no,,,,,,,,no,,,,,,,
01710045,Goose Farming For Meat,01,true,no,,,,,,,,,,no,,,,,,,,no,,,,,,,
01710055,Poultry Farming For Meat,01,true,no,,,,,,,,,,no,,,,,,,,no,,,,,,,
01710065,Turkey Farming For Meat,01,true,no,,,,,,,,,,no,,,,,,,,no,,,,,,,
01720010,Duck Farming For Eggs,01,true,no,,,,,,,,,,no,,,,,,,,no,,,,,,,
01720015,Egg Farm Operation,01,true,no,,,,,,,,,,no,,,,,,,,no,,,,,,,
01720025,Game Bird Farming For Eggs,01,true,no,,,,,,,,,,no,,,,,,,,no,,,,,,,
01720040,Goose Farming For Eggs,01,true,no,,,,,,,,,,no,,,,,,,,no,,,,,,,
01720050,Poultry Farming For Eggs,01,true,no,,,,,,,,,,no,,,,,,,,no,,,,,,,
01720055,Poultry Hatchery Operation - Egg Breeds,01,true,no,,,,,,,,,,no,,,,,,,,no,,,,,,,
01720060,Turkey Farming For Eggs,01,true,no,,,,,,,,,,no,,,,,,,,no,,,,,,,
01800010,Deer Farming,01,true,no,,,,,,,,,,no,,,,,,,,no,,,,,,,
01800020,Deer Velvet Production,01,true,no,,,,,,,,,,no,,,,,,,,no,,,,,,,
01910015,Horse Agistment Service,01,true,no,,,,,,,,,,no,,,,,,,,no,,,,,,,
01910025,Horse Farming,01,true,no,,,,,,,,,,no,,,,,,,,no,,,,,,,
01910030,Stud Farm Operation - Horse,01,true,no,,,,,,,,,,no,,,,,,,,no,,,,,,,
01920015,Pig Farming,01,true,no,,,,,,,,,,no,,,,,,,,no,,,,,,,
01930015,Beekeeping,01,true,no,,,,,,,,,,no,,,,,,,,no,,,,,,,
01990010,Alpaca Farming,01,true,no,,,,,,,,,,no,,,,,,,,no,,,,,,,
01990020,Bird Breeding (Except Poultry Or Game Birds),01,true,no,,,,,,,,,,no,,,,,,,,no,,,,,,,
01990025,Butterfly Breeding,01,true,no,,,,,,,,,,no,,,,,,,,no,,,,,,,
01990040,Cat Breeding,01,true,no,,,,,,,,,,no,,,,,,,,no,,,,,,,
01990050,Crocodile Farming,01,true,no,,,,,,,,,,no,,,,,,,,no,,,,,,,
01990060,Dog Breeding,01,true,no,,,,,,,,,,no,,,,,,,,no,,,,,,,
01990065,Emu Farming,01,true,no,,,,,,,,,,no,,,,,,,,no,,,,,,,
01990075,Fur Skin Animal Farming - Including Possum And Ferret,01,true,no,,,,,,,,,,no,,,,,,,,no,,,,,,,
01990090,Goat Farming,01,true,no,,,,,,,,,,no,,,,,,,,no,,,,,,,
01990095,Livestock Breeding (Except Beef Or Dairy Cattle Sheep Poultry Pigs Horses Or Deer),01,true,no,,,,,,,,,,no,,,,,,,,no,,,,,,,
01990100,Livestock Farming (Except Beef Or Dairy Cattle Sheep Poultry Pigs Horses Or Deer),01,true,no,,,,,,,,,,no,,,,,,,,no,,,,,,,
01990105,Livestock Raising (Except Beef Or Dairy Cattle Sheep Poultry Pigs Horses Or Deer),01,true,no,,,,,,,,,,no,,,,,,,,no,,,,,,,
01990125,Ostrich Farming Or Breeding,01,true,no,,,,,,,,,,no,,,,,,,,no,,,,,,,
01990130,Pet Breeding,01,true,no,,,,,,,,,,no,,,,,,,,no,,,,,,,
01990145,Rabbit Farming,01,true,no,,,,,,,,,,no,,,,,,,,no,,,,,,,
01990150,Raising Or Breeding Farm Or Domestic Animals (Except Beef Or Dairy Cattle Sheep Poultry Pigs Horses Or Deer),01,true,no,,,,,,,,,,no,,,,,,,,no,,,,,,,
01990155,Snake Farming,01,true,no,,,,,,,,,,no,,,,,,,,no,,,,,,,
02010005,Aquaculture (Except Onshore Or Caged Aquaculture),02,true,no,,,,,,,,,,no,,,,,,,,no,,,,,,,
02010035,Oyster Farming,02,true,no,,,,,,,,,,no,,,,,,,,no,,,,,,,
02010050,Pearl Oyster Farming,02,true,no,,,,,,,,,,no,,,,,,,,no,,,,,,,
02020005,Finfish Farming - Caged,02,true,no,,,,,,,,,,no,,,,,,,,no,,,,,,,
02020006,Fish Farm (Offshore),02,true,no,,,,,,,,,,no,,,,,,,,no,,,,,,,
02020010,Salmon Breeding Or Farming - Caged,02,true,no,,,,,,,,,,no,,,,,,,,no,,,,,,,
02020020,Trout Farming - Caged,02,true,no,,,,,,,,,,no,,,,,,,,no,,,,,,,
02020025,Tuna Farming - Caged,02,true,no,,,,,,,,,,no,,,,,,,,no,,,,,,,
02030015,Crustaceans Or Molluscs Breeding Or Farming (Pond Or Tank),02,true,no,,,,,,,,,,no,,,,,,,,no,,,,,,,
02030020,Fish Breeding Or Farming (Pond Or Tank),02,true,no,,,,,,,,,,no,,,,,,,,no,,,,,,,
02030025,Fish Hatchery Operation,02,true,no,,,,,,,,,,no,,,,,,,,no,,,,,,,
02030065,Salmon Farming (Pond Or Tank),02,true,no,,,,,,,,,,no,,,,,,,,no,,,,,,,
02030080,Trout Breeding Or Farming (Pond Or Tank),02,true,no,,,,,,,,,,no,,,,,,,,no,,,,,,,
02030095,Yabbie Farming (Pond Or Tank),02,true,no,,,,,,,,,,no,,,,,,,,no,,,,,,,
03010020,Forest Product Gathering,03,true,no,,,,,,,,,,no,,,,,,,,no,,,,,,,
03010030,Forestry Operation,03,true,no,,,,,,,,,,no,,,,,,,,no,,,,,,,
03010055,Kauri Gum Digging,03,true,no,,,,,,,,,,no,,,,,,,,no,,,,,,,
03010075,Pine Cone Collecting,03,true,no,,,,,,,,,,no,,,,,,,,no,,,,,,,
03010085,Pine Plantation Operation,03,true,no,,,,,,,,,,no,,,,,,,,no,,,,,,,
03010090,Plantation - Forestry,03,true,no,,,,,,,,,,no,,,,,,,,no,,,,,,,
03010110,Resin Gathering,03,true,no,,,,,,,,,,no,,,,,,,,no,,,,,,,
03010125,Sphagnum Moss Gathering,03,true,no,,,,,,,,,,no,,,,,,,,no,,,,,,,
03020025,Firewood Cutting - Forest,03,true,no,,,,,,,,,,no,,,,,,,,no,,,,,,,
03020040,Forest Or Bush Pulpwood Cutting,03,true,no,,,,,,,,,,no,,,,,,,,no,,,,,,,
03020100,Mine Timber Hewing - Forest,03,true,no,,,,,,,,,,no,,,,,,,,no,,,,,,,
03020125,Pole Hewing - Forest,03,true,no,,,,,,,,,,no,,,,,,,,no,,,,,,,
03020140,Railway Sleeper Hewing,03,true,no,,,,,,,,,,no,,,,,,,,no,,,,,,,
03020160,Rough Shaping Of Forest Timber,03,true,no,,,,,,,,,,no,,,,,,,,no,,,,,,,
03020195,Timber Hewing - Forest,03,true,no,,,,,,,,,,no,,,,,,,,no,,,,,,,
03020200,Tree Cutting Or Felling,03,true,no,,,,,,,,,,no,,,,,,,,no,,,,,,,
03020245,"Wood And Timber Product Felling, Logging, Cutting And Hewing",03,true,no,,,,,,,,,,no,,,,,,,,no,,,,,,,
04110010,Crayfish Potting Marine Or Coastal,04,true,no,,,,,,,,,,no,,,,,,,,no,,,,,,,
04110015,Rock Lobster Fishing And Processing Aboard Vessel At Sea,04,true,no,,,,,,,,,,no,,,,,,,,no,,,,,,,
04110025,Rock Lobster Fishing Marine Or Coastal,04,true,no,,,,,,,,,,no,,,,,,,,no,,,,,,,
04110050,"Lobster, Crab Or Crayfish Fishing Or Potting",04,true,no,,,,,,,,,,no,,,,,,,,no,,,,,,,
04120005,Prawn Fishing,04,true,no,,,,,,,,,,no,,,,,,,,no,,,,,,,
04120010,Prawn Fishing And Processing Aboard Vessel At Sea,04,true,no,,,,,,,,,,no,,,,,,,,no,,,,,,,
04120015,Scampi Fishing,04,true,no,,,,,,,,,,no,,,,,,,,no,,,,,,,
04130040,Squid Jigging,04,true,no,,,,,,,,,,no,,,,,,,,no,,,,,,,
04130050,Commercial Line Fishing,04,true,no,,,,,,,,,,no,,,,,,,,no,,,,,,,
04140065,Finfish Trawling,04,true,no,,,,,,,,,,no,,,,,,,,no,,,,,,,
04140125,Commercial Net Fishing Or Trawling,04,true,no,,,,,,,,,,no,,,,,,,,no,,,,,,,
04190005,Abalone Fishing,04,true,no,,,,,,,,,,no,,,,,,,,no,,,,,,,
04190045,Freshwater Fishing,04,true,no,,,,,,,,,,no,,,,,,,,no,,,,,,,
04190090,Ocean Or Coastal Water Fishery Products Gathering (Except Abalone Fishing),04,true,no,,,,,,,,,,no,,,,,,,,no,,,,,,,
04190105,Oyster Fishing (Except From Cultivated Oyster Beds),04,true,no,,,,,,,,,,no,,,,,,,,no,,,,,,,
04190115,Pearling (Except Pearl Oyster Farming),04,true,no,,,,,,,,,,no,,,,,,,,no,,,,,,,
04190140,Seaweed - Algae - Collecting Or Harvesting,04,true,no,,,,,,,,,,no,,,,,,,,no,,,,,,,
04190170,Turtle Hunting,04,true,no,,,,,,,,,,no,,,,,,,,no,,,,,,,
04200020,Bird Trapping,04,true,no,,,,,,,,,,no,,,,,,,,no,,,,,,,
04200025,Buffalo Hunting,04,true,no,,,,,,,,,,no,,,,,,,,no,,,,,,,
04200035,Crocodile Hunting,04,true,no,,,,,,,,,,no,,,,,,,,no,,,,,,,
04200045,Culling Of Wild Animals,04,true,no,,,,,,,,,,no,,,,,,,,no,,,,,,,
04200065,Dingo Hunting Or Trapping,04,true,no,,,,,,,,,,no,,,,,,,,no,,,,,,,
04200070,Fur Skin Animal Hunting Or Trapping,04,true,no,,,,,,,,,,no,,,,,,,,no,,,,,,,
04200090,Hunting Or Trapping Animals Birds Or Reptiles,04,true,no,,,,,,,,,,no,,,,,,,,no,,,,,,,
04200095,Kangaroo Hunting,04,true,no,,,,,,,,,,no,,,,,,,,no,,,,,,,
04200105,Mutton Bird Catching,04,true,no,,,,,,,,,,no,,,,,,,,no,,,,,,,
04200135,Possum Hunting And Trapping,04,true,no,,,,,,,,,,no,,,,,,,,no,,,,,,,
04200145,Rabbit Hunting Or Trapping,04,true,no,,,,,,,,,,no,,,,,,,,no,,,,,,,
04200160,Snake Catching,04,true,no,,,,,,,,,,no,,,,,,,,no,,,,,,,
05100015,Forest Conservation Service,05,true,no,,,,,,,,,,no,,,,,,,,no,,,,,,,
05100035,Forest Nursery Operation Or Service,05,true,no,,,,,,,,,,no,,,,,,,,no,,,,,,,
05100045,Forest Pest Control Service (Except Aerial Or Wild Animal Control),05,true,no,,,,,,,,,,no,,,,,,,,no,,,,,,,
05100055,Forest Planting,05,true,no,,,,,,,,,,no,,,,,,,,no,,,,,,,
05100095,Forestry Service,05,true,no,,,,,,,,,,no,,,,,,,,no,,,,,,,
05100115,Reforestation Service,05,true,no,,,,,,,,,,no,,,,,,,,no,,,,,,,
05100130,Timber Plantation Maintenance,05,true,no,,,,,,,,,,no,,,,,,,,no,,,,,,,
05100135,Timber Tract Maintenance,05,true,no,,,,,,,,,,no,,,,,,,,no,,,,,,,
05100140,Tree Pruning - Forest,05,true,no,,,,,,,,,,no,,,,,,,,no,,,,,,,
05100145,Tree Thinning - Forest,05,true,no,,,,,,,,,,no,,,,,,,,no,,,,,,,
05210005,Cotton Ginning,05,true,no,,,,,,,,,,no,,,,,,,,no,,,,,,,
05220010,Goat Shearing,05,true,no,,,,,,,,,,no,,,,,,,,no,,,,,,,
05220020,Livestock Shearing Service,05,true,no,,,,,,,,,,no,,,,,,,,no,,,,,,,
05220025,Sheep Shearing,05,true,no,,,,,,,,,,no,,,,,,,,no,,,,,,,
05290005,Aerial Agricultural Service,05,true,no,,,,,,,,,,no,,,,,,,,no,,,,,,,
05290010,Aerial Crop Spraying Or Dusting,05,true,no,,,,,,,,,,no,,,,,,,,no,,,,,,,
05290020,Aerial Fertiliser Spreading Service,05,true,no,,,,,,,,,,no,,,,,,,,no,,,,,,,
05290035,Aerial Mustering,05,true,no,,,,,,,,,,no,,,,,,,,no,,,,,,,
05290050,Aerial Pest Control Or Baiting,05,true,no,,,,,,,,,,no,,,,,,,,no,,,,,,,
05290070,Aerial Topdressing,05,true,no,,,,,,,,,,no,,,,,,,,no,,,,,,,
05290080,Agricultural Contracting Service,05,true,no,,,,,,,,,,no,,,,,,,,no,,,,,,,
05290090,Agricultural Irrigation Service,05,true,no,,,,,,,,,,no,,,,,,,,no,,,,,,,
05290095,Agricultural Pedigree Record Service,05,true,no,,,,,,,,,,no,,,,,,,,no,,,,,,,
05290100,Agricultural Pest Control Service (Except Wild Animal Control),05,true,no,,,,,,,,,,no,,,,,,,,no,,,,,,,
05290126,Agistment Services,05,true,no,,,,,,,,,,no,,,,,,,,no,,,,,,,
05290130,Animal Branding Service,05,true,no,,,,,,,,,,no,,,,,,,,no,,,,,,,
05290135,Animal Husbandry Service,05,true,no,,,,,,,,,,no,,,,,,,,no,,,,,,,
05290145,Aquaculture Support Service,05,true,no,,,,,,,,,,no,,,,,,,,no,,,,,,,
05290155,Artificial Insemination Service,05,true,no,,,,,,,,,,no,,,,,,,,no,,,,,,,
05290190,Contract Milking Service,05,true,no,,,,,,,,,,no,,,,,,,,no,,,,,,,
05290195,Controlling Cane Pests And Diseases,05,true,no,,,,,,,,,,no,,,,,,,,no,,,,,,,
05290215,Crop Harvesting Service,05,true,no,,,,,,,,,,no,,,,,,,,no,,,,,,,
05290225,Crop Spraying (on land),05,true,no,,,,,,,,,,no,,,,,,,,no,,,,,,,
05290240,Dairy Herd Testing Service,05,true,no,,,,,,,,,,no,,,,,,,,no,,,,,,,
05290245,Deckhand For Fishing Industry - Self Employed,05,true,no,,,,,,,,,,no,,,,,,,,no,,,,,,,
05290250,Dog Training For Farm Work,05,true,no,,,,,,,,,,no,,,,,,,,no,,,,,,,
05290270,Farrier Service,05,true,no,,,,,,,,,,no,,,,,,,,no,,,,,,,
05290280,Fertiliser Spreading Service,05,true,no,,,,,,,,,,no,,,,,,,,no,,,,,,,
05290285,Fishing Support Service,05,true,no,,,,,,,,,,no,,,,,,,,no,,,,,,,
05290290,Fodder Cultivating Service,05,true,no,,,,,,,,,,no,,,,,,,,no,,,,,,,
05290295,Fodder Planting Service,05,true,no,,,,,,,,,,no,,,,,,,,no,,,,,,,
05290300,Fruit Grading Service,05,true,no,,,,,,,,,,no,,,,,,,,no,,,,,,,
05290305,Fruit Or Vegetable Picking,05,true,no,,,,,,,,,,no,,,,,,,,no,,,,,,,
05290310,Fruit Picking Service,05,true,no,,,,,,,,,,no,,,,,,,,no,,,,,,,
05290315,Fruit Sorting Service,05,true,no,,,,,,,,,,no,,,,,,,,no,,,,,,,
05290321,"Grain Cleaning, Sorting, Drying And Threshing",05,true,no,,,,,,,,,,no,,,,,,,,no,,,,,,,
05290325,Grain Cultivating Service,05,true,no,,,,,,,,,,no,,,,,,,,no,,,,,,,
05290340,Grain Planting Service,05,true,no,,,,,,,,,,no,,,,,,,,no,,,,,,,
05290375,Hay Or Silage Baling Or Pressing,05,true,no,,,,,,,,,,no,,,,,,,,no,,,,,,,
05290385,Horse Breaking Service,05,true,no,,,,,,,,,,no,,,,,,,,no,,,,,,,
05290390,Horse Massage Service,05,true,no,,,,,,,,,,no,,,,,,,,no,,,,,,,
05290401,Horticultural Services N.e.c.,05,true,no,,,,,,,,,,no,,,,,,,,no,,,,,,,
05290415,Labouring - Contract Farming,05,true,no,,,,,,,,,,no,,,,,,,,no,,,,,,,
05290430,Livestock Dipping,05,true,no,,,,,,,,,,no,,,,,,,,no,,,,,,,
05290440,Livestock Drafting Or Droving,05,true,no,,,,,,,,,,no,,,,,,,,no,,,,,,,
05290446,"Livestock Dipping, Crutching, Drafting Or Droving",05,true,no,,,,,,,,,,no,,,,,,,,no,,,,,,,
05290465,Livestock Improvement Service,05,true,no,,,,,,,,,,no,,,,,,,,no,,,,,,,
05290480,Milk Testing Service,05,true,no,,,,,,,,,,no,,,,,,,,no,,,,,,,
05290485,Mulesing Service,05,true,no,,,,,,,,,,no,,,,,,,,no,,,,,,,
05290495,Orchard Pruning Service,05,true,no,,,,,,,,,,no,,,,,,,,no,,,,,,,
05290500,Pasture Cultivating Service,05,true,no,,,,,,,,,,no,,,,,,,,no,,,,,,,
05290505,Pasture Planting Service,05,true,no,,,,,,,,,,no,,,,,,,,no,,,,,,,
05290510,Ploughing Service,05,true,no,,,,,,,,,,no,,,,,,,,no,,,,,,,
05290515,Rural Soil Conservation Service,05,true,no,,,,,,,,,,no,,,,,,,,no,,,,,,,
05290520,Seed Cleaning Or Grading Service,05,true,no,,,,,,,,,,no,,,,,,,,no,,,,,,,
05290540,Sheep Crutching Service,05,true,no,,,,,,,,,,no,,,,,,,,no,,,,,,,
05290545,Sheep Dagging Service,05,true,no,,,,,,,,,,no,,,,,,,,no,,,,,,,
05290595,Sugar Cane Harvesting,05,true,no,,,,,,,,,,no,,,,,,,,no,,,,,,,
05290600,Tailing Service,05,true,no,,,,,,,,,,no,,,,,,,,no,,,,,,,
05290605,Topdressing Service,05,true,no,,,,,,,,,,no,,,,,,,,no,,,,,,,
05290610,Vegetable Grading Service,05,true,no,,,,,,,,,,no,,,,,,,,no,,,,,,,
05290615,Vegetable Picking Service,05,true,no,,,,,,,,,,no,,,,,,,,no,,,,,,,
05290620,Vegetable Planting Service,05,true,no,,,,,,,,,,no,,,,,,,,no,,,,,,,
05290625,Vegetable Sorting Service,05,true,no,,,,,,,,,,no,,,,,,,,no,,,,,,,
05290630,Wool Classing,05,true,no,,,,,,,,,,no,,,,,,,,no,,,,,,,
05290635,Wool Grading Service,05,true,no,,,,,,,,,,no,,,,,,,,no,,,,,,,
05290640,Wool Reclassing Or Bulk Classing Service,05,true,no,,,,,,,,,,no,,,,,,,,no,,,,,,,
05290645,Wool Regrading Or Bulk Grading Service,05,true,no,,,,,,,,,,no,,,,,,,,no,,,,,,,
05290650,Land Clearing - Bush or Rural,05,true,no,,,,,,,,,,no,,,,,,,,no,,,,,,,
06000035,Black Coal Mining,06,true,no,,,,,,,,,,no,,,,,,,,no,,,,,,,
06000065,Brown Coal Mining,06,true,no,,,,,,,,,,no,,,,,,,,no,,,,,,,
06000070,Lignite Mining,06,true,no,,,,,,,,,,no,,,,,,,,no,,,,,,,
06000085,Peat Mining,06,true,no,,,,,,,,,,no,,,,,,,,no,,,,,,,
06000090,Coal Mining And Allied Operations,06,true,no,,,,,,,,,,no,,,,,,,,no,,,,,,,
06000095,Coal Mine - Open Cut,06,true,no,,,,,,,,,,no,,,,,,,,no,,,,,,,
06000100,Coal Mining - Underground,06,true,no,,,,,,,,,,no,,,,,,,,no,,,,,,,
07000035,Natural Gas Extraction,07,true,no,,,,,,,,,,no,,,,,,,,no,,,,,,,
07000045,Oil And Gas Extraction,07,true,no,,,,,,,,,,no,,,,,,,,no,,,,,,,
07000060,Petroleum Gas Extraction,07,true,no,,,,,,,,,,no,,,,,,,,no,,,,,,,
08010015,Iron Ore Dressing Or Beneficiating,08,true,no,,,,,,,,,,no,,,,,,,,no,,,,,,,
08010020,Iron Ore Mining,08,true,no,,,,,,,,,,no,,,,,,,,no,,,,,,,
08010035,Iron Sand Mining,08,true,no,,,,,,,,,,no,,,,,,,,no,,,,,,,
08020005,Aluminium Ore Mining,08,true,no,,,,,,,,,,no,,,,,,,,no,,,,,,,
08020015,Bauxite Mining,08,true,no,,,,,,,,,,no,,,,,,,,no,,,,,,,
08030015,Copper Ore Leaching,08,true,no,,,,,,,,,,no,,,,,,,,no,,,,,,,
08030020,Copper Ore Mining,08,true,no,,,,,,,,,,no,,,,,,,,no,,,,,,,
08030040,Electro Won Copper Production,08,true,no,,,,,,,,,,no,,,,,,,,no,,,,,,,
08040005,Alluvial Gold Mining,08,true,no,,,,,,,,,,no,,,,,,,,no,,,,,,,
08040015,Gold Bullion Production,08,true,no,,,,,,,,,,no,,,,,,,,no,,,,,,,
08040020,Gold Dredging,08,true,no,,,,,,,,,,no,,,,,,,,no,,,,,,,
08040025,Gold Mining,08,true,no,,,,,,,,,,no,,,,,,,,no,,,,,,,
08040035,Gold Ore Roasting And Flotation Extraction Including Metallurgical Hydro-extraction,08,true,no,,,,,,,,,,no,,,,,,,,no,,,,,,,
08040050,Gold Washing Or Sluicing,08,true,no,,,,,,,,,,no,,,,,,,,no,,,,,,,
08040055,Reworking Of Mullock Heaps Or Tailings For Gold,08,true,no,,,,,,,,,,no,,,,,,,,no,,,,,,,
08050010,Ilmenite Sand Mining,08,true,no,,,,,,,,,,no,,,,,,,,no,,,,,,,
08050015,Leucoxene Sand Mining,08,true,no,,,,,,,,,,no,,,,,,,,no,,,,,,,
08050020,Mineral Sand Mining (Except Iron Sand),08,true,no,,,,,,,,,,no,,,,,,,,no,,,,,,,
08050030,Monazite Sand Mining,08,true,no,,,,,,,,,,no,,,,,,,,no,,,,,,,
08050035,Rutile Sand Mining,08,true,no,,,,,,,,,,no,,,,,,,,no,,,,,,,
08050040,Synthetic Rutile Production,08,true,no,,,,,,,,,,no,,,,,,,,no,,,,,,,
08050045,Titanium Ores Mining,08,true,no,,,,,,,,,,no,,,,,,,,no,,,,,,,
08050050,Zircon Sand Mining,08,true,no,,,,,,,,,,no,,,,,,,,no,,,,,,,
08060010,Nickel Ore Mining,08,true,no,,,,,,,,,,no,,,,,,,,no,,,,,,,
08070035,Silver-lead-zinc Ore Mining,08,true,no,,,,,,,,,,no,,,,,,,,no,,,,,,,
08090010,Antimony Ore Mining,08,true,no,,,,,,,,,,no,,,,,,,,no,,,,,,,
08090015,Beryllium Ore Mining,08,true,no,,,,,,,,,,no,,,,,,,,no,,,,,,,
08090020,Bismuth Ore Mining,08,true,no,,,,,,,,,,no,,,,,,,,no,,,,,,,
08090030,Chromium Ores Mining,08,true,no,,,,,,,,,,no,,,,,,,,no,,,,,,,
08090040,Cobalt Ores Mining,08,true,no,,,,,,,,,,no,,,,,,,,no,,,,,,,
08090050,Iridium Ores Mining,08,true,no,,,,,,,,,,no,,,,,,,,no,,,,,,,
08090055,Iron Pyrite Mining,08,true,no,,,,,,,,,,no,,,,,,,,no,,,,,,,
08090060,Manganese Ore Mining,08,true,no,,,,,,,,,,no,,,,,,,,no,,,,,,,
08090065,Mercury Ores Mining,08,true,no,,,,,,,,,,no,,,,,,,,no,,,,,,,
08090070,Molybdenite Mining,08,true,no,,,,,,,,,,no,,,,,,,,no,,,,,,,
08090080,Osmium Ores Mining,08,true,no,,,,,,,,,,no,,,,,,,,no,,,,,,,
08090081,Metal Ore Mining N.e.c.,08,true,no,,,,,,,,,,no,,,,,,,,no,,,,,,,
08090085,Platinum Group Metal Mining,08,true,no,,,,,,,,,,no,,,,,,,,no,,,,,,,
08090090,Platinum Ore Mining,08,true,no,,,,,,,,,,no,,,,,,,,no,,,,,,,
08090110,Stannite Mining,08,true,no,,,,,,,,,,no,,,,,,,,no,,,,,,,
08090115,Tantalite - Columbite Ores Mining,08,true,no,,,,,,,,,,no,,,,,,,,no,,,,,,,
08090120,Tantalite Mining,08,true,no,,,,,,,,,,no,,,,,,,,no,,,,,,,
08090140,Tin Ore Mining,08,true,no,,,,,,,,,,no,,,,,,,,no,,,,,,,
08090150,Tungsten Ore Mining,08,true,no,,,,,,,,,,no,,,,,,,,no,,,,,,,
08090155,Uranium Ore Mining,08,true,no,,,,,,,,,,no,,,,,,,,no,,,,,,,
08090170,Vanadium Mining,08,true,no,,,,,,,,,,no,,,,,,,,no,,,,,,,
09110003,Gravel pit,09,true,no,,,,,,,,,,no,,,,,,,,no,,,,,,,
09110004,Mining - Construction Material,09,true,no,,,,,,,,,,no,,,,,,,,no,,,,,,,
09110010,Pebble Quarrying,09,true,no,,,,,,,,,,no,,,,,,,,no,,,,,,,
09110021,Quarrying,09,true,no,,,,,,,,,,no,,,,,,,,no,,,,,,,
09110040,Rock Ornamental Gathering,09,true,no,,,,,,,,,,no,,,,,,,,no,,,,,,,
09110060,Sand Washing Or Screening,09,true,no,,,,,,,,,,no,,,,,,,,no,,,,,,,
09190005,Aggregate Quarrying,09,true,no,,,,,,,,,,no,,,,,,,,no,,,,,,,
09190030,Bentonite Quarrying,09,true,no,,,,,,,,,,no,,,,,,,,no,,,,,,,
09190050,Building Stone Quarrying,09,true,no,,,,,,,,,,no,,,,,,,,no,,,,,,,
09190055,Cement Clay Quarrying,09,true,no,,,,,,,,,,no,,,,,,,,no,,,,,,,
09190070,Chalk Quarrying,09,true,no,,,,,,,,,,no,,,,,,,,no,,,,,,,
09190080,Clay Quarrying,09,true,no,,,,,,,,,,no,,,,,,,,no,,,,,,,
09190085,Construction Material Crushing Or Screening (Except Sand Or Gravel),09,true,no,,,,,,,,,,no,,,,,,,,no,,,,,,,
09190105,Dimension Stone Quarrying,09,true,no,,,,,,,,,,no,,,,,,,,no,,,,,,,
09190120,Earth Soil Or Filling Quarrying,09,true,no,,,,,,,,,,no,,,,,,,,no,,,,,,,
09190135,Fullers Earth Quarrying,09,true,no,,,,,,,,,,no,,,,,,,,no,,,,,,,
09190140,Granite Quarrying,09,true,no,,,,,,,,,,no,,,,,,,,no,,,,,,,
09190160,Limestone Quarrying,09,true,no,,,,,,,,,,no,,,,,,,,no,,,,,,,
09190170,Marble Quarrying,09,true,no,,,,,,,,,,no,,,,,,,,no,,,,,,,
09190210,Road Fill Quarrying,09,true,no,,,,,,,,,,no,,,,,,,,no,,,,,,,
09190225,Sandstone Quarrying,09,true,no,,,,,,,,,,no,,,,,,,,no,,,,,,,
09190255,Slate Quarrying,09,true,no,,,,,,,,,,no,,,,,,,,no,,,,,,,
09190290,Stone Quarrying,09,true,no,,,,,,,,,,no,,,,,,,,no,,,,,,,
09190310,Tile Clay Quarrying,09,true,no,,,,,,,,,,no,,,,,,,,no,,,,,,,
09190325,Stone Quarrying Processing,09,true,no,,,,,,,,,,no,,,,,,,,no,,,,,,,
09190330,Clay Quarrying Processing,09,true,no,,,,,,,,,,no,,,,,,,,no,,,,,,,
09190335,"Stone Cutting, Dressing, Polishing",09,true,no,,,,,,,,,,no,,,,,,,,no,,,,,,,
09190340,"Sand Soil And Gravel Quarrying, Dredging And Associated Services",09,true,no,,,,,,,,,,no,,,,,,,,no,,,,,,,
09900005,Abrasives Mining,09,true,no,,,,,,,,,,no,,,,,,,,no,,,,,,,
09900010,Alabaster Mining,09,true,no,,,,,,,,,,no,,,,,,,,no,,,,,,,
09900015,Alum Mining,09,true,no,,,,,,,,,,no,,,,,,,,no,,,,,,,
09900020,Alunite Mining,09,true,no,,,,,,,,,,no,,,,,,,,no,,,,,,,
09900025,Asbestos Mining,09,true,no,,,,,,,,,,no,,,,,,,,no,,,,,,,
09900030,Barite Mining,09,true,no,,,,,,,,,,no,,,,,,,,no,,,,,,,
09900035,Chrysoprase Mining,09,true,no,,,,,,,,,,no,,,,,,,,no,,,,,,,
09900040,Crude Potassium Mining,09,true,no,,,,,,,,,,no,,,,,,,,no,,,,,,,
09900045,Diamond Mining,09,true,no,,,,,,,,,,no,,,,,,,,no,,,,,,,
09900046,Diatomite Mining,09,true,no,,,,,,,,,,no,,,,,,,,no,,,,,,,
09900050,Dolomite Mining Or Quarrying (Except For Construction Purposes),09,true,no,,,,,,,,,,no,,,,,,,,no,,,,,,,
09900060,Felspar Quarrying,09,true,no,,,,,,,,,,no,,,,,,,,no,,,,,,,
09900065,Flint Quarrying,09,true,no,,,,,,,,,,no,,,,,,,,no,,,,,,,
09900070,Fluorspar Mining,09,true,no,,,,,,,,,,no,,,,,,,,no,,,,,,,
09900075,Gemstone Mining,09,true,no,,,,,,,,,,no,,,,,,,,no,,,,,,,
09900080,Glauconite Mining,09,true,no,,,,,,,,,,no,,,,,,,,no,,,,,,,
09900085,Graphite Mining,09,true,no,,,,,,,,,,no,,,,,,,,no,,,,,,,
09900090,Green Sand Mining,09,true,no,,,,,,,,,,no,,,,,,,,no,,,,,,,
09900095,Gypsum Mining,09,true,no,,,,,,,,,,no,,,,,,,,no,,,,,,,
09900100,Horticultural Peat Extraction,09,true,no,,,,,,,,,,no,,,,,,,,no,,,,,,,
09900105,Jade Mining,09,true,no,,,,,,,,,,no,,,,,,,,no,,,,,,,
09900110,Kyanite Mining,09,true,no,,,,,,,,,,no,,,,,,,,no,,,,,,,
09900115,Lithium Mineral Mining,09,true,no,,,,,,,,,,no,,,,,,,,no,,,,,,,
09900125,Magnesite Mining,09,true,no,,,,,,,,,,no,,,,,,,,no,,,,,,,
09900130,Mica Mining,09,true,no,,,,,,,,,,no,,,,,,,,no,,,,,,,
09900135,Mineral Pigment Mining (Except Construction Materials),09,true,no,,,,,,,,,,no,,,,,,,,no,,,,,,,
09900140,Ochre Mining,09,true,no,,,,,,,,,,no,,,,,,,,no,,,,,,,
09900145,Opal Mining,09,true,no,,,,,,,,,,no,,,,,,,,no,,,,,,,
09900150,Peat Moss Cutting,09,true,no,,,,,,,,,,no,,,,,,,,no,,,,,,,
09900155,Perlite Mining,09,true,no,,,,,,,,,,no,,,,,,,,no,,,,,,,
09900160,Phosphate Rock Mining,09,true,no,,,,,,,,,,no,,,,,,,,no,,,,,,,
09900165,Plumbago Mining,09,true,no,,,,,,,,,,no,,,,,,,,no,,,,,,,
09900170,Potash Mining,09,true,no,,,,,,,,,,no,,,,,,,,no,,,,,,,
09900180,Pumice Quarrying,09,true,no,,,,,,,,,,no,,,,,,,,no,,,,,,,
09900185,Pyritic Ores Mining,09,true,no,,,,,,,,,,no,,,,,,,,no,,,,,,,
09900190,Pyrophillite Mining,09,true,no,,,,,,,,,,no,,,,,,,,no,,,,,,,
09900195,Quartz Quarrying (Except Construction Materials),09,true,no,,,,,,,,,,no,,,,,,,,no,,,,,,,
09900245,Saltpetre Mining,09,true,no,,,,,,,,,,no,,,,,,,,no,,,,,,,
09900270,Shellgrit Quarrying,09,true,no,,,,,,,,,,no,,,,,,,,no,,,,,,,
09900275,Silica Mining For Industrial Purposes,09,true,no,,,,,,,,,,no,,,,,,,,no,,,,,,,
09900280,Silica Quarrying For Industrial Purposes,09,true,no,,,,,,,,,,no,,,,,,,,no,,,,,,,
09900290,Soapstone Quarrying,09,true,no,,,,,,,,,,no,,,,,,,,no,,,,,,,
09900295,Soda Ash Mining,09,true,no,,,,,,,,,,no,,,,,,,,no,,,,,,,
09900300,Steatite Mining,09,true,no,,,,,,,,,,no,,,,,,,,no,,,,,,,
09900305,Sulphur Mining,09,true,no,,,,,,,,,,no,,,,,,,,no,,,,,,,
09900310,Talc Quarrying,09,true,no,,,,,,,,,,no,,,,,,,,no,,,,,,,
09900315,Vermiculite Mining,09,true,no,,,,,,,,,,no,,,,,,,,no,,,,,,,
09900320,Zeolite Mining,09,true,no,,,,,,,,,,no,,,,,,,,no,,,,,,,
09900325,"Salt Mining, Extraction And Processing",09,true,no,,,,,,,,,,no,,,,,,,,no,,,,,,,
10110005,Coal Seam Methane Exploration,10,true,no,,,,,,,,,,no,,,,,,,,no,,,,,,,
10110006,Contract Exploration For Petroleum Or Oil,10,true,no,,,,,,,,,,no,,,,,,,,no,,,,,,,
10110007,Contract Exploration For Natural Gas,10,true,no,,,,,,,,,,no,,,,,,,,no,,,,,,,
10110010,Crude Oil Exploration,10,true,no,,,,,,,,,,no,,,,,,,,no,,,,,,,
10110025,Natural Gas Exploration,10,true,no,,,,,,,,,,no,,,,,,,,no,,,,,,,
10120005,Mineral Exploration (Except Crude Petroleum Or Natural Gas),10,true,no,,,,,,,,,,no,,,,,,,,no,,,,,,,
10120006,Mineral Exploration Or Prospecting On Contract Basis,10,true,no,,,,,,,,,,no,,,,,,,,no,,,,,,,
10900005,Cementing Oil And Gas Well Castings,10,true,no,,,,,,,,,,no,,,,,,,,no,,,,,,,
10900010,Directional Drilling And Redrilling,10,true,no,,,,,,,,,,no,,,,,,,,no,,,,,,,
10900015,Drilling And Blasting Services To Mines And Quarries,10,true,no,,,,,,,,,,no,,,,,,,,no,,,,,,,
10900021,Drilling Contractor- Soil Testing,10,true,no,,,,,,,,,,no,,,,,,,,no,,,,,,,
10900022,Drilling Contractor - Water Location,10,true,no,,,,,,,,,,no,,,,,,,,no,,,,,,,
10900025,Gas Mine Site Preparation,10,true,no,,,,,,,,,,no,,,,,,,,no,,,,,,,
10900030,Mining Draining And Pumping Service,10,true,no,,,,,,,,,,no,,,,,,,,no,,,,,,,
10900035,Mining Technician Contracting Services,10,true,no,,,,,,,,,,no,,,,,,,,no,,,,,,,
10900040,Oil And Gas Field Support Service,10,true,no,,,,,,,,,,no,,,,,,,,no,,,,,,,
10900045,Oil Mine Site Preparation,10,true,no,,,,,,,,,,no,,,,,,,,no,,,,,,,
10900050,Oil And Gas Exploration,10,true,no,,,,,,,,,,no,,,,,,,,no,,,,,,,
11110005,Abattoir Operation (Except Poultry Slaughter House),11,true,no,,,,,,,,,,no,,,,,,,,no,,,,,,,
11110010,Animal Glands Packing And Freezing,11,true,no,,,,,,,,,,no,,,,,,,,no,,,,,,,
11110015,Animal Meat Packing And Freezing (Except Poultry),11,true,no,,,,,,,,,,no,,,,,,,,no,,,,,,,
11110020,Animal Oil Or Fat Unrefined Manufacturing,11,true,no,,,,,,,,,,no,,,,,,,,no,,,,,,,
11110035,Bungs Caps Or Weasands Manufacturing,11,true,no,,,,,,,,,,no,,,,,,,,no,,,,,,,
11110040,Canned Meat Manufacturing (Except Bacon Or Ham),11,true,no,,,,,,,,,,no,,,,,,,,no,,,,,,,
11110045,Canned Mixed Meat Manufacturing,11,true,no,,,,,,,,,,no,,,,,,,,no,,,,,,,
11110050,Canned Sausage Manufacturing (Except Poultry),11,true,no,,,,,,,,,,no,,,,,,,,no,,,,,,,
11110060,Contract Cutting And Packaging Of Meat,11,true,no,,,,,,,,,,no,,,,,,,,no,,,,,,,
11110070,Farm Butcher Service,11,true,no,,,,,,,,,,no,,,,,,,,no,,,,,,,
11110075,Freezing Of Meat (Except Poultry),11,true,no,,,,,,,,,,no,,,,,,,,no,,,,,,,
11110085,Frozen Beefburger Manufacturing (Except Precooked),11,true,no,,,,,,,,,,no,,,,,,,,no,,,,,,,
11110095,Frozen Meat Manufacturing (Except Poultry),11,true,no,,,,,,,,,,no,,,,,,,,no,,,,,,,
11110100,Hand Or Machine Split Gut Materials Manufacturing For Further Processing,11,true,no,,,,,,,,,,no,,,,,,,,no,,,,,,,
11110105,Kangaroo Or Wallaby Meat Manufacturing,11,true,no,,,,,,,,,,no,,,,,,,,no,,,,,,,
11110110,Knackery Operation,11,true,no,,,,,,,,,,no,,,,,,,,no,,,,,,,
11110115,Lamb Meat Processing,11,true,no,,,,,,,,,,no,,,,,,,,no,,,,,,,
11110130,Liver Meal Manufacturing (Except Poultry),11,true,no,,,,,,,,,,no,,,,,,,,no,,,,,,,
11110135,Livestock Slaughtering/processing - Including Freezing,11,true,no,,,,,,,,,,no,,,,,,,,no,,,,,,,
11110140,Meals Manufacturing - From Abattoir By-products (Except Poultry),11,true,no,,,,,,,,,,no,,,,,,,,no,,,,,,,
11110145,Meat Boning (Except Poultry),11,true,no,,,,,,,,,,no,,,,,,,,no,,,,,,,
11110150,Meat Extract Or Essence Manufacturing,11,true,no,,,,,,,,,,no,,,,,,,,no,,,,,,,
11110155,Meat Manufacturing (Except Bacon Ham Or Poultry),11,true,no,,,,,,,,,,no,,,,,,,,no,,,,,,,
11110160,Meat Or Bone Meal Manufacturing (Except Fish Poultry Or Whale Meal),11,true,no,,,,,,,,,,no,,,,,,,,no,,,,,,,
11110165,Meat Packing (Except Poultry),11,true,no,,,,,,,,,,no,,,,,,,,no,,,,,,,
11110170,Meat Canned Manufacturing (Except Poultry Bacon Ham And Corned Meat),11,true,no,,,,,,,,,,no,,,,,,,,no,,,,,,,
11110175,Meat Dehydrated Manufacturing (Except Poultry),11,true,no,,,,,,,,,,no,,,,,,,,no,,,,,,,
11110180,Meat Frozen Manufacturing (Except Poultry),11,true,no,,,,,,,,,,no,,,,,,,,no,,,,,,,
11110185,Partly Processed Surgical Gut Manufacturing,11,true,no,,,,,,,,,,no,,,,,,,,no,,,,,,,
11110195,Preserving Or Packing Meat (Except Poultry),11,true,no,,,,,,,,,,no,,,,,,,,no,,,,,,,
11110200,Rabbit Meat Manufacturing,11,true,no,,,,,,,,,,no,,,,,,,,no,,,,,,,
11110210,Sausage Skins Of Animal Origin Manufacturing,11,true,no,,,,,,,,,,no,,,,,,,,no,,,,,,,
11110215,Slaughtering Animals (Except Poultry),11,true,no,,,,,,,,,,no,,,,,,,,no,,,,,,,
11110225,Tripe Manufacturing,11,true,no,,,,,,,,,,no,,,,,,,,no,,,,,,,
11120005,Canned Poultry Meat Manufacturing,11,true,no,,,,,,,,,,no,,,,,,,,no,,,,,,,
11120015,Cooked Poultry Meat Manufacturing,11,true,no,,,,,,,,,,no,,,,,,,,no,,,,,,,
11120025,Dehydrated Poultry Meat Manufacturing,11,true,no,,,,,,,,,,no,,,,,,,,no,,,,,,,
11120035,Freezing Of Poultry,11,true,no,,,,,,,,,,no,,,,,,,,no,,,,,,,
11120045,Frozen Poultry Manufacturing,11,true,no,,,,,,,,,,no,,,,,,,,no,,,,,,,
11120050,Game Bird Slaughtering - E.g. Pheasant Quail,11,true,no,,,,,,,,,,no,,,,,,,,no,,,,,,,
11120055,Packing Of Poultry,11,true,no,,,,,,,,,,no,,,,,,,,no,,,,,,,
11120060,Poultry Abattoir Operation,11,true,no,,,,,,,,,,no,,,,,,,,no,,,,,,,
11120065,Poultry Croquette Manufacturing,11,true,no,,,,,,,,,,no,,,,,,,,no,,,,,,,
11120070,Poultry Liver Meal Manufacturing,11,true,no,,,,,,,,,,no,,,,,,,,no,,,,,,,
11120080,Poultry Meat Manufacturing,11,true,no,,,,,,,,,,no,,,,,,,,no,,,,,,,
11120085,Poultry Meat Or Bone Meal Manufacturing,11,true,no,,,,,,,,,,no,,,,,,,,no,,,,,,,
11120090,Poultry Meat Packing,11,true,no,,,,,,,,,,no,,,,,,,,no,,,,,,,
11120095,Poultry Meat Processing - Including Canning,11,true,no,,,,,,,,,,no,,,,,,,,no,,,,,,,
11120100,Poultry Offal Meal Manufacturing,11,true,no,,,,,,,,,,no,,,,,,,,no,,,,,,,
11120105,Poultry Products Manufacturing,11,true,no,,,,,,,,,,no,,,,,,,,no,,,,,,,
11130005,Bacon Manufacturing,11,true,no,,,,,,,,,,no,,,,,,,,no,,,,,,,
11130010,Blood Pudding Manufacturing,11,true,no,,,,,,,,,,no,,,,,,,,no,,,,,,,
11130015,Brawn Manufacturing,11,true,no,,,,,,,,,,no,,,,,,,,no,,,,,,,
11130020,Canned Bacon Or Ham Manufacturing,11,true,no,,,,,,,,,,no,,,,,,,,no,,,,,,,
11130030,Cooked Meat Manufacturing (Except Poultry),11,true,no,,,,,,,,,,no,,,,,,,,no,,,,,,,
11130035,Corned Meat Manufacturing - Including Canned,11,true,no,,,,,,,,,,no,,,,,,,,no,,,,,,,
11130040,Croquettes Manufacturing (Except Poultry),11,true,no,,,,,,,,,,no,,,,,,,,no,,,,,,,
11130055,Frozen Hamburger Manufacturing - Precooked,11,true,no,,,,,,,,,,no,,,,,,,,no,,,,,,,
11130065,Ham Manufacturing,11,true,no,,,,,,,,,,no,,,,,,,,no,,,,,,,
11130066,Ham Manufacturing (Smoked),11,true,no,,,,,,,,,,no,,,,,,,,no,,,,,,,
11130075,Meat Specialities Manufacturing,11,true,no,,,,,,,,,,no,,,,,,,,no,,,,,,,
11130080,Pate Manufacturing (Except Fish),11,true,no,,,,,,,,,,no,,,,,,,,no,,,,,,,
11130096,Sausage Smallgoods Manufacturing,11,true,no,,,,,,,,,,no,,,,,,,,no,,,,,,,
11130101,Smoked Smallgoods Manufacturing,11,true,no,,,,,,,,,,no,,,,,,,,no,,,,,,,
11130105,Smallgoods Manufacturing,11,true,no,,,,,,,,,,no,,,,,,,,no,,,,,,,
11200015,Canned Fish Manufacturing,11,true,no,,,,,,,,,,no,,,,,,,,no,,,,,,,
11200025,Canned Seafood Manufacturing,11,true,no,,,,,,,,,,no,,,,,,,,no,,,,,,,
11200030,Crustacean Processed Manufacturing - Including Cooked And/or Frozen,11,true,no,,,,,,,,,,no,,,,,,,,no,,,,,,,
11200035,Dried Or Smoked Fish Manufacturing,11,true,no,,,,,,,,,,no,,,,,,,,no,,,,,,,
11200036,Dried Fish Manufacturing,11,true,no,,,,,,,,,,no,,,,,,,,no,,,,,,,
11200037,Smoked Fish Manufacturing,11,true,no,,,,,,,,,,no,,,,,,,,no,,,,,,,
11200040,Filleted Frozen Fish Manufacturing,11,true,no,,,,,,,,,,no,,,,,,,,no,,,,,,,
11200045,Fish And Other Seafood Processing (Except Units Which Both Catch And Process Their Catch Aboard Vessels),11,true,no,,,,,,,,,,no,,,,,,,,no,,,,,,,
11200060,Fish Fillet Manufacturing,11,true,no,,,,,,,,,,no,,,,,,,,no,,,,,,,
11200065,Fish Loaf Or Cake Manufacturing,11,true,no,,,,,,,,,,no,,,,,,,,no,,,,,,,
11200070,Fish Paste Manufacturing,11,true,no,,,,,,,,,,no,,,,,,,,no,,,,,,,
11200075,Fish Pate Manufacturing,11,true,no,,,,,,,,,,no,,,,,,,,no,,,,,,,
11200080,Fish Canned Manufacturing,11,true,no,,,,,,,,,,no,,,,,,,,no,,,,,,,
11200100,Freezing Of Oysters,11,true,no,,,,,,,,,,no,,,,,,,,no,,,,,,,
11200105,Freezing Of Whole Fin Fish,11,true,no,,,,,,,,,,no,,,,,,,,no,,,,,,,
11200115,Operating Vessels Used Only In Processing Rock Lobsters Prawns Or Fish,11,true,no,,,,,,,,,,no,,,,,,,,no,,,,,,,
11200120,Oyster Shelling Freezing Or Bottling In Brine,11,true,no,,,,,,,,,,no,,,,,,,,no,,,,,,,
11200140,Preserved Scallops Manufacturing,11,true,no,,,,,,,,,,no,,,,,,,,no,,,,,,,
11200155,Processed Mollusc Manufacturing,11,true,no,,,,,,,,,,no,,,,,,,,no,,,,,,,
11200190,Seafood Preserved Manufacturing,11,true,no,,,,,,,,,,no,,,,,,,,no,,,,,,,
11310010,Cream Pasteurised Manufacturing (Except Canned),11,true,no,,,,,,,,,,no,,,,,,,,no,,,,,,,
11310020,Liquid Skim Milk Manufacturing,11,true,no,,,,,,,,,,no,,,,,,,,no,,,,,,,
11310025,Milk Receival Or Distribution Depot Operation,11,true,no,,,,,,,,,,no,,,,,,,,no,,,,,,,
11310060,Processed Liquid Milk Manufacturing (Except Condensed Concentrated Or Evaporated Milk Or Liquid Buttermilk),11,true,no,,,,,,,,,,no,,,,,,,,no,,,,,,,
11310070,Standard Milk Manufacturing,11,true,no,,,,,,,,,,no,,,,,,,,no,,,,,,,
11310075,Standardised Liquid Milk Manufacturing,11,true,no,,,,,,,,,,no,,,,,,,,no,,,,,,,
11320015,Frozen Confection Manufacturing,11,true,no,,,,,,,,,,no,,,,,,,,no,,,,,,,
11320020,Frozen Fruit Ices Or Water Ices Manufacturing,11,true,no,,,,,,,,,,no,,,,,,,,no,,,,,,,
11320035,Ice Cream Manufacturing,11,true,no,,,,,,,,,,no,,,,,,,,no,,,,,,,
11320040,Milk Ices Manufacturing,11,true,no,,,,,,,,,,no,,,,,,,,no,,,,,,,
11330005,Anhydrous Milk Fat - Butter Oil - Manufacturing,11,true,no,,,,,,,,,,no,,,,,,,,no,,,,,,,
11330035,Buttermilk Manufacturing,11,true,no,,,,,,,,,,no,,,,,,,,no,,,,,,,
11330045,Canned Liquid Milk Manufacturing,11,true,no,,,,,,,,,,no,,,,,,,,no,,,,,,,
11330055,Casein Manufacturing,11,true,no,,,,,,,,,,no,,,,,,,,no,,,,,,,
11330085,Clarified Butter Manufacturing,11,true,no,,,,,,,,,,no,,,,,,,,no,,,,,,,
11330090,Concentrated Milk Manufacturing,11,true,no,,,,,,,,,,no,,,,,,,,no,,,,,,,
11330115,Cream Canned Manufacturing,11,true,no,,,,,,,,,,no,,,,,,,,no,,,,,,,
11330120,Cultured Buttermilk Manufacturing,11,true,no,,,,,,,,,,no,,,,,,,,no,,,,,,,
11330140,Dried Protein Enriched Skim Milk Based Stock Feed Manufacturing,11,true,no,,,,,,,,,,no,,,,,,,,no,,,,,,,
11330155,Flavoured Liquid Whole Or Skim Milk Manufacturing,11,true,no,,,,,,,,,,no,,,,,,,,no,,,,,,,
11330180,Lactose Manufacturing,11,true,no,,,,,,,,,,no,,,,,,,,no,,,,,,,
11330190,Liquid Or Dried Ice Cream Mix Manufacturing,11,true,no,,,,,,,,,,no,,,,,,,,no,,,,,,,
11330195,Long Shelf Life Dairy Products Manufacturing (Except Milk),11,true,no,,,,,,,,,,no,,,,,,,,no,,,,,,,
11330200,Malted Milk Powder Manufacturing,11,true,no,,,,,,,,,,no,,,,,,,,no,,,,,,,
11330235,Manufacturing Of Bottled Or Cartoned Sour Cream,11,true,no,,,,,,,,,,no,,,,,,,,no,,,,,,,
11330240,Milk And Coffee Mixtures Condensed Or Concentrated Manufacturing,11,true,no,,,,,,,,,,no,,,,,,,,no,,,,,,,
11330245,Milk Based Mixes Manufacturing For Soft Serves Or Thick Shakes,11,true,no,,,,,,,,,,no,,,,,,,,no,,,,,,,
11330305,Whey Or Whey Powder Manufacturing,11,true,no,,,,,,,,,,no,,,,,,,,no,,,,,,,
11330310,Yoghurt Manufacturing (Except Frozen),11,true,no,,,,,,,,,,no,,,,,,,,no,,,,,,,
11330311,Other Dairy Product Manufacturing N.e.c.,11,true,no,,,,,,,,,,no,,,,,,,,no,,,,,,,
11330315,Cheese And Cheese Product Manufacturing And Processing,11,true,no,,,,,,,,,,no,,,,,,,,no,,,,,,,
11330320,Powdered Dairy Products Manufacturing,11,true,no,,,,,,,,,,no,,,,,,,,no,,,,,,,
11330325,Butter And Butter Products Manufacturing,11,true,no,,,,,,,,,,no,,,,,,,,no,,,,,,,
11330335,Dairy Based Infant Or Invalid Food Manufacturing,11,true,no,,,,,,,,,,no,,,,,,,,no,,,,,,,
11330340,Canned Or Bottled Evaporated Or Condensed Dairy Product Manufacturing,11,true,no,,,,,,,,,,no,,,,,,,,no,,,,,,,
11400010,Baked Bean Manufacturing,11,true,no,,,,,,,,,,no,,,,,,,,no,,,,,,,
11400020,Candied Or Preserved Peel Manufacturing,11,true,no,,,,,,,,,,no,,,,,,,,no,,,,,,,
11400050,Canned Or Bottled Mixed Meat And Cereals Manufacturing,11,true,no,,,,,,,,,,no,,,,,,,,no,,,,,,,
11400065,Canned Spaghetti Manufacturing,11,true,no,,,,,,,,,,no,,,,,,,,no,,,,,,,
11400075,Cereal Based Health Invalid Or Baby Food Manufacturing,11,true,no,,,,,,,,,,no,,,,,,,,no,,,,,,,
11400085,Chutney Or Relish Manufacturing,11,true,no,,,,,,,,,,no,,,,,,,,no,,,,,,,
11400095,Dehydrated Or Evaporated Fruit Manufacturing (Except Sun-dried),11,true,no,,,,,,,,,,no,,,,,,,,no,,,,,,,
11400100,Dehydrated Vegetables Manufacturing,11,true,no,,,,,,,,,,no,,,,,,,,no,,,,,,,
11400105,Desiccated Coconut Manufacturing,11,true,no,,,,,,,,,,no,,,,,,,,no,,,,,,,
11400130,Frozen Fruit Manufacturing,11,true,no,,,,,,,,,,no,,,,,,,,no,,,,,,,
11400140,Frozen Vegetables Manufacturing,11,true,no,,,,,,,,,,no,,,,,,,,no,,,,,,,
11400150,Fruit Drying (Except Sun-drying),11,true,no,,,,,,,,,,no,,,,,,,,no,,,,,,,
11400160,Fruit Juice Manufacturing - Single Strength Or Concentrated,11,true,no,,,,,,,,,,no,,,,,,,,no,,,,,,,
11400170,Fruit Or Vegetable Based Baby Food Manufacturing,11,true,no,,,,,,,,,,no,,,,,,,,no,,,,,,,
11400175,Fruit Pulp Puree Or Spread Manufacturing,11,true,no,,,,,,,,,,no,,,,,,,,no,,,,,,,
11400180,Fruit Salad Manufacturing,11,true,no,,,,,,,,,,no,,,,,,,,no,,,,,,,
11400190,Fruit Preserved Manufacturing - Including Canned Or Bottled,11,true,no,,,,,,,,,,no,,,,,,,,no,,,,,,,
11400195,Grape Crushing,11,true,no,,,,,,,,,,no,,,,,,,,no,,,,,,,
11400205,Jam Manufacturing - Including Conserves Jellies Or Fruit Spreads,11,true,no,,,,,,,,,,no,,,,,,,,no,,,,,,,
11400235,Mixed Meat And Vegetable Manufacturing,11,true,no,,,,,,,,,,no,,,,,,,,no,,,,,,,
11400240,Pickles Manufacturing,11,true,no,,,,,,,,,,no,,,,,,,,no,,,,,,,
11400250,Potato Chips Manufacturing - Uncooked Temporarily Preserved But Not Frozen,11,true,no,,,,,,,,,,no,,,,,,,,no,,,,,,,
11400255,Potato Shapes Manufacturing (Except Crisps Or Flakes),11,true,no,,,,,,,,,,no,,,,,,,,no,,,,,,,
11400280,Processing Fruit Products (Except Fruit Juices Of Less Than Single Strength),11,true,no,,,,,,,,,,no,,,,,,,,no,,,,,,,
11400290,Rice Preparation Canned Manufacturing,11,true,no,,,,,,,,,,no,,,,,,,,no,,,,,,,
11400295,Sauce Manufacturing (Except Worcestershire Sauce),11,true,no,,,,,,,,,,no,,,,,,,,no,,,,,,,
11400305,Soup Manufacturing,11,true,no,,,,,,,,,,no,,,,,,,,no,,,,,,,
11400325,Vegetable Juice Or Soup Manufacturing,11,true,no,,,,,,,,,,no,,,,,,,,no,,,,,,,
11400330,Vegetable Salad Manufacturing,11,true,no,,,,,,,,,,no,,,,,,,,no,,,,,,,
11400345,Vegetable Preserved Manufacturing - Including Canned Dehydrated Dried Or Quick Frozen,11,true,no,,,,,,,,,,no,,,,,,,,no,,,,,,,
11400350,Vinegar Manufacturing (Except Wine Vinegar),11,true,no,,,,,,,,,,no,,,,,,,,no,,,,,,,
11500005,Animal Oil Refined Manufacturing,11,true,no,,,,,,,,,,no,,,,,,,,no,,,,,,,
11500020,Blended Or Emulsified Edible Oils Or Fats Manufacturing,11,true,no,,,,,,,,,,no,,,,,,,,no,,,,,,,
11500055,Cooking Oil Filtration And Manufacturing Using Waste Goods As Material Inputs,11,true,no,,,,,,,,,,no,,,,,,,,no,,,,,,,
11500065,Cotton Linters Manufacturing,11,true,no,,,,,,,,,,no,,,,,,,,no,,,,,,,
11500080,Deodorised Vegetable Oil Manufacturing,11,true,no,,,,,,,,,,no,,,,,,,,no,,,,,,,
11500095,Fish Or Other Marine Animal Oil Or Meal Manufacturing,11,true,no,,,,,,,,,,no,,,,,,,,no,,,,,,,
11500110,Lard Refined Manufacturing,11,true,no,,,,,,,,,,no,,,,,,,,no,,,,,,,
11500130,Margarine Manufacturing,11,true,no,,,,,,,,,,no,,,,,,,,no,,,,,,,
11500135,Nut Cake Or Oil Manufacturing,11,true,no,,,,,,,,,,no,,,,,,,,no,,,,,,,
11500205,Tallow Refined Manufacturing,11,true,no,,,,,,,,,,no,,,,,,,,no,,,,,,,
11500220,Vegetable Oil Meal Or Cake Manufacturing,11,true,no,,,,,,,,,,no,,,,,,,,no,,,,,,,
11500240,Pure Vegetable Oil Extraction,11,true,no,,,,,,,,,,no,,,,,,,,no,,,,,,,
11610005,Arrowroot Manufacturing,11,true,no,,,,,,,,,,no,,,,,,,,no,,,,,,,
11610010,Atta Flour Manufacturing,11,true,no,,,,,,,,,,no,,,,,,,,no,,,,,,,
11610015,Baking Powder Manufacturing,11,true,no,,,,,,,,,,no,,,,,,,,no,,,,,,,
11610020,Barley Malt Manufacturing,11,true,no,,,,,,,,,,no,,,,,,,,no,,,,,,,
11610030,Barley Meal Or Flour Manufacturing,11,true,no,,,,,,,,,,no,,,,,,,,no,,,,,,,
11610045,Dextrin Manufacturing,11,true,no,,,,,,,,,,no,,,,,,,,no,,,,,,,
11610050,Dextrose Manufacturing (Except Prepared),11,true,no,,,,,,,,,,no,,,,,,,,no,,,,,,,
11610055,Glucose Manufacturing,11,true,no,,,,,,,,,,no,,,,,,,,no,,,,,,,
11610060,Gluten Manufacturing,11,true,no,,,,,,,,,,no,,,,,,,,no,,,,,,,
11610061,Maize Mills,11,true,no,,,,,,,,,,no,,,,,,,,no,,,,,,,
11610070,Malt Manufacturing,11,true,no,,,,,,,,,,no,,,,,,,,no,,,,,,,
11610080,Milled Rice Manufacturing,11,true,no,,,,,,,,,,no,,,,,,,,no,,,,,,,
11610081,Milled Or Ground Grain Food Manufacturing,11,true,no,,,,,,,,,,no,,,,,,,,no,,,,,,,
11610095,Pollard Manufacturing - From Wheat Barley Or Rye,11,true,no,,,,,,,,,,no,,,,,,,,no,,,,,,,
11610110,Rice Flour Meal Or Offal Manufacturing,11,true,no,,,,,,,,,,no,,,,,,,,no,,,,,,,
11610115,Rice Manufacturing (Except Fried),11,true,no,,,,,,,,,,no,,,,,,,,no,,,,,,,
11610135,Sago Manufacturing,11,true,no,,,,,,,,,,no,,,,,,,,no,,,,,,,
11610140,Sausage Binder Or Similar Meal From Wheat Manufacturing,11,true,no,,,,,,,,,,no,,,,,,,,no,,,,,,,
11610150,Semolina Manufacturing,11,true,no,,,,,,,,,,no,,,,,,,,no,,,,,,,
11610155,Starch Manufacturing,11,true,no,,,,,,,,,,no,,,,,,,,no,,,,,,,
11610160,Starch Sugar Manufacturing,11,true,no,,,,,,,,,,no,,,,,,,,no,,,,,,,
11610165,Tapioca Manufacturing,11,true,no,,,,,,,,,,no,,,,,,,,no,,,,,,,
11610195,Wheaten Bran Manufacturing (Except Prepared Breakfast Food),11,true,no,,,,,,,,,,no,,,,,,,,no,,,,,,,
11610205,Wheaten Malt Manufacturing,11,true,no,,,,,,,,,,no,,,,,,,,no,,,,,,,
11610210,Wheatgerm Manufacturing,11,true,no,,,,,,,,,,no,,,,,,,,no,,,,,,,
11610215,Wheatmeal Manufacturing,11,true,no,,,,,,,,,,no,,,,,,,,no,,,,,,,
11620005,Baking Mix Prepared Manufacturing,11,true,no,,,,,,,,,,no,,,,,,,,no,,,,,,,
11620010,Batter Mix Manufacturing,11,true,no,,,,,,,,,,no,,,,,,,,no,,,,,,,
11620021,Cereal Food Processing,11,true,no,,,,,,,,,,no,,,,,,,,no,,,,,,,
11620030,Cream Of Tartar Manufacturing,11,true,no,,,,,,,,,,no,,,,,,,,no,,,,,,,
11620035,Crumbs Made From Cereal Food Manufacturing (Except Biscuit Or Breadcrumbs),11,true,no,,,,,,,,,,no,,,,,,,,no,,,,,,,
11620040,Custard Powder Manufacturing,11,true,no,,,,,,,,,,no,,,,,,,,no,,,,,,,
11620050,Dry Bread Mix Manufacturing,11,true,no,,,,,,,,,,no,,,,,,,,no,,,,,,,
11620065,Hulled Or Shelled Oats Manufacturing,11,true,no,,,,,,,,,,no,,,,,,,,no,,,,,,,
11620070,Kilned Or Unkilned Oats Manufacturing,11,true,no,,,,,,,,,,no,,,,,,,,no,,,,,,,
11620085,Noodle Manufacturing,11,true,no,,,,,,,,,,no,,,,,,,,no,,,,,,,
11620090,Oatmeal For Human Consumption Manufacturing,11,true,no,,,,,,,,,,no,,,,,,,,no,,,,,,,
11620095,Oatmeal Manufacturing,11,true,no,,,,,,,,,,no,,,,,,,,no,,,,,,,
11620110,Pasta Manufacturing,11,true,no,,,,,,,,,,no,,,,,,,,no,,,,,,,
11620120,Pastry Mix Manufacturing,11,true,no,,,,,,,,,,no,,,,,,,,no,,,,,,,
11620125,Pizza Mix Manufacturing,11,true,no,,,,,,,,,,no,,,,,,,,no,,,,,,,
11620140,Prepared Breakfast Cereal Manufacturing,11,true,no,,,,,,,,,,no,,,,,,,,no,,,,,,,
11620150,Prepared Desserts In Dry Form Manufacturing,11,true,no,,,,,,,,,,no,,,,,,,,no,,,,,,,
11620160,Scone Mix Manufacturing,11,true,no,,,,,,,,,,no,,,,,,,,no,,,,,,,
11710015,Bread Bakery Operation - Factory-based,11,true,no,,,,,,,,,,no,,,,,,,,no,,,,,,,
11710020,Bread Dough Frozen Manufacturing - Factory-based,11,true,no,,,,,,,,,,no,,,,,,,,no,,,,,,,
11710030,Bread Roll Manufacturing - Factory-based,11,true,no,,,,,,,,,,no,,,,,,,,no,,,,,,,
11710040,Breadcrumb Manufacturing - Factory-based,11,true,no,,,,,,,,,,no,,,,,,,,no,,,,,,,
11710060,Fruit Loaf Manufacturing - Factory-based,11,true,no,,,,,,,,,,no,,,,,,,,no,,,,,,,
11710065,Hamburger Bun Manufacturing - Factory-based,11,true,no,,,,,,,,,,no,,,,,,,,no,,,,,,,
11710070,Leavened Bread Manufacturing - Factory-based,11,true,no,,,,,,,,,,no,,,,,,,,no,,,,,,,
11710090,Unleavened Bread Manufacturing - Factory-based,11,true,no,,,,,,,,,,no,,,,,,,,no,,,,,,,
11720005,Baked Fruit Or Yoghurt Slices Manufacturing,11,true,no,,,,,,,,,,no,,,,,,,,no,,,,,,,
11720010,Cake Icing Or Decorating - Factory-based,11,true,no,,,,,,,,,,no,,,,,,,,no,,,,,,,
11720020,Cake Or Pastry Manufacturing - Factory-based,11,true,no,,,,,,,,,,no,,,,,,,,no,,,,,,,
11720050,Crumpet Manufacturing - Factory-based,11,true,no,,,,,,,,,,no,,,,,,,,no,,,,,,,
11720055,Doughnut Manufacturing - Factory-based,11,true,no,,,,,,,,,,no,,,,,,,,no,,,,,,,
11720070,Frozen Pastry Dough Manufacturing - Factory-based,11,true,no,,,,,,,,,,no,,,,,,,,no,,,,,,,
11720080,Meat Pies Manufacturing - Factory-based,11,true,no,,,,,,,,,,no,,,,,,,,no,,,,,,,
11720085,Pastry Manufacturing; Factory-based,11,true,no,,,,,,,,,,no,,,,,,,,no,,,,,,,
11720090,Pie Manufacturing - Factory-based - Including Meat Fruit Or Vegetable Pies,11,true,no,,,,,,,,,,no,,,,,,,,no,,,,,,,
11720095,Plum Pudding Manufacturing - Factory-based,11,true,no,,,,,,,,,,no,,,,,,,,no,,,,,,,
11730005,Biscuit Crumbs Manufacturing - Factory-based,11,true,no,,,,,,,,,,no,,,,,,,,no,,,,,,,
11730015,Biscuit Manufacturing - Factory-based (Except Pet Food Biscuits),11,true,no,,,,,,,,,,no,,,,,,,,no,,,,,,,
11730020,Ice Cream Cones Or Wafers Manufacturing - Factory-based,11,true,no,,,,,,,,,,no,,,,,,,,no,,,,,,,
11730025,Rusk Manufacturing - Factory-based,11,true,no,,,,,,,,,,no,,,,,,,,no,,,,,,,
11740005,Bakery Operation - I.e. Selling Bread Cakes Or Pastries Baked On The Premises Direct To Public I.e. Hot Bake,11,true,no,,,,,,,,,,no,,,,,,,,no,,,,,,,
11740010,Biscuits Or Cookies Produced And Sold From The Same Premises,11,true,no,,,,,,,,,,no,,,,,,,,no,,,,,,,
11740015,Bread Baked And Sold From The Same Premises,11,true,no,,,,,,,,,,no,,,,,,,,no,,,,,,,
11740020,Cakes And Pastries Produced And Sold From The Same Premises,11,true,no,,,,,,,,,,no,,,,,,,,no,,,,,,,
11740036,Pastries Retailing,11,true,no,,,,,,,,,,no,,,,,,,,no,,,,,,,
11810005,Brown Sugar Manufacturing,11,true,no,,,,,,,,,,no,,,,,,,,no,,,,,,,
11810010,Cane Syrup Manufacturing,11,true,no,,,,,,,,,,no,,,,,,,,no,,,,,,,
11810015,Caster Sugar Manufacturing,11,true,no,,,,,,,,,,no,,,,,,,,no,,,,,,,
11810025,Icing Sugar Manufacturing,11,true,no,,,,,,,,,,no,,,,,,,,no,,,,,,,
11810030,Icing Sugar Mixture Manufacturing,11,true,no,,,,,,,,,,no,,,,,,,,no,,,,,,,
11810035,Molasses Manufacturing,11,true,no,,,,,,,,,,no,,,,,,,,no,,,,,,,
11810040,Sugar Manufacturing,11,true,no,,,,,,,,,,no,,,,,,,,no,,,,,,,
11810055,Treacle Manufacturing,11,true,no,,,,,,,,,,no,,,,,,,,no,,,,,,,
11820020,Chewing Gum Manufacturing,11,true,no,,,,,,,,,,no,,,,,,,,no,,,,,,,
11820030,Chocolate Or Chocolates Manufacturing,11,true,no,,,,,,,,,,no,,,,,,,,no,,,,,,,
11820045,Cocoa Product Manufacturing,11,true,no,,,,,,,,,,no,,,,,,,,no,,,,,,,
11820050,Confectionery Manufacturing,11,true,no,,,,,,,,,,no,,,,,,,,no,,,,,,,
11820060,Crystallised Or Glace Fruit Manufacturing,11,true,no,,,,,,,,,,no,,,,,,,,no,,,,,,,
11820065,Drinking Chocolate Manufacturing,11,true,no,,,,,,,,,,no,,,,,,,,no,,,,,,,
11820080,Licorice Manufacturing,11,true,no,,,,,,,,,,no,,,,,,,,no,,,,,,,
11820085,Marshmallow Manufacturing,11,true,no,,,,,,,,,,no,,,,,,,,no,,,,,,,
11820090,Marzipan Manufacturing,11,true,no,,,,,,,,,,no,,,,,,,,no,,,,,,,
11820095,Nut Candied Manufacturing,11,true,no,,,,,,,,,,no,,,,,,,,no,,,,,,,
11820100,Popcorn Candied Manufacturing,11,true,no,,,,,,,,,,no,,,,,,,,no,,,,,,,
11910005,Corn Chip Manufacturing,11,true,no,,,,,,,,,,no,,,,,,,,no,,,,,,,
11910015,Potato Crisp Manufacturing,11,true,no,,,,,,,,,,no,,,,,,,,no,,,,,,,
11910025,Taco Tortilla Or Tostada Shell Manufacturing,11,true,no,,,,,,,,,,no,,,,,,,,no,,,,,,,
11920005,Animal Feed Prepared Manufacturing (Except Uncanned Meat Or Bone Meal Or Protein-enriched Skim Milk Powder),11,true,no,,,,,,,,,,no,,,,,,,,no,,,,,,,
11920015,Bird Feed Manufacturing,11,true,no,,,,,,,,,,no,,,,,,,,no,,,,,,,
11920030,Canned Animal Food Manufacturing,11,true,no,,,,,,,,,,no,,,,,,,,no,,,,,,,
11920040,Cattle Lick Manufacturing,11,true,no,,,,,,,,,,no,,,,,,,,no,,,,,,,
11920045,Cereal Meal For Fodder Manufacturing (Except From Rice Or Rye),11,true,no,,,,,,,,,,no,,,,,,,,no,,,,,,,
11920055,Chaff Manufacturing,11,true,no,,,,,,,,,,no,,,,,,,,no,,,,,,,
11920060,Crushed Grain Manufacturing For Fodder- Including Mixed,11,true,no,,,,,,,,,,no,,,,,,,,no,,,,,,,
11920065,Dehydrated Lucerne Manufacturing,11,true,no,,,,,,,,,,no,,,,,,,,no,,,,,,,
11920075,Dog Biscuit Manufacturing,11,true,no,,,,,,,,,,no,,,,,,,,no,,,,,,,
11920085,Fodder Prepared Manufacturing,11,true,no,,,,,,,,,,no,,,,,,,,no,,,,,,,
11920090,Grain Offal For Fodder Manufacturing (Except From Rice Or Rye),11,true,no,,,,,,,,,,no,,,,,,,,no,,,,,,,
11920105,Lucerne Cube Manufacturing,11,true,no,,,,,,,,,,no,,,,,,,,no,,,,,,,
11920110,Lucerne Meal Manufacturing,11,true,no,,,,,,,,,,no,,,,,,,,no,,,,,,,
11920120,Pet Food Canned Manufacturing,11,true,no,,,,,,,,,,no,,,,,,,,no,,,,,,,
11920125,Poultry Feed Prepared Manufacturing,11,true,no,,,,,,,,,,no,,,,,,,,no,,,,,,,
11920155,Prepared Pet Food Manufacturing (Except Uncanned Meat Or Bone Meal Or Protein Enriched Skim Milk Powder),11,true,no,,,,,,,,,,no,,,,,,,,no,,,,,,,
11920170,Sheep Lick Manufacturing,11,true,no,,,,,,,,,,no,,,,,,,,no,,,,,,,
11990025,Blended Honey Manufacturing,11,true,no,,,,,,,,,,no,,,,,,,,no,,,,,,,
11990065,Coffee Manufacturing - Including Grinding And Roasting And The Manufacture Of Instant Coffee,11,true,no,,,,,,,,,,no,,,,,,,,no,,,,,,,
11990095,Dessert Mix Liquid Manufacturing,11,true,no,,,,,,,,,,no,,,,,,,,no,,,,,,,
11990120,Egg Pulping Or Drying,11,true,no,,,,,,,,,,no,,,,,,,,no,,,,,,,
11990125,Flavoured Water Pack Manufacturing - For Freezing Into Flavoured Ice,11,true,no,,,,,,,,,,no,,,,,,,,no,,,,,,,
11990135,Food Colouring Manufacturing,11,true,no,,,,,,,,,,no,,,,,,,,no,,,,,,,
11990140,Food Dressing Manufacturing,11,true,no,,,,,,,,,,no,,,,,,,,no,,,,,,,
11990145,Food Flavouring Manufacturing,11,true,no,,,,,,,,,,no,,,,,,,,no,,,,,,,
11990175,Gelatine Manufacturing,11,true,no,,,,,,,,,,no,,,,,,,,no,,,,,,,
11990215,Hop Extract Concentrated Manufacturing,11,true,no,,,,,,,,,,no,,,,,,,,no,,,,,,,
11990220,Instant Coffee Manufacturing,11,true,no,,,,,,,,,,no,,,,,,,,no,,,,,,,
11990225,Jelly Crystal Manufacturing,11,true,no,,,,,,,,,,no,,,,,,,,no,,,,,,,
11990240,Meal Manufacturing - E.g. Tv Dinners,11,true,no,,,,,,,,,,no,,,,,,,,no,,,,,,,
11990245,Meat Or Ham Pastes Manufacturing,11,true,no,,,,,,,,,,no,,,,,,,,no,,,,,,,
11990250,Nut Foods Manufacturing (Except Candied),11,true,no,,,,,,,,,,no,,,,,,,,no,,,,,,,
11990270,Pearl Barley Manufacturing,11,true,no,,,,,,,,,,no,,,,,,,,no,,,,,,,
11990300,Prepared Mustard Manufacturing,11,true,no,,,,,,,,,,no,,,,,,,,no,,,,,,,
11990310,Pretzel Manufacturing,11,true,no,,,,,,,,,,no,,,,,,,,no,,,,,,,
11990315,Processed Herbs Manufacturing,11,true,no,,,,,,,,,,no,,,,,,,,no,,,,,,,
11990316,Processed Food Manufacturing N.e.c.,11,true,no,,,,,,,,,,no,,,,,,,,no,,,,,,,
11990325,Rice Preparation Manufacturing,11,true,no,,,,,,,,,,no,,,,,,,,no,,,,,,,
11990345,Salt Cooking Or Table Manufacturing,11,true,no,,,,,,,,,,no,,,,,,,,no,,,,,,,
11990350,Savoury Speciality Manufacturing,11,true,no,,,,,,,,,,no,,,,,,,,no,,,,,,,
11990360,Seasonings Manufacturing,11,true,no,,,,,,,,,,no,,,,,,,,no,,,,,,,
11990365,Snack Foods Manufacturing,11,true,no,,,,,,,,,,no,,,,,,,,no,,,,,,,
11990375,Soya Bean Concentrate Isolate Or Textured Protein Manufacturing,11,true,no,,,,,,,,,,no,,,,,,,,no,,,,,,,
11990385,Spice Manufacturing,11,true,no,,,,,,,,,,no,,,,,,,,no,,,,,,,
11990400,Sushi And Sashimi Manufacturing,11,true,no,,,,,,,,,,no,,,,,,,,no,,,,,,,
11990415,Tea Manufacturing,11,true,no,,,,,,,,,,no,,,,,,,,no,,,,,,,
11990425,Worcestershire Sauce Manufacturing,11,true,no,,,,,,,,,,no,,,,,,,,no,,,,,,,
11990430,Yeast Or Yeast Extract Manufacturing,11,true,no,,,,,,,,,,no,,,,,,,,no,,,,,,,
12110010,Beer Non-alcoholic Manufacturing,12,true,no,,,,,,,,,,no,,,,,,,,no,,,,,,,
12110030,Cider Non-alcoholic Manufacturing,12,true,no,,,,,,,,,,no,,,,,,,,no,,,,,,,
12110040,Cordial Manufacturing,12,true,no,,,,,,,,,,no,,,,,,,,no,,,,,,,
12110055,Fruit Juices Or Fruit Juice Drinks Manufacturing - Less Than Single Strength,12,true,no,,,,,,,,,,no,,,,,,,,no,,,,,,,
12110075,Ice Manufacturing (Except Dry Ice),12,true,no,,,,,,,,,,no,,,,,,,,no,,,,,,,
12110095,Manufacturing Soft Drinks,12,true,no,,,,,,,,,,no,,,,,,,,no,,,,,,,
12110100,Mineral Water Manufacturing,12,true,no,,,,,,,,,,no,,,,,,,,no,,,,,,,
12110130,Powdered Soft Drink Mix Manufacturing,12,true,no,,,,,,,,,,no,,,,,,,,no,,,,,,,
12110135,Purified Water Manufacturing,12,true,no,,,,,,,,,,no,,,,,,,,no,,,,,,,
12110140,Soda Water Manufacturing,12,true,no,,,,,,,,,,no,,,,,,,,no,,,,,,,
12110160,Syrup Chocolate Caramel Or Vanilla Manufacturing,12,true,no,,,,,,,,,,no,,,,,,,,no,,,,,,,
12110165,Syrup Fruit Manufacturing,12,true,no,,,,,,,,,,no,,,,,,,,no,,,,,,,
12110170,Tonic Water Manufacturing,12,true,no,,,,,,,,,,no,,,,,,,,no,,,,,,,
12120010,Beer Manufacturing (Except Non-alcoholic Beer),12,true,no,,,,,,,,,,no,,,,,,,,no,,,,,,,
12120015,Brewery Operation (Except Non-alcoholic Beer),12,true,no,,,,,,,,,,no,,,,,,,,no,,,,,,,
12120016,Brewery (Without Dry Malt Grinding),12,true,no,,,,,,,,,,no,,,,,,,,no,,,,,,,
12120025,Porter Manufacturing,12,true,no,,,,,,,,,,no,,,,,,,,no,,,,,,,
12130020,Fortified Spirit Manufacturing,12,true,no,,,,,,,,,,no,,,,,,,,no,,,,,,,
12130025,Fortifying Spirits Manufacturing,12,true,no,,,,,,,,,,no,,,,,,,,no,,,,,,,
12130035,Liqueur Manufacturing,12,true,no,,,,,,,,,,no,,,,,,,,no,,,,,,,
12130040,Potable Spirit Manufacturing,12,true,no,,,,,,,,,,no,,,,,,,,no,,,,,,,
12130050,Spirit Based Mixed Drinks Manufacturing,12,true,no,,,,,,,,,,no,,,,,,,,no,,,,,,,
12140005,Alcoholic Beverages Manufacturing (Except Beer Porter Spirits Or Stout),12,true,no,,,,,,,,,,no,,,,,,,,no,,,,,,,
12140010,Alcoholic Cider Manufacturing,12,true,no,,,,,,,,,,no,,,,,,,,no,,,,,,,
12140035,Carbonated Wine Manufacturing,12,true,no,,,,,,,,,,no,,,,,,,,no,,,,,,,
12140050,Fortified Wine Manufacturing,12,true,no,,,,,,,,,,no,,,,,,,,no,,,,,,,
12140055,Mead Manufacturing,12,true,no,,,,,,,,,,no,,,,,,,,no,,,,,,,
12140060,Perry Alcoholic Manufacturing,12,true,no,,,,,,,,,,no,,,,,,,,no,,,,,,,
12140075,Sparkling Wine Manufacturing,12,true,no,,,,,,,,,,no,,,,,,,,no,,,,,,,
12140080,Unfortified Wine Manufacturing,12,true,no,,,,,,,,,,no,,,,,,,,no,,,,,,,
12140090,Wine Based Fruit Drinks Manufacturing - Coolers,12,true,no,,,,,,,,,,no,,,,,,,,no,,,,,,,
12140095,Wine Making Residue Manufacturing,12,true,no,,,,,,,,,,no,,,,,,,,no,,,,,,,
12140100,Wine Manufacturing,12,true,no,,,,,,,,,,no,,,,,,,,no,,,,,,,
12140105,Wine Vinegar Manufacturing,12,true,no,,,,,,,,,,no,,,,,,,,no,,,,,,,
12140115,Winery Operation (With Public Access),12,true,no,,,,,,,,,,no,,,,,,,,no,,,,,,,
12200005,Chewing Tobacco Manufacturing,12,true,no,,,,,,,,,,no,,,,,,,,no,,,,,,,
12200010,Cigar Manufacturing,12,true,no,,,,,,,,,,no,,,,,,,,no,,,,,,,
12200015,Cigarette Manufacturing,12,true,no,,,,,,,,,,no,,,,,,,,no,,,,,,,
12200025,Pipe Tobacco Manufacturing,12,true,no,,,,,,,,,,no,,,,,,,,no,,,,,,,
12200030,Snuff Manufacturing,12,true,no,,,,,,,,,,no,,,,,,,,no,,,,,,,
12200035,Tobacco Leaf Redrying,12,true,no,,,,,,,,,,no,,,,,,,,no,,,,,,,
12200040,Tobacco Manufacturing,12,true,no,,,,,,,,,,no,,,,,,,,no,,,,,,,
12200045,Cigarette And Tobacco Product Manufacturing,12,true,no,,,,,,,,,,no,,,,,,,,no,,,,,,,
13110020,Lanolin Manufacturing (Except Toilet Lanolin),13,true,no,,,,,,,,,,no,,,,,,,,no,,,,,,,
13110025,Noil Wool Manufacturing,13,true,no,,,,,,,,,,no,,,,,,,,no,,,,,,,
13110045,Unspun Wool Tops Manufacturing,13,true,no,,,,,,,,,,no,,,,,,,,no,,,,,,,
13110050,Wool Grease Manufacturing,13,true,no,,,,,,,,,,no,,,,,,,,no,,,,,,,
13110060,Wool Wax Manufacturing,13,true,no,,,,,,,,,,no,,,,,,,,no,,,,,,,
13110065,Wool Carded Or Combed Manufacturing,13,true,no,,,,,,,,,,no,,,,,,,,no,,,,,,,
13110070,"Wool Scouring, Carding, Combing And Carbonising",13,true,no,,,,,,,,,,no,,,,,,,,no,,,,,,,
13120010,Broadwoven Fabrics Manufacturing Wholly Or Predominantly Of Cotton Flax Or Other Vegetable Fibres Or Silk (Except Elastic Or Elastomeric),13,true,no,,,,,,,,,,no,,,,,,,,no,,,,,,,
13120015,Broadwoven Fabrics Manufacturing Wholly Or Predominantly Of Worsted Wool (Except Elastic Or Elastomeric),13,true,no,,,,,,,,,,no,,,,,,,,no,,,,,,,
13120055,Cotton Tyre Cord Yarns Or Fabrics Manufacturing,13,true,no,,,,,,,,,,no,,,,,,,,no,,,,,,,
13120085,Hessian Manufacturing,13,true,no,,,,,,,,,,no,,,,,,,,no,,,,,,,
13120090,Mercerised Cotton Broadwoven Fabrics Manufacturing (Except Elastic Or Elastomeric),13,true,no,,,,,,,,,,no,,,,,,,,no,,,,,,,
13120095,Serge Fabric Manufacturing,13,true,no,,,,,,,,,,no,,,,,,,,no,,,,,,,
13120115,Tow Manufacturing From Flax Hemp Or Jute,13,true,no,,,,,,,,,,no,,,,,,,,no,,,,,,,
13120130,Woollen Or Worsted Wool Woven Fabrics Manufacturing,13,true,no,,,,,,,,,,no,,,,,,,,no,,,,,,,
13120135,Woollen Yarn Manufacturing,13,true,no,,,,,,,,,,no,,,,,,,,no,,,,,,,
13120150,Yarn Manufacturing Wholly Or Predominantly Of Cotton Flax Or Other Vegetable Fibres Or Silk (Except Elastic Or Elastomeric),13,true,no,,,,,,,,,,no,,,,,,,,no,,,,,,,
13120160,Yarn Cotton Flax Or Silk Manufacturing,13,true,no,,,,,,,,,,no,,,,,,,,no,,,,,,,
13130015,Broadwoven Fabrics Manufacturing Wholly Or Predominantly Of Synthetic Fibres,13,true,no,,,,,,,,,,no,,,,,,,,no,,,,,,,
13130030,Continuous Synthetic Fibre Filament Manufacturing,13,true,no,,,,,,,,,,no,,,,,,,,no,,,,,,,
13130035,Discontinuous Yarn Manufacturing Wholly Or Predominantly Of Synthetic Fibres,13,true,no,,,,,,,,,,no,,,,,,,,no,,,,,,,
13130065,Elastic Or Elastomeric Thread Manufacturing,13,true,no,,,,,,,,,,no,,,,,,,,no,,,,,,,
13130070,Elastic Or Elastomeric Woven Fabric Manufacturing,13,true,no,,,,,,,,,,no,,,,,,,,no,,,,,,,
13130075,Elastic Or Elastomeric Yarn Manufacturing,13,true,no,,,,,,,,,,no,,,,,,,,no,,,,,,,
13130095,Fibreglass Fabric Manufacturing,13,true,no,,,,,,,,,,no,,,,,,,,no,,,,,,,
13130135,Synthetic Fibres Manufacturing (Except Glass Fibres),13,true,no,,,,,,,,,,no,,,,,,,,no,,,,,,,
13130140,Tyre Cord Yarn Or Fabric Synthetic Fibre Manufacturing,13,true,no,,,,,,,,,,no,,,,,,,,no,,,,,,,
13130141,Viscose Rayon Factory,13,true,no,,,,,,,,,,no,,,,,,,,no,,,,,,,
13130150,Woven Lacing Manufacturing,13,true,no,,,,,,,,,,no,,,,,,,,no,,,,,,,
13200050,Currying Hides,13,true,no,,,,,,,,,,no,,,,,,,,no,,,,,,,
13200055,Embossing Hides And Skins,13,true,no,,,,,,,,,,no,,,,,,,,no,,,,,,,
13200060,Fellmongered Wool Manufacturing,13,true,no,,,,,,,,,,no,,,,,,,,no,,,,,,,
13200065,Fellmongery Operation,13,true,no,,,,,,,,,,no,,,,,,,,no,,,,,,,
13200075,Fur Dressing Or Dyeing,13,true,no,,,,,,,,,,no,,,,,,,,no,,,,,,,
13200080,Fur Rug Making,13,true,no,,,,,,,,,,no,,,,,,,,no,,,,,,,
13200085,Fur Rug Manufacturing,13,true,no,,,,,,,,,,no,,,,,,,,no,,,,,,,
13200090,Fur Skin Dressing Or Dyeing,13,true,no,,,,,,,,,,no,,,,,,,,no,,,,,,,
13200095,Fur Toys Manufacturing,13,true,no,,,,,,,,,,no,,,,,,,,no,,,,,,,
13200115,Harness Manufacturing,13,true,no,,,,,,,,,,no,,,,,,,,no,,,,,,,
13200120,Hides Pickling Wet Blueing Tanning Currying Dressing Finishing Or Dyeing,13,true,no,,,,,,,,,,no,,,,,,,,no,,,,,,,
13200140,Leather Manufacturing,13,true,no,,,,,,,,,,no,,,,,,,,no,,,,,,,
13200160,Leather Or Leather Substitute Bag Manufacturing,13,true,no,,,,,,,,,,no,,,,,,,,no,,,,,,,
13200185,Leather Or Leather Substitute Case Manufacturing,13,true,no,,,,,,,,,,no,,,,,,,,no,,,,,,,
13200210,Leather Or Leather Substitute Handbag Manufacturing - Including Metal Mesh Handbags,13,true,no,,,,,,,,,,no,,,,,,,,no,,,,,,,
13200275,Leather Or Leather Substitute Saddles Manufacturing,13,true,no,,,,,,,,,,no,,,,,,,,no,,,,,,,
13200310,Leather Or Leather Substitute Toys Manufacturing,13,true,no,,,,,,,,,,no,,,,,,,,no,,,,,,,
13200320,Leather Or Leather Substitute Wallet Manufacturing - Including Metal Mesh Wallets,13,true,no,,,,,,,,,,no,,,,,,,,no,,,,,,,
13200340,Leather Packing Industrial Manufacturing,13,true,no,,,,,,,,,,no,,,,,,,,no,,,,,,,
13200345,Leather Tanning,13,true,no,,,,,,,,,,no,,,,,,,,no,,,,,,,
13200380,Rucksack Manufacturing,13,true,no,,,,,,,,,,no,,,,,,,,no,,,,,,,
13200395,Seat Cover Sheepskin Manufacturing,13,true,no,,,,,,,,,,no,,,,,,,,no,,,,,,,
13200420,Slipe Or Skin Wool Manufacturing,13,true,no,,,,,,,,,,no,,,,,,,,no,,,,,,,
13200440,Suitcase Manufacturing - Including Canvas,13,true,no,,,,,,,,,,no,,,,,,,,no,,,,,,,
13200445,Tanning Hides And Skins,13,true,no,,,,,,,,,,no,,,,,,,,no,,,,,,,
13200475,Leather Products Manufacturing,13,true,no,,,,,,,,,,no,,,,,,,,no,,,,,,,
13310010,Carpet Manufacturing,13,true,no,,,,,,,,,,no,,,,,,,,no,,,,,,,
13310030,Floor Covering Textile Manufacturing,13,true,no,,,,,,,,,,no,,,,,,,,no,,,,,,,
13310035,Floor Rug Textile Manufacturing,13,true,no,,,,,,,,,,no,,,,,,,,no,,,,,,,
13310040,Grass Mats Or Matting Manufacturing,13,true,no,,,,,,,,,,no,,,,,,,,no,,,,,,,
13310045,Hard Fibre Floor Covering Manufacturing - Including Sisal Coir And Grass Mat Manufacturing,13,true,no,,,,,,,,,,no,,,,,,,,no,,,,,,,
13320030,Cord Manufacturing (Except Wire Rope Or Tyre Cord),13,true,no,,,,,,,,,,no,,,,,,,,no,,,,,,,
13320035,Cordage Manufacturing,13,true,no,,,,,,,,,,no,,,,,,,,no,,,,,,,
13320040,Fish Net Manufacturing,13,true,no,,,,,,,,,,no,,,,,,,,no,,,,,,,
13320050,Hammock Manufacturing,13,true,no,,,,,,,,,,no,,,,,,,,no,,,,,,,
13320065,Net Manufacturing - From Natural Or Synthetic Fibres,13,true,no,,,,,,,,,,no,,,,,,,,no,,,,,,,
13320070,Netting Textile Manufacturing,13,true,no,,,,,,,,,,no,,,,,,,,no,,,,,,,
13320075,Rope Manufacturing (Except Wire Rope),13,true,no,,,,,,,,,,no,,,,,,,,no,,,,,,,
13320076,Rope And Cord (Natural Product),13,true,no,,,,,,,,,,no,,,,,,,,no,,,,,,,
13320095,String Manufacturing (Except Paper String),13,true,no,,,,,,,,,,no,,,,,,,,no,,,,,,,
13330005,Animal Blanket/cover Manufacturing,13,true,no,,,,,,,,,,no,,,,,,,,no,,,,,,,
13330015,Awning Textile Manufacturing,13,true,no,,,,,,,,,,no,,,,,,,,no,,,,,,,
13330025,Bag Or Sack Textile Or Canvas Manufacturing - For Packaging,13,true,no,,,,,,,,,,no,,,,,,,,no,,,,,,,
13330040,Bed Linen Manufacturing,13,true,no,,,,,,,,,,no,,,,,,,,no,,,,,,,
13330100,Canvas Goods Manufacturing,13,true,no,,,,,,,,,,no,,,,,,,,no,,,,,,,
13330120,Cotton Textile Furnishing Manufacturing,13,true,no,,,,,,,,,,no,,,,,,,,no,,,,,,,
13330125,Curtain Manufacturing (Except Plastic Or Rubber),13,true,no,,,,,,,,,,no,,,,,,,,no,,,,,,,
13330130,Cushion Manufacturing (Except Rubber),13,true,no,,,,,,,,,,no,,,,,,,,no,,,,,,,
13330135,Flag Or Banner Manufacturing,13,true,no,,,,,,,,,,no,,,,,,,,no,,,,,,,
13330140,Horse Or Cow Rugs Manufacturing,13,true,no,,,,,,,,,,no,,,,,,,,no,,,,,,,
13330145,Hose Canvas Manufacturing,13,true,no,,,,,,,,,,no,,,,,,,,no,,,,,,,
13330160,Household Textile Goods Manufacturing Of Synthetic Fibre Fabrics (Except Floor Coverings),13,true,no,,,,,,,,,,no,,,,,,,,no,,,,,,,
13330165,Infants Or Babies Napkin Manufacturing From Fabrics,13,true,no,,,,,,,,,,no,,,,,,,,no,,,,,,,
13330170,Life Jacket Manufacturing,13,true,no,,,,,,,,,,no,,,,,,,,no,,,,,,,
13330175,Mattress Protector Manufacturing (Except Rubber),13,true,no,,,,,,,,,,no,,,,,,,,no,,,,,,,
13330180,Motor Vehicle Cover Manufacturing,13,true,no,,,,,,,,,,no,,,,,,,,no,,,,,,,
13330185,Motor Vehicle Textile Seat Cover Manufacturing,13,true,no,,,,,,,,,,no,,,,,,,,no,,,,,,,
13330195,Parachute Manufacturing,13,true,no,,,,,,,,,,no,,,,,,,,no,,,,,,,
13330205,Pillow Manufacturing (Except Rubber),13,true,no,,,,,,,,,,no,,,,,,,,no,,,,,,,
13330225,Place Mat Manufacturing From Fabric,13,true,no,,,,,,,,,,no,,,,,,,,no,,,,,,,
13330230,Pneumatic Canvas Air Mattresses Pillows And Cushions Manufacturing,13,true,no,,,,,,,,,,no,,,,,,,,no,,,,,,,
13330235,Quilt Manufacturing From Fabric,13,true,no,,,,,,,,,,no,,,,,,,,no,,,,,,,
13330250,Sail Manufacturing,13,true,no,,,,,,,,,,no,,,,,,,,no,,,,,,,
13330255,Seat Cover Textile Manufacturing (Except Sheepskin),13,true,no,,,,,,,,,,no,,,,,,,,no,,,,,,,
13330260,Serviette Manufacturing From Fabric,13,true,no,,,,,,,,,,no,,,,,,,,no,,,,,,,
13330275,Shower Curtain Manufacturing From Fabrics Wholly Or Predominantly Of Synthetic Fibres,13,true,no,,,,,,,,,,no,,,,,,,,no,,,,,,,
13330280,Sleeping Bag Manufacturing,13,true,no,,,,,,,,,,no,,,,,,,,no,,,,,,,
13330285,Soft Furnishings Manufacturing From Fabric,13,true,no,,,,,,,,,,no,,,,,,,,no,,,,,,,
13330290,Synthetic Fibre Textile Furnishing Manufacturing,13,true,no,,,,,,,,,,no,,,,,,,,no,,,,,,,
13330295,Table-cloth Manufacturing From Fabric,13,true,no,,,,,,,,,,no,,,,,,,,no,,,,,,,
13330310,Tarpaulin Manufacturing,13,true,no,,,,,,,,,,no,,,,,,,,no,,,,,,,
13330315,Tent Manufacturing (Except Oxygen Tents Or Toy Tents),13,true,no,,,,,,,,,,no,,,,,,,,no,,,,,,,
13330325,Textile Blinds Manufacturing - Including Plastic Coated,13,true,no,,,,,,,,,,no,,,,,,,,no,,,,,,,
13330340,Textile Ironing Board Covers Manufacturing,13,true,no,,,,,,,,,,no,,,,,,,,no,,,,,,,
13330360,Textile Seat Cover Manufacturing,13,true,no,,,,,,,,,,no,,,,,,,,no,,,,,,,
13330365,Textile Stack Cover Manufacturing,13,true,no,,,,,,,,,,no,,,,,,,,no,,,,,,,
13330370,Textile Waterbag Manufacturing,13,true,no,,,,,,,,,,no,,,,,,,,no,,,,,,,
13330375,Towel Manufacturing From Fabric,13,true,no,,,,,,,,,,no,,,,,,,,no,,,,,,,
13330385,Woollen Textile Furnishing Manufacturing,13,true,no,,,,,,,,,,no,,,,,,,,no,,,,,,,
13340045,Cleaning Cloth Manufacturing From Purchased Rags,13,true,no,,,,,,,,,,no,,,,,,,,no,,,,,,,
13340050,Clothes Dyeing Service,13,true,no,,,,,,,,,,no,,,,,,,,no,,,,,,,
13340065,Embroidered Apparel Manufacturing,13,true,no,,,,,,,,,,no,,,,,,,,no,,,,,,,
13340070,Embroidered Fabric Manufacturing,13,true,no,,,,,,,,,,no,,,,,,,,no,,,,,,,
13340075,Embroidery Service,13,true,no,,,,,,,,,,no,,,,,,,,no,,,,,,,
13340110,Felt Manufacturing (Except Bituminised),13,true,no,,,,,,,,,,no,,,,,,,,no,,,,,,,
13340135,Hessian Bag Manufacturing,13,true,no,,,,,,,,,,no,,,,,,,,no,,,,,,,
13340140,Kapok Manufacturing,13,true,no,,,,,,,,,,no,,,,,,,,no,,,,,,,
13340150,Label Woven Cloth Manufacturing,13,true,no,,,,,,,,,,no,,,,,,,,no,,,,,,,
13340255,Textile Dyeing,13,true,no,,,,,,,,,,no,,,,,,,,no,,,,,,,
13340276,Textile Product Manufacturing N.e.c.,13,true,no,,,,,,,,,,no,,,,,,,,no,,,,,,,
13340305,Underfelt Manufacturing,13,true,no,,,,,,,,,,no,,,,,,,,no,,,,,,,
13340321,Wadding Manufacturing,13,true,no,,,,,,,,,,no,,,,,,,,no,,,,,,,
13400005,Crocheted Fabric Manufacturing,13,true,no,,,,,,,,,,no,,,,,,,,no,,,,,,,
13400010,Custom Knitting Of Outerwear,13,true,no,,,,,,,,,,no,,,,,,,,no,,,,,,,
13400030,Hosiery Manufacturing,13,true,no,,,,,,,,,,no,,,,,,,,no,,,,,,,
13400040,Jacket Knitted Manufacturing,13,true,no,,,,,,,,,,no,,,,,,,,no,,,,,,,
13400055,Knitted Cardigans Or Pullovers Manufacturing,13,true,no,,,,,,,,,,no,,,,,,,,no,,,,,,,
13400065,Knitted Fabric Manufacturing,13,true,no,,,,,,,,,,no,,,,,,,,no,,,,,,,
13400075,Knitted Outerwear Manufacturing,13,true,no,,,,,,,,,,no,,,,,,,,no,,,,,,,
13400081,Knitted Sleepwear Manufacturing,13,true,no,,,,,,,,,,no,,,,,,,,no,,,,,,,
13400090,Panty Hose Manufacturing,13,true,no,,,,,,,,,,no,,,,,,,,no,,,,,,,
13400095,Sock Manufacturing,13,true,no,,,,,,,,,,no,,,,,,,,no,,,,,,,
13400100,Stocking Manufacturing,13,true,no,,,,,,,,,,no,,,,,,,,no,,,,,,,
13400110,Tights Manufacturing,13,true,no,,,,,,,,,,no,,,,,,,,no,,,,,,,
13510005,Abdominal Support Manufacturing,13,true,no,,,,,,,,,,no,,,,,,,,no,,,,,,,
13510010,Academic Gown Manufacturing,13,true,no,,,,,,,,,,no,,,,,,,,no,,,,,,,
13510015,Apron Manufacturing,13,true,no,,,,,,,,,,no,,,,,,,,no,,,,,,,
13510020,Baby Clothes Manufacturing,13,true,no,,,,,,,,,,no,,,,,,,,no,,,,,,,
13510035,Belt Manufacturing For Clothing,13,true,no,,,,,,,,,,no,,,,,,,,no,,,,,,,
13510040,Blouse Manufacturing,13,true,no,,,,,,,,,,no,,,,,,,,no,,,,,,,
13510046,Boyswear Manufacturing,13,true,no,,,,,,,,,,no,,,,,,,,no,,,,,,,
13510050,Brassiere Manufacturing,13,true,no,,,,,,,,,,no,,,,,,,,no,,,,,,,
13510055,Bridalwear Manufacturing,13,true,no,,,,,,,,,,no,,,,,,,,no,,,,,,,
13510060,Burial Garment Manufacturing,13,true,no,,,,,,,,,,no,,,,,,,,no,,,,,,,
13510065,Buttonholing Service,13,true,no,,,,,,,,,,no,,,,,,,,no,,,,,,,
13510075,Clothing Accessory Manufacturing,13,true,no,,,,,,,,,,no,,,,,,,,no,,,,,,,
13510080,Clothing Braces Manufacturing,13,true,no,,,,,,,,,,no,,,,,,,,no,,,,,,,
13510095,Clothing Trade Services,13,true,no,,,,,,,,,,no,,,,,,,,no,,,,,,,
13510105,Clothing Knitted Fabric Manufacturing,13,true,no,,,,,,,,,,no,,,,,,,,no,,,,,,,
13510110,Clothing Leather Manufacturing,13,true,no,,,,,,,,,,no,,,,,,,,no,,,,,,,
13510115,Clothing Plastic Or Rubber Manufacturing,13,true,no,,,,,,,,,,no,,,,,,,,no,,,,,,,
13510120,Coats Or Jackets Manufacturing,13,true,no,,,,,,,,,,no,,,,,,,,no,,,,,,,
13510125,Corset Manufacturing,13,true,no,,,,,,,,,,no,,,,,,,,no,,,,,,,
13510130,Custom Tailoring - Men's And Boys' Wear,13,true,no,,,,,,,,,,no,,,,,,,,no,,,,,,,
13510135,Custom Tailoring - Women's And Girls' Wear,13,true,no,,,,,,,,,,no,,,,,,,,no,,,,,,,
13510155,Dressmaking - Custom Tailoring,13,true,no,,,,,,,,,,no,,,,,,,,no,,,,,,,
13510165,Dust Coat Manufacturing,13,true,no,,,,,,,,,,no,,,,,,,,no,,,,,,,
13510170,Felt Clothing Manufacturing,13,true,no,,,,,,,,,,no,,,,,,,,no,,,,,,,
13510175,Felt Hat Manufacturing,13,true,no,,,,,,,,,,no,,,,,,,,no,,,,,,,
13510180,Felt Headwear Manufacturing,13,true,no,,,,,,,,,,no,,,,,,,,no,,,,,,,
13510185,Foundation Garment Manufacturing,13,true,no,,,,,,,,,,no,,,,,,,,no,,,,,,,
13510190,Frocks Or Dresses Manufacturing,13,true,no,,,,,,,,,,no,,,,,,,,no,,,,,,,
13510195,Fur Clothing Accessories Or Trimmings Manufacturing,13,true,no,,,,,,,,,,no,,,,,,,,no,,,,,,,
13510200,Fur Clothing Manufacturing,13,true,no,,,,,,,,,,no,,,,,,,,no,,,,,,,
13510225,Girdle Manufacturing,13,true,no,,,,,,,,,,no,,,,,,,,no,,,,,,,
13510230,Goggles Manufacturing,13,true,no,,,,,,,,,,no,,,,,,,,no,,,,,,,
13510235,Handkerchief Manufacturing,13,true,no,,,,,,,,,,no,,,,,,,,no,,,,,,,
13510240,Hat And Cap Manufacturing,13,true,no,,,,,,,,,,no,,,,,,,,no,,,,,,,
13510250,Headwear Manufacturing,13,true,no,,,,,,,,,,no,,,,,,,,no,,,,,,,
13510255,Helmet Manufacturing,13,true,no,,,,,,,,,,no,,,,,,,,no,,,,,,,
13510260,Helmet Fabric Or Leather Manufacturing,13,true,no,,,,,,,,,,no,,,,,,,,no,,,,,,,
13510270,Imitation Leather Gloves Manufacturing,13,true,no,,,,,,,,,,no,,,,,,,,no,,,,,,,
13510285,Infants' Clothing Manufacturing,13,true,no,,,,,,,,,,no,,,,,,,,no,,,,,,,
13510295,Jeans Manufacturing,13,true,no,,,,,,,,,,no,,,,,,,,no,,,,,,,
13510300,Jodhpurs Manufacturing,13,true,no,,,,,,,,,,no,,,,,,,,no,,,,,,,
13510305,Laces Manufacturing,13,true,no,,,,,,,,,,no,,,,,,,,no,,,,,,,
13510310,Laces Manufacturing For Footwear,13,true,no,,,,,,,,,,no,,,,,,,,no,,,,,,,
13510326,Lingerie Manufacturing,13,true,no,,,,,,,,,,no,,,,,,,,no,,,,,,,
13510335,Male And Female Clothing Manufacturing,13,true,no,,,,,,,,,,no,,,,,,,,no,,,,,,,
13510341,Menswear Manufacturing,13,true,no,,,,,,,,,,no,,,,,,,,no,,,,,,,
13510345,Men's And Boys' Wear Manufacturing,13,true,no,,,,,,,,,,no,,,,,,,,no,,,,,,,
13510350,Millinery Manufacturing,13,true,no,,,,,,,,,,no,,,,,,,,no,,,,,,,
13510360,Oilskin Clothing Manufacturing,13,true,no,,,,,,,,,,no,,,,,,,,no,,,,,,,
13510370,Outerwear Manufacturing,13,true,no,,,,,,,,,,no,,,,,,,,no,,,,,,,
13510375,Overalls Manufacturing,13,true,no,,,,,,,,,,no,,,,,,,,no,,,,,,,
13510380,Overcoats Manufacturing,13,true,no,,,,,,,,,,no,,,,,,,,no,,,,,,,
13510385,Pants Manufacturing,13,true,no,,,,,,,,,,no,,,,,,,,no,,,,,,,
13510400,Regalia Manufacturing,13,true,no,,,,,,,,,,no,,,,,,,,no,,,,,,,
13510410,Scarf Manufacturing,13,true,no,,,,,,,,,,no,,,,,,,,no,,,,,,,
13510415,School Trousers Manufacturing,13,true,no,,,,,,,,,,no,,,,,,,,no,,,,,,,
13510420,Shirt Collar Manufacturing,13,true,no,,,,,,,,,,no,,,,,,,,no,,,,,,,
13510425,Shirts Manufacturing,13,true,no,,,,,,,,,,no,,,,,,,,no,,,,,,,
13510430,Shorts Manufacturing,13,true,no,,,,,,,,,,no,,,,,,,,no,,,,,,,
13510435,Skirt Manufacturing,13,true,no,,,,,,,,,,no,,,,,,,,no,,,,,,,
13510440,Slacks Manufacturing,13,true,no,,,,,,,,,,no,,,,,,,,no,,,,,,,
13510445,Sleepwear Manufacturing,13,true,no,,,,,,,,,,no,,,,,,,,no,,,,,,,
13510450,Sloppy Joe Manufacturing,13,true,no,,,,,,,,,,no,,,,,,,,no,,,,,,,
13510455,Sports Uniforms Manufacturing,13,true,no,,,,,,,,,,no,,,,,,,,no,,,,,,,
13510460,Suede Clothing Manufacturing,13,true,no,,,,,,,,,,no,,,,,,,,no,,,,,,,
13510465,Suits Or Uniforms Manufacturing,13,true,no,,,,,,,,,,no,,,,,,,,no,,,,,,,
13510470,Surgical Belts Or Supports Manufacturing,13,true,no,,,,,,,,,,no,,,,,,,,no,,,,,,,
13510480,Sweatshirts Manufacturing,13,true,no,,,,,,,,,,no,,,,,,,,no,,,,,,,
13510485,Swimwear Manufacturing,13,true,no,,,,,,,,,,no,,,,,,,,no,,,,,,,
13510490,Theatrical Costume Manufacturing,13,true,no,,,,,,,,,,no,,,,,,,,no,,,,,,,
13510495,Tie Manufacturing,13,true,no,,,,,,,,,,no,,,,,,,,no,,,,,,,
13510500,Track Suit Manufacturing,13,true,no,,,,,,,,,,no,,,,,,,,no,,,,,,,
13510505,Trousers Manufacturing,13,true,no,,,,,,,,,,no,,,,,,,,no,,,,,,,
13510510,Tunics Manufacturing,13,true,no,,,,,,,,,,no,,,,,,,,no,,,,,,,
13510515,Underwear Manufacturing,13,true,no,,,,,,,,,,no,,,,,,,,no,,,,,,,
13510520,Uniform Manufacturing,13,true,no,,,,,,,,,,no,,,,,,,,no,,,,,,,
13510525,Unisex Clothing Manufacturing,13,true,no,,,,,,,,,,no,,,,,,,,no,,,,,,,
13510530,Waistcoats Manufacturing,13,true,no,,,,,,,,,,no,,,,,,,,no,,,,,,,
13510535,Waterproof Clothing Manufacturing,13,true,no,,,,,,,,,,no,,,,,,,,no,,,,,,,
13510550,Wet Suit Manufacturing,13,true,no,,,,,,,,,,no,,,,,,,,no,,,,,,,
13510560,Women's And Girls' Wear Manufacturing,13,true,no,,,,,,,,,,no,,,,,,,,no,,,,,,,
13510565,Work Clothing Manufacturing,13,true,no,,,,,,,,,,no,,,,,,,,no,,,,,,,
13510575,Workwear Manufacturing,13,true,no,,,,,,,,,,no,,,,,,,,no,,,,,,,
13520005,Boot Manufacturing,13,true,no,,,,,,,,,,no,,,,,,,,no,,,,,,,
13520025,Footwear Component Manufacturing,13,true,no,,,,,,,,,,no,,,,,,,,no,,,,,,,
13520030,Footwear Manufacturing - Including Safety Or Protective Footwear,13,true,no,,,,,,,,,,no,,,,,,,,no,,,,,,,
13520041,Leather Footwear Manufacturing,13,true,no,,,,,,,,,,no,,,,,,,,no,,,,,,,
13520065,Plastic Footwear Manufacturing,13,true,no,,,,,,,,,,no,,,,,,,,no,,,,,,,
13520075,Rubber Or Rubberised Footwear Manufacturing,13,true,no,,,,,,,,,,no,,,,,,,,no,,,,,,,
13520080,Rubber Thongs Manufacturing,13,true,no,,,,,,,,,,no,,,,,,,,no,,,,,,,
13520085,Sandal Manufacturing,13,true,no,,,,,,,,,,no,,,,,,,,no,,,,,,,
13520095,Shoe Manufacturing,13,true,no,,,,,,,,,,no,,,,,,,,no,,,,,,,
13520100,Slipper Manufacturing,13,true,no,,,,,,,,,,no,,,,,,,,no,,,,,,,
13520110,Sports Footwear Manufacturing,13,true,no,,,,,,,,,,no,,,,,,,,no,,,,,,,
14110005,Chemical Preservation Of Rough Timber Or Logs Sawn At The Same Unit,14,true,no,,,,,,,,,,no,,,,,,,,no,,,,,,,
14110010,Ground Bark Manufacturing,14,true,no,,,,,,,,,,no,,,,,,,,no,,,,,,,
14110015,Log Sawmilling,14,true,no,,,,,,,,,,no,,,,,,,,no,,,,,,,
14110025,Rough Sawn Timber Manufacturing,14,true,no,,,,,,,,,,no,,,,,,,,no,,,,,,,
14110030,Saw Mill Operation,14,true,no,,,,,,,,,,no,,,,,,,,no,,,,,,,
14110035,Sawn Building Timber Manufacturing (Except Dressed),14,true,no,,,,,,,,,,no,,,,,,,,no,,,,,,,
14110040,Sawn Firewood Manufacturing - From Sawmilling,14,true,no,,,,,,,,,,no,,,,,,,,no,,,,,,,
14110045,Sawn Timber Mine Props Manufacturing,14,true,no,,,,,,,,,,no,,,,,,,,no,,,,,,,
14110050,Sawn Timber Paling Manufacturing,14,true,no,,,,,,,,,,no,,,,,,,,no,,,,,,,
14110055,Sawn Timber Sleepers Manufacturing,14,true,no,,,,,,,,,,no,,,,,,,,no,,,,,,,
14110060,Scantlings Manufacturing,14,true,no,,,,,,,,,,no,,,,,,,,no,,,,,,,
14110065,Shook Manufacturing - For Containers,14,true,no,,,,,,,,,,no,,,,,,,,no,,,,,,,
14120005,Hardwood Wood Chip Manufacturing,14,true,no,,,,,,,,,,no,,,,,,,,no,,,,,,,
14120010,Softwood Wood Chip Manufacturing,14,true,no,,,,,,,,,,no,,,,,,,,no,,,,,,,
14120015,Woodchip Manufacturing,14,true,no,,,,,,,,,,no,,,,,,,,no,,,,,,,
14130005,Air-drying Timber,14,true,no,,,,,,,,,,no,,,,,,,,no,,,,,,,
14130010,Building Timber Manufacturing,14,true,no,,,,,,,,,,no,,,,,,,,no,,,,,,,
14130020,Chemically Preserving Timber (Except Chemical Preservation Of Logs Sawn At The Same Unit),14,true,no,,,,,,,,,,no,,,,,,,,no,,,,,,,
14130035,Dressed Timber Floorboard Manufacturing,14,true,no,,,,,,,,,,no,,,,,,,,no,,,,,,,
14130040,Dressed Timber Manufacturing,14,true,no,,,,,,,,,,no,,,,,,,,no,,,,,,,
14130050,Dressed Timber Or Mouldings Manufacturing,14,true,no,,,,,,,,,,no,,,,,,,,no,,,,,,,
14130070,Kiln Drying Timber,14,true,no,,,,,,,,,,no,,,,,,,,no,,,,,,,
14130075,Resawn Timber Manufacturing From Timber Sawn At Other Establishments,14,true,no,,,,,,,,,,no,,,,,,,,no,,,,,,,
14130085,Seasoning Timber,14,true,no,,,,,,,,,,no,,,,,,,,no,,,,,,,
14130090,Timber Mouldings Manufacturing,14,true,no,,,,,,,,,,no,,,,,,,,no,,,,,,,
14130091,Timber - Hardboard Manufacturing,14,true,no,,,,,,,,,,no,,,,,,,,no,,,,,,,
14910010,Bus Shelter Prefabricated Wood Manufacturing,14,true,no,,,,,,,,,,no,,,,,,,,no,,,,,,,
14910015,Carport Prefabricated Wood Manufacturing,14,true,no,,,,,,,,,,no,,,,,,,,no,,,,,,,
14910025,Container Hut Manufacturing - Wooden,14,true,no,,,,,,,,,,no,,,,,,,,no,,,,,,,
14910030,Garage Prefabricated Wood Manufacturing,14,true,no,,,,,,,,,,no,,,,,,,,no,,,,,,,
14910040,Kit Home Manufacturing - Wooden,14,true,no,,,,,,,,,,no,,,,,,,,no,,,,,,,
14910046,Portable Toilet Buildings Manufacturing,14,true,no,,,,,,,,,,no,,,,,,,,no,,,,,,,
14910055,Prefabricated Shade Houses Manufacturing - Wooden,14,true,no,,,,,,,,,,no,,,,,,,,no,,,,,,,
14910060,Prefabricated Sheds Manufacturing - Wooden,14,true,no,,,,,,,,,,no,,,,,,,,no,,,,,,,
14910070,Prefabricated Wooden Or Timber Framed Buildings Manufacturing,14,true,no,,,,,,,,,,no,,,,,,,,no,,,,,,,
14910076,Survival Huts Manufacturing (Prefabricated),14,true,no,,,,,,,,,,no,,,,,,,,no,,,,,,,
14910080,Transportable Home Manufacturing - Wooden,14,true,no,,,,,,,,,,no,,,,,,,,no,,,,,,,
14920005,Built In Wardrobe Manufacturing (Except On-site Fabrication),14,true,no,,,,,,,,,,no,,,,,,,,no,,,,,,,
14920015,Custom Made Built-in Furniture Manufacturing And Installation (Except On-site Fabrication),14,true,no,,,,,,,,,,no,,,,,,,,no,,,,,,,
14920025,Finger-jointing Manufacturing,14,true,no,,,,,,,,,,no,,,,,,,,no,,,,,,,
14920030,Installation Of Prefabricated Wooden Bathroom Cabinets By Manufacturer,14,true,no,,,,,,,,,,no,,,,,,,,no,,,,,,,
14920035,Installation Of Prefabricated Wooden Kitchen Cabinets By Manufacturer,14,true,no,,,,,,,,,,no,,,,,,,,no,,,,,,,
14920040,Installation Of Prefabricated Wooden Laundry Cabinets By Manufacturer,14,true,no,,,,,,,,,,no,,,,,,,,no,,,,,,,
14920055,Prefabricated Wooden Partition Manufacturing Or Installation (Except On-site Fabrication),14,true,no,,,,,,,,,,no,,,,,,,,no,,,,,,,
14920080,Shopfittings Manufacturing - Built-in Timber Display Cabinets - Factory Built,14,true,no,,,,,,,,,,no,,,,,,,,no,,,,,,,
14920090,Wood-framed Window Manufacturing,14,true,no,,,,,,,,,,no,,,,,,,,no,,,,,,,
14920095,Wooden Arch Manufacturing,14,true,no,,,,,,,,,,no,,,,,,,,no,,,,,,,
14920100,Wooden Components Manufacturing - For Prefabricated Wooden Buildings,14,true,no,,,,,,,,,,no,,,,,,,,no,,,,,,,
14920105,Wooden Door Manufacturing (Except Small Cupboard Type And Fire Doors),14,true,no,,,,,,,,,,no,,,,,,,,no,,,,,,,
14920110,Wooden Door-window Unit Manufacturing,14,true,no,,,,,,,,,,no,,,,,,,,no,,,,,,,
14920115,Wooden Framed Window Complete With Glass Manufacturing,14,true,no,,,,,,,,,,no,,,,,,,,no,,,,,,,
14920120,Wooden Joinery Manufacturing (Except Furniture And On-site Fabrication),14,true,no,,,,,,,,,,no,,,,,,,,no,,,,,,,
14920135,Wooden Mantlepiece Manufacturing,14,true,no,,,,,,,,,,no,,,,,,,,no,,,,,,,
14920165,Wooden Overmantle Manufacturing,14,true,no,,,,,,,,,,no,,,,,,,,no,,,,,,,
14920170,Wooden Roof Truss Manufacturing,14,true,no,,,,,,,,,,no,,,,,,,,no,,,,,,,
14920180,Wooden Staircase And Railing Manufacturing,14,true,no,,,,,,,,,,no,,,,,,,,no,,,,,,,
14920185,Wooden Structural Component / Fitting Manufacturing,14,true,no,,,,,,,,,,no,,,,,,,,no,,,,,,,
14930025,Plywood Manufacturing,14,true,no,,,,,,,,,,no,,,,,,,,no,,,,,,,
14930045,Veneer Manufacturing,14,true,no,,,,,,,,,,no,,,,,,,,no,,,,,,,
14930050,Wooden Veneer Or Veneer Sheets Manufacturing,14,true,no,,,,,,,,,,no,,,,,,,,no,,,,,,,
14940005,Cellular Wood Panel Manufacturing (Except Doors),14,true,no,,,,,,,,,,no,,,,,,,,no,,,,,,,
14940010,Chip Board Manufacturing,14,true,no,,,,,,,,,,no,,,,,,,,no,,,,,,,
14940015,Corestock Manufacturing,14,true,no,,,,,,,,,,no,,,,,,,,no,,,,,,,
14940020,Fabricated Wooden Board Manufacturing,14,true,no,,,,,,,,,,no,,,,,,,,no,,,,,,,
14940030,Hardboard Manufacturing,14,true,no,,,,,,,,,,no,,,,,,,,no,,,,,,,
14940045,Medium Density Fibreboard - Mdf Manufacturing,14,true,no,,,,,,,,,,no,,,,,,,,no,,,,,,,
14940055,Particle Board Manufacturing,14,true,no,,,,,,,,,,no,,,,,,,,no,,,,,,,
14940065,Plastic Decorative Laminates On Boards Or Other Substrates Manufacturing,14,true,no,,,,,,,,,,no,,,,,,,,no,,,,,,,
14940070,Resin-bonded Board Manufacturing Of Wood Chips Wood Particles Wood Wool Or Sawdust,14,true,no,,,,,,,,,,no,,,,,,,,no,,,,,,,
14940075,Softboard Manufacturing,14,true,no,,,,,,,,,,no,,,,,,,,no,,,,,,,
14990005,Bamboo Product Manufacturing (Except Furniture),14,true,no,,,,,,,,,,no,,,,,,,,no,,,,,,,
14990010,Basketware Manufacturing (Except Metal),14,true,no,,,,,,,,,,no,,,,,,,,no,,,,,,,
14990015,Cane Product Manufacturing (Except Furniture),14,true,no,,,,,,,,,,no,,,,,,,,no,,,,,,,
14990020,Wooden Container Manufacturing (Except Furniture),14,true,no,,,,,,,,,,no,,,,,,,,no,,,,,,,
14990030,Cork Floor Tile Manufacturing,14,true,no,,,,,,,,,,no,,,,,,,,no,,,,,,,
14990035,Cork Or Cork Goods Manufacturing,14,true,no,,,,,,,,,,no,,,,,,,,no,,,,,,,
14990040,Corkboard Manufacturing,14,true,no,,,,,,,,,,no,,,,,,,,no,,,,,,,
14990041,Furniture Part Manufacturing (Except Sheet Metal),14,true,no,,,,,,,,,,no,,,,,,,,no,,,,,,,
14990055,Parquet Strip Assembled In Panel Manufacturing,14,true,no,,,,,,,,,,no,,,,,,,,no,,,,,,,
14990060,Parquetry Flooring Manufacturing,14,true,no,,,,,,,,,,no,,,,,,,,no,,,,,,,
14990065,Picture Frame Wood Manufacturing,14,true,no,,,,,,,,,,no,,,,,,,,no,,,,,,,
14990070,Picture Or Mirror Frame Wooden Manufacturing,14,true,no,,,,,,,,,,no,,,,,,,,no,,,,,,,
14990075,Rattan Reed Wicker Or Willow Ware Manufacturing,14,true,no,,,,,,,,,,no,,,,,,,,no,,,,,,,
14990080,Sawdust Manufacturing,14,true,no,,,,,,,,,,no,,,,,,,,no,,,,,,,
14990085,Smoking Pipe Manufacturing,14,true,no,,,,,,,,,,no,,,,,,,,no,,,,,,,
14990090,Stave Manufacturing,14,true,no,,,,,,,,,,no,,,,,,,,no,,,,,,,
14990095,Strawboard Building Boards Manufacturing,14,true,no,,,,,,,,,,no,,,,,,,,no,,,,,,,
14990100,Timber Shingle Manufacturing,14,true,no,,,,,,,,,,no,,,,,,,,no,,,,,,,
14990105,Tool Handle Wooden Manufacturing,14,true,no,,,,,,,,,,no,,,,,,,,no,,,,,,,
14990110,Trellis Manufacturing - Wooden,14,true,no,,,,,,,,,,no,,,,,,,,no,,,,,,,
14990115,Wood Flour Or Wool Manufacturing,14,true,no,,,,,,,,,,no,,,,,,,,no,,,,,,,
14990120,Wood Product Manufacturing (Except Furniture),14,true,no,,,,,,,,,,no,,,,,,,,no,,,,,,,
14990125,Wood Turning,14,true,no,,,,,,,,,,no,,,,,,,,no,,,,,,,
14990135,Wooden Barrel Manufacturing,14,true,no,,,,,,,,,,no,,,,,,,,no,,,,,,,
14990140,Wooden Beehive Manufacturing,14,true,no,,,,,,,,,,no,,,,,,,,no,,,,,,,
14990145,Wooden Bobbin Manufacturing,14,true,no,,,,,,,,,,no,,,,,,,,no,,,,,,,
14990150,Wooden Box Manufacturing,14,true,no,,,,,,,,,,no,,,,,,,,no,,,,,,,
14990155,Wooden Breadboard Manufacturing,14,true,no,,,,,,,,,,no,,,,,,,,no,,,,,,,
14990160,Wooden Carved Goods Manufacturing,14,true,no,,,,,,,,,,no,,,,,,,,no,,,,,,,
14990170,Wooden Cask Manufacturing,14,true,no,,,,,,,,,,no,,,,,,,,no,,,,,,,
14990175,Wooden Clothes Peg Manufacturing,14,true,no,,,,,,,,,,no,,,,,,,,no,,,,,,,
14990180,Wooden Clothes Prop Manufacturing,14,true,no,,,,,,,,,,no,,,,,,,,no,,,,,,,
14990185,Wooden Coat Hanger Manufacturing,14,true,no,,,,,,,,,,no,,,,,,,,no,,,,,,,
14990190,Wooden Coffins Or Caskets Manufacturing,14,true,no,,,,,,,,,,no,,,,,,,,no,,,,,,,
14990195,Wooden Container Manufacturing,14,true,no,,,,,,,,,,no,,,,,,,,no,,,,,,,
14990200,Wooden Crate Manufacturing,14,true,no,,,,,,,,,,no,,,,,,,,no,,,,,,,
14990205,Wooden Disc Manufacturing,14,true,no,,,,,,,,,,no,,,,,,,,no,,,,,,,
14990210,Wooden Dowelling Manufacturing,14,true,no,,,,,,,,,,no,,,,,,,,no,,,,,,,
14990215,Wooden Fruit Case Manufacturing,14,true,no,,,,,,,,,,no,,,,,,,,no,,,,,,,
14990220,Wooden Gate Manufacturing,14,true,no,,,,,,,,,,no,,,,,,,,no,,,,,,,
14990225,Wooden Hand Tools Or Tool Handles Manufacturing,14,true,no,,,,,,,,,,no,,,,,,,,no,,,,,,,
14990230,Wooden Handle Manufacturing,14,true,no,,,,,,,,,,no,,,,,,,,no,,,,,,,
14990235,Wooden Hat Block Manufacturing,14,true,no,,,,,,,,,,no,,,,,,,,no,,,,,,,
14990245,Wooden Kitchenware Manufacturing,14,true,no,,,,,,,,,,no,,,,,,,,no,,,,,,,
14990250,Wooden Knobs Manufacturing,14,true,no,,,,,,,,,,no,,,,,,,,no,,,,,,,
14990255,Wooden Ladder Manufacturing,14,true,no,,,,,,,,,,no,,,,,,,,no,,,,,,,
14990260,Wooden Oar Manufacturing,14,true,no,,,,,,,,,,no,,,,,,,,no,,,,,,,
14990265,Wooden Packing Case Manufacturing,14,true,no,,,,,,,,,,no,,,,,,,,no,,,,,,,
14990270,Wooden Pallet Manufacturing,14,true,no,,,,,,,,,,no,,,,,,,,no,,,,,,,
14990275,Wooden Pattern Manufacturing,14,true,no,,,,,,,,,,no,,,,,,,,no,,,,,,,
14990285,Wooden Pipe Manufacturing,14,true,no,,,,,,,,,,no,,,,,,,,no,,,,,,,
14990290,Wooden Plug Manufacturing,14,true,no,,,,,,,,,,no,,,,,,,,no,,,,,,,
14990291,Wooden Product Manufacturing - Without Use Of Machinery,14,true,no,,,,,,,,,,no,,,,,,,,no,,,,,,,
14990292,Wooden Product Manufacturing - With Machinery,14,true,no,,,,,,,,,,no,,,,,,,,no,,,,,,,
14990295,Wooden Pulley Manufacturing,14,true,no,,,,,,,,,,no,,,,,,,,no,,,,,,,
14990300,Wooden Racks Manufacturing - E.g. Clothes Magazine,14,true,no,,,,,,,,,,no,,,,,,,,no,,,,,,,
14990305,Wooden Reel Manufacturing,14,true,no,,,,,,,,,,no,,,,,,,,no,,,,,,,
14990310,Wooden Roller Manufacturing,14,true,no,,,,,,,,,,no,,,,,,,,no,,,,,,,
14990315,Wooden Rolling Pin Manufacturing,14,true,no,,,,,,,,,,no,,,,,,,,no,,,,,,,
14990320,Wooden Ruler Manufacturing,14,true,no,,,,,,,,,,no,,,,,,,,no,,,,,,,
14990325,Wooden Scaffolding Manufacturing,14,true,no,,,,,,,,,,no,,,,,,,,no,,,,,,,
14990330,Wooden Skewer Manufacturing,14,true,no,,,,,,,,,,no,,,,,,,,no,,,,,,,
14990335,Wooden Spool Manufacturing,14,true,no,,,,,,,,,,no,,,,,,,,no,,,,,,,
14990340,Wooden Spoon Manufacturing,14,true,no,,,,,,,,,,no,,,,,,,,no,,,,,,,
14990345,Wooden Spring Rollers Manufacturing For Blinds,14,true,no,,,,,,,,,,no,,,,,,,,no,,,,,,,
14990350,Wooden Switchboard Base Manufacturing,14,true,no,,,,,,,,,,no,,,,,,,,no,,,,,,,
14990355,Wooden Tableware Manufacturing,14,true,no,,,,,,,,,,no,,,,,,,,no,,,,,,,
14990360,Wooden Tea Chest Manufacturing,14,true,no,,,,,,,,,,no,,,,,,,,no,,,,,,,
14990365,Wooden Textile Comb Manufacturing,14,true,no,,,,,,,,,,no,,,,,,,,no,,,,,,,
14990370,Wooden Tools Manufacturing,14,true,no,,,,,,,,,,no,,,,,,,,no,,,,,,,
14990375,Wooden Tooth Pick Manufacturing,14,true,no,,,,,,,,,,no,,,,,,,,no,,,,,,,
14990380,Wooden Tray Manufacturing,14,true,no,,,,,,,,,,no,,,,,,,,no,,,,,,,
14990390,Wooden Vat Manufacturing,14,true,no,,,,,,,,,,no,,,,,,,,no,,,,,,,
14990395,Wooden Wheel Manufacturing,14,true,no,,,,,,,,,,no,,,,,,,,no,,,,,,,
15100005,Absorbent Paper Manufacturing,15,true,no,,,,,,,,,,no,,,,,,,,no,,,,,,,
15100010,Art Paper Manufacturing,15,true,no,,,,,,,,,,no,,,,,,,,no,,,,,,,
15100015,Bank Paper Manufacturing,15,true,no,,,,,,,,,,no,,,,,,,,no,,,,,,,
15100020,Blotting Paper Manufacturing,15,true,no,,,,,,,,,,no,,,,,,,,no,,,,,,,
15100025,Bond Paper Manufacturing,15,true,no,,,,,,,,,,no,,,,,,,,no,,,,,,,
15100030,Brown Paper Manufacturing,15,true,no,,,,,,,,,,no,,,,,,,,no,,,,,,,
15100035,Bulk Paper Manufacturing - From Any Fibre,15,true,no,,,,,,,,,,no,,,,,,,,no,,,,,,,
15100036,Cardboard Manufacturing N.e.c.,15,true,no,,,,,,,,,,no,,,,,,,,no,,,,,,,
15100040,Craft Paper Manufacturing,15,true,no,,,,,,,,,,no,,,,,,,,no,,,,,,,
15100100,Newsprint Manufacturing,15,true,no,,,,,,,,,,no,,,,,,,,no,,,,,,,
15100110,Paper Manufacturing,15,true,no,,,,,,,,,,no,,,,,,,,no,,,,,,,
15100115,Paper Pulp Manufacturing,15,true,no,,,,,,,,,,no,,,,,,,,no,,,,,,,
15100150,Solid Fibreboard Sheet Manufacturing,15,true,no,,,,,,,,,,no,,,,,,,,no,,,,,,,
15100170,Wood Pulp Manufacturing,15,true,no,,,,,,,,,,no,,,,,,,,no,,,,,,,
15210010,Corrugated Paperboard Manufacturing,15,true,no,,,,,,,,,,no,,,,,,,,no,,,,,,,
15210015,Corrugated Paperboard Or Cardboard Box Manufacturing,15,true,no,,,,,,,,,,no,,,,,,,,no,,,,,,,
15210025,Corrugated Paperboard Or Cardboard Container Manufacturing,15,true,no,,,,,,,,,,no,,,,,,,,no,,,,,,,
15210055,Solid Paperboard Or Cardboard Container Manufacturing,15,true,no,,,,,,,,,,no,,,,,,,,no,,,,,,,
15220005,Jute Paper Bag Manufacturing,15,true,no,,,,,,,,,,no,,,,,,,,no,,,,,,,
15220015,Paper Bag Manufacturing,15,true,no,,,,,,,,,,no,,,,,,,,no,,,,,,,
15230015,Album Manufacturing,15,true,no,,,,,,,,,,no,,,,,,,,no,,,,,,,
15230030,Envelope Manufacturing (Except Commission Printing),15,true,no,,,,,,,,,,no,,,,,,,,no,,,,,,,
15230070,Office Machine Paper Roll Manufacturing,15,true,no,,,,,,,,,,no,,,,,,,,no,,,,,,,
15230105,Playing Cards Manufacturing (Except Commission Printing),15,true,no,,,,,,,,,,no,,,,,,,,no,,,,,,,
15230120,Printed Paper Or Paperboard Games' Manufacturing,15,true,no,,,,,,,,,,no,,,,,,,,no,,,,,,,
15230130,Printed Paper Or Paperboard Toys Or Novelties Manufacturing,15,true,no,,,,,,,,,,no,,,,,,,,no,,,,,,,
15230146,Stationery Manufacturing,15,true,no,,,,,,,,,,no,,,,,,,,no,,,,,,,
15240005,Disposable Baby Napkin Manufacturing,15,true,no,,,,,,,,,,no,,,,,,,,no,,,,,,,
15240050,Sanitary Napkin Manufacturing - Cellulose-based,15,true,no,,,,,,,,,,no,,,,,,,,no,,,,,,,
15240055,Sanitary Or Tissue Paper Manufacturing,15,true,no,,,,,,,,,,no,,,,,,,,no,,,,,,,
15240060,Sanitary Paper Product Manufacturing - Paper- Or Cellulose-based,15,true,no,,,,,,,,,,no,,,,,,,,no,,,,,,,
15240065,Tampon Manufacturing,15,true,no,,,,,,,,,,no,,,,,,,,no,,,,,,,
15240070,Toilet Tissue Manufacturing,15,true,no,,,,,,,,,,no,,,,,,,,no,,,,,,,
15290005,Adhesive Label Manufacturing,15,true,no,,,,,,,,,,no,,,,,,,,no,,,,,,,
15290010,Adhesive Paper Label Manufacturing,15,true,no,,,,,,,,,,no,,,,,,,,no,,,,,,,
15290015,Cardboard Pattern Manufacturing,15,true,no,,,,,,,,,,no,,,,,,,,no,,,,,,,
15290020,Cellulose Fibre Insulation Materials Manufacturing,15,true,no,,,,,,,,,,no,,,,,,,,no,,,,,,,
15290025,Cigarette Paper Manufacturing,15,true,no,,,,,,,,,,no,,,,,,,,no,,,,,,,
15290035,Confetti Manufacturing,15,true,no,,,,,,,,,,no,,,,,,,,no,,,,,,,
15290040,Drinking Straw Manufacturing,15,true,no,,,,,,,,,,no,,,,,,,,no,,,,,,,
15290045,Greaseproof Paper Manufacturing,15,true,no,,,,,,,,,,no,,,,,,,,no,,,,,,,
15290050,Gummed Paper Tape Manufacturing,15,true,no,,,,,,,,,,no,,,,,,,,no,,,,,,,
15290055,Liquid Activated Gummed Adhesive Tape Manufacturing,15,true,no,,,,,,,,,,no,,,,,,,,no,,,,,,,
15290060,Litmus Paper Manufacturing,15,true,no,,,,,,,,,,no,,,,,,,,no,,,,,,,
15290071,Other Converted Paper Product Manufacturing,15,true,no,,,,,,,,,,no,,,,,,,,no,,,,,,,
15290075,Paper Decorations Manufacturing,15,true,no,,,,,,,,,,no,,,,,,,,no,,,,,,,
15290080,Paper Doiley Manufacturing,15,true,no,,,,,,,,,,no,,,,,,,,no,,,,,,,
15290085,Paper Doily Manufacturing,15,true,no,,,,,,,,,,no,,,,,,,,no,,,,,,,
15290090,Paper Doyley Manufacturing,15,true,no,,,,,,,,,,no,,,,,,,,no,,,,,,,
15290095,Paper Fruit Wrapping Pad Manufacturing,15,true,no,,,,,,,,,,no,,,,,,,,no,,,,,,,
15290100,Paper Novelty Manufacturing,15,true,no,,,,,,,,,,no,,,,,,,,no,,,,,,,
15290105,Paper Or Paperboard Cones Manufacturing,15,true,no,,,,,,,,,,no,,,,,,,,no,,,,,,,
15290110,Paper Or Paperboard Cup Manufacturing,15,true,no,,,,,,,,,,no,,,,,,,,no,,,,,,,
15290115,Paper Or Paperboard Plates Manufacturing,15,true,no,,,,,,,,,,no,,,,,,,,no,,,,,,,
15290120,Paper Or Paperboard Tubes Manufacturing,15,true,no,,,,,,,,,,no,,,,,,,,no,,,,,,,
15290125,Paper Pattern Manufacturing,15,true,no,,,,,,,,,,no,,,,,,,,no,,,,,,,
15290135,Paper Pulp Trays Or Cartons Manufacturing,15,true,no,,,,,,,,,,no,,,,,,,,no,,,,,,,
15290140,Paper String Manufacturing,15,true,no,,,,,,,,,,no,,,,,,,,no,,,,,,,
15290145,Paper Yarn Manufacturing,15,true,no,,,,,,,,,,no,,,,,,,,no,,,,,,,
15290150,Papier Mache Goods Manufacturing,15,true,no,,,,,,,,,,no,,,,,,,,no,,,,,,,
15290155,Wallpaper Manufacturing,15,true,no,,,,,,,,,,no,,,,,,,,no,,,,,,,
15290160,Waxed Paper Manufacturing,15,true,no,,,,,,,,,,no,,,,,,,,no,,,,,,,
16110025,Book Printing,16,true,no,,,,,,,,,,no,,,,,,,,no,,,,,,,
16110035,Commercial Printing,16,true,no,,,,,,,,,,no,,,,,,,,no,,,,,,,
16110080,Commission Printing Of Greeting Cards Manufacturing,16,true,no,,,,,,,,,,no,,,,,,,,no,,,,,,,
16110110,Commission Printing Of Paper Stationery,16,true,no,,,,,,,,,,no,,,,,,,,no,,,,,,,
16110170,Digital Printing,16,true,yes,ITCL01,1,250,250,1e+06,1,1e+07,AUIT25005;AUIT25018,AUIT25,no,,,,,,,,no,,,,,,,
16110176,Flexography Printing,16,true,no,,,,,,,,,,no,,,,,,,,no,,,,,,,
16110180,General Printing,16,true,no,,,,,,,,,,no,,,,,,,,no,,,,,,,
16110185,Gold Blocking Books,16,true,no,,,,,,,,,,no,,,,,,,,no,,,,,,,
16110205,Magazine Printing - On Commission,16,true,no,,,,,,,,,,no,,,,,,,,no,,,,,,,
16110215,Map Printing,16,true,no,,,,,,,,,,no,,,,,,,,no,,,,,,,
16110230,Newspaper Printing,16,true,no,,,,,,,,,,no,,,,,,,,no,,,,,,,
16110231,Newspaper Printing Works,16,true,no,,,,,,,,,,no,,,,,,,,no,,,,,,,
16110235,Off-set Lithographic Printing,16,true,no,,,,,,,,,,no,,,,,,,,no,,,,,,,
16110250,Phonograph Record Cover Printing,16,true,no,,,,,,,,,,no,,,,,,,,no,,,,,,,
16110255,Photocopying Service,16,true,no,,,,,,,,,,no,,,,,,,,no,,,,,,,
16110265,Photogravure Printing,16,true,no,,,,,,,,,,no,,,,,,,,no,,,,,,,
16110285,Printing,16,true,no,,,,,,,,,,no,,,,,,,,no,,,,,,,
16110286,Printing Works,16,true,no,,,,,,,,,,no,,,,,,,,no,,,,,,,
16110287,Printing Works - Computer Controlled,16,true,no,,,,,,,,,,no,,,,,,,,no,,,,,,,
16110300,Relief Printing Including Letterpress And Flexographic Printing,16,true,no,,,,,,,,,,no,,,,,,,,no,,,,,,,
16110305,Rotogravure Printing,16,true,no,,,,,,,,,,no,,,,,,,,no,,,,,,,
16110310,Screen Printing,16,true,no,,,,,,,,,,no,,,,,,,,no,,,,,,,
16110326,Silk Screen Printing,16,true,no,,,,,,,,,,no,,,,,,,,no,,,,,,,
16120005,Artwork Preparation Service,16,true,no,,,,,,,,,,no,,,,,,,,no,,,,,,,
16120010,Book Repair Service,16,true,no,,,,,,,,,,no,,,,,,,,no,,,,,,,
16120015,Book Restoration And Conservation Service,16,true,no,,,,,,,,,,no,,,,,,,,no,,,,,,,
16120020,Bookbinding,16,true,no,,,,,,,,,,no,,,,,,,,no,,,,,,,
16120030,Brass Or Copper Plate Engraving,16,true,no,,,,,,,,,,no,,,,,,,,no,,,,,,,
16120035,Calligraphy Service,16,true,no,,,,,,,,,,no,,,,,,,,no,,,,,,,
16120040,Colour Separation Film Manufacturing,16,true,no,,,,,,,,,,no,,,,,,,,no,,,,,,,
16120045,Colour Separation Service,16,true,no,,,,,,,,,,no,,,,,,,,no,,,,,,,
16120055,Electrotype Plate Manufacturing,16,true,no,,,,,,,,,,no,,,,,,,,no,,,,,,,
16120060,Electrotyping Service,16,true,no,,,,,,,,,,no,,,,,,,,no,,,,,,,
16120065,Embossing Books Or Paper,16,true,no,,,,,,,,,,no,,,,,,,,no,,,,,,,
16120075,Imagesetting Service,16,true,no,,,,,,,,,,no,,,,,,,,no,,,,,,,
16120080,Linotype Setting Service,16,true,no,,,,,,,,,,no,,,,,,,,no,,,,,,,
16120085,Lithographic Platemaking Service,16,true,no,,,,,,,,,,no,,,,,,,,no,,,,,,,
16120090,Monotype Setting Service,16,true,no,,,,,,,,,,no,,,,,,,,no,,,,,,,
16120095,Offset-litho Platemaking Service,16,true,no,,,,,,,,,,no,,,,,,,,no,,,,,,,
16120100,Photo-engraving Service,16,true,no,,,,,,,,,,no,,,,,,,,no,,,,,,,
16120105,Phototypesetting And Layout Service,16,true,yes,ITCL01,1,250,250,1e+06,1,1e+07,AUIT25005;AUIT25018,AUIT25,no,,,,,,,,no,,,,,,,
16120110,Platemaking Film Service,16,true,no,,,,,,,,,,no,,,,,,,,no,,,,,,,
16120115,Platemaking Service,16,true,no,,,,,,,,,,no,,,,,,,,no,,,,,,,
16120120,Platemaking Service Printing,16,true,no,,,,,,,,,,no,,,,,,,,no,,,,,,,
16120125,Pre-press Printing Service,16,true,no,,,,,,,,,,no,,,,,,,,no,,,,,,,
16120130,Prepress Service,16,true,no,,,,,,,,,,no,,,,,,,,no,,,,,,,
16120135,Printing Support Service,16,true,no,,,,,,,,,,no,,,,,,,,no,,,,,,,
16120140,Process Engraving Service,16,true,no,,,,,,,,,,no,,,,,,,,no,,,,,,,
16120145,Relief Platemaking Service,16,true,no,,,,,,,,,,no,,,,,,,,no,,,,,,,
16120150,Screen Printing Positive Manufacturing,16,true,no,,,,,,,,,,no,,,,,,,,no,,,,,,,
16120160,Stereotyping Service,16,true,no,,,,,,,,,,no,,,,,,,,no,,,,,,,
16120165,Typesetting And Artwork For Printers,16,true,yes,ITCL01,1,250,250,1e+06,1,1e+07,AUIT25005;AUIT25018,AUIT25,no,,,,,,,,no,,,,,,,
16120170,Typesetting And Composing Service,16,true,yes,ITCL01,1,250,250,1e+06,1,1e+07,AUIT25005;AUIT25018,AUIT25,no,,,,,,,,no,,,,,,,
16120175,Typesetting Service,16,true,yes,ITCL01,1,250,250,1e+06,1,1e+07,AUIT25005;AUIT25018,AUIT25,no,,,,,,,,no,,,,,,,
16200005,Audio Tape Pre-recorded Reproduction,16,true,yes,ITCL01,1,250,250,1e+06,1,1e+07,AUIT25005;AUIT25018,AUIT25,no,,,,,,,,no,,,,,,,
16200010,Cassette Tape Pre-recorded Audio Reproduction,16,true,yes,ITCL01,1,250,250,1e+06,1,1e+07,AUIT25005;AUIT25018,AUIT25,no,,,,,,,,no,,,,,,,
16200020,CD Manufacturing Or Production,16,true,yes,ITCL01,1,250,250,1e+06,1,1e+07,AUIT25005;AUIT25018,AUIT25,no,,,,,,,,no,,,,,,,
16200040,Computer Software Manufacturing - Mass Production,16,true,yes,ITCL01,1,250,250,1e+06,1,1e+07,AUIT25005;AUIT25018,AUIT25,no,,,,,,,,no,,,,,,,
16200045,Computer Tape Or Disk Pre-recorded Reproduction,16,true,yes,ITCL01,1,250,250,1e+06,1,1e+07,AUIT25005;AUIT25018,AUIT25,no,,,,,,,,no,,,,,,,
16200050,Digital Video Disc - Dvd- Pre-recorded Reproduction,16,true,yes,ITCL01,1,250,250,1e+06,1,1e+07,AUIT25005;AUIT25018,AUIT25,no,,,,,,,,no,,,,,,,
16200070,Phonograph Record Manufacturing,16,true,yes,ITCL01,1,250,250,1e+06,1,1e+07,AUIT25005;AUIT25018,AUIT25,no,,,,,,,,no,,,,,,,
16200095,Pre-recorded Magnetic Tapes Manufacturing,16,true,yes,ITCL01,1,250,250,1e+06,1,1e+07,AUIT25005;AUIT25018,AUIT25,no,,,,,,,,no,,,,,,,
16200100,Pre-recorded Video Tapes Manufacturing,16,true,yes,ITCL01,1,250,250,1e+06,1,1e+07,AUIT25005;AUIT25018,AUIT25,no,,,,,,,,no,,,,,,,
16200106,Recorded Media Manufacturing And Publishing,16,true,yes,ITCL01,1,250,250,1e+06,1,1e+07,AUIT25005;AUIT25018,AUIT25,no,,,,,,,,no,,,,,,,
17010040,Crude Bitumen Manufacturing,17,true,no,,,,,,,,,,no,,,,,,,,no,,,,,,,
17010070,Gas Or Fuel Oil Manufacturing,17,true,no,,,,,,,,,,no,,,,,,,,no,,,,,,,
17010080,Gasoline Refining Or Blending,17,true,no,,,,,,,,,,no,,,,,,,,no,,,,,,,
17010085,Grease Oils Manufacturing,17,true,no,,,,,,,,,,no,,,,,,,,no,,,,,,,
17010110,Kerosene Manufacturing,17,true,no,,,,,,,,,,no,,,,,,,,no,,,,,,,
17010120,Liquefied Petroleum Gas - Lpg - Manufacturing - In Conjunction With Petroleum Refining,17,true,no,,,,,,,,,,no,,,,,,,,no,,,,,,,
17010135,Motor Spirit Manufacturing,17,true,no,,,,,,,,,,no,,,,,,,,no,,,,,,,
17010155,Petroleum Refining Or Blending,17,true,no,,,,,,,,,,no,,,,,,,,no,,,,,,,
17010160,Synthetic Petrol Manufacturing,17,true,no,,,,,,,,,,no,,,,,,,,no,,,,,,,
17090010,Asphalt And Bituminous Material Manufacturing (Except Hot-mix Bituminous Paving),17,true,no,,,,,,,,,,no,,,,,,,,no,,,,,,,
17090025,Bitumen Or Asphalt Roofing Manufacturing,17,true,no,,,,,,,,,,no,,,,,,,,no,,,,,,,
17090035,Bituminised Building Paper Or Paperboard Manufacturing,17,true,no,,,,,,,,,,no,,,,,,,,no,,,,,,,
17090095,Carbon Tetrachloride Manufacturing,17,true,no,,,,,,,,,,no,,,,,,,,no,,,,,,,
17090100,Char Manufacturing (Except Bone Char),17,true,no,,,,,,,,,,no,,,,,,,,no,,,,,,,
17090110,Chloroform Manufacturing,17,true,no,,,,,,,,,,no,,,,,,,,no,,,,,,,
17090125,Coal Product Manufacturing,17,true,no,,,,,,,,,,no,,,,,,,,no,,,,,,,
17090145,Creosote Manufacturing,17,true,no,,,,,,,,,,no,,,,,,,,no,,,,,,,
17090175,Hydraulic Brake Fluid Manufacturing,17,true,no,,,,,,,,,,no,,,,,,,,no,,,,,,,
17090180,Hydraulic Fluid Manufacturing,17,true,no,,,,,,,,,,no,,,,,,,,no,,,,,,,
17090195,Mineral Turpentine Manufacturing,17,true,no,,,,,,,,,,no,,,,,,,,no,,,,,,,
17090210,Paraffin Wax Manufacturing,17,true,no,,,,,,,,,,no,,,,,,,,no,,,,,,,
17090215,Paving Material Manufacturing (Except Hot-mix),17,true,no,,,,,,,,,,no,,,,,,,,no,,,,,,,
17090225,Petroleum Jelly Manufacturing,17,true,no,,,,,,,,,,no,,,,,,,,no,,,,,,,
17090231,Petroleum Product Manufacturing N.e.c.,17,true,no,,,,,,,,,,no,,,,,,,,no,,,,,,,
17090245,Phenol Manufacturing,17,true,no,,,,,,,,,,no,,,,,,,,no,,,,,,,
17090250,Pitch Manufacturing,17,true,no,,,,,,,,,,no,,,,,,,,no,,,,,,,
17090265,Recovery Of Lubricating Oil Or Grease From Used Petroleum Waste Products,17,true,no,,,,,,,,,,no,,,,,,,,no,,,,,,,
17090270,Refined Tar Manufacturing,17,true,no,,,,,,,,,,no,,,,,,,,no,,,,,,,
17090285,Rust Remover Manufacturing,17,true,no,,,,,,,,,,no,,,,,,,,no,,,,,,,
17090295,Styrene Manufacturing,17,true,no,,,,,,,,,,no,,,,,,,,no,,,,,,,
17090301,Tar Distillation Works,17,true,no,,,,,,,,,,no,,,,,,,,no,,,,,,,
18110005,Acetylene Gas Manufacturing,18,true,no,,,,,,,,,,no,,,,,,,,no,,,,,,,
18110030,Carbon Dioxide Manufacturing,18,true,no,,,,,,,,,,no,,,,,,,,no,,,,,,,
18110035,Carbon Monoxide Manufacturing,18,true,no,,,,,,,,,,no,,,,,,,,no,,,,,,,
18110055,Dry Ice Manufacturing,18,true,no,,,,,,,,,,no,,,,,,,,no,,,,,,,
18110085,Hydrogen Manufacturing,18,true,no,,,,,,,,,,no,,,,,,,,no,,,,,,,
18110096,Industrial Gas Manufacturing,18,true,no,,,,,,,,,,no,,,,,,,,no,,,,,,,
18110170,Nitrogen Manufacturing - Gas And Liquid,18,true,no,,,,,,,,,,no,,,,,,,,no,,,,,,,
18110175,Nitrous Oxide Manufacturing,18,true,no,,,,,,,,,,no,,,,,,,,no,,,,,,,
18110185,Oxygen Manufacturing,18,true,no,,,,,,,,,,no,,,,,,,,no,,,,,,,
18120045,Acid Organic Manufacturing,18,true,no,,,,,,,,,,no,,,,,,,,no,,,,,,,
18120081,Basic Inorganic Chemical Manufacturing,18,true,no,,,,,,,,,,no,,,,,,,,no,,,,,,,
18120170,Dye Intermediates Manufacturing,18,true,no,,,,,,,,,,no,,,,,,,,no,,,,,,,
18120175,Dyes Manufacturing (Except Hair Dyes),18,true,no,,,,,,,,,,no,,,,,,,,no,,,,,,,
18120180,Dyestuff Manufacturing,18,true,no,,,,,,,,,,no,,,,,,,,no,,,,,,,
18120190,Ether Manufacturing,18,true,no,,,,,,,,,,no,,,,,,,,no,,,,,,,
18120210,Ethylene Glycol Manufacturing,18,true,no,,,,,,,,,,no,,,,,,,,no,,,,,,,
18120230,Fatty Acids Manufacturing - Industrial,18,true,no,,,,,,,,,,no,,,,,,,,no,,,,,,,
18120265,Lactic Acid Manufacturing,18,true,no,,,,,,,,,,no,,,,,,,,no,,,,,,,
18120270,Lake Colour Manufacturing,18,true,no,,,,,,,,,,no,,,,,,,,no,,,,,,,
18120345,Organic Chemical Colour Manufacturing (Except Prepared Tinting Colour For Paints),18,true,no,,,,,,,,,,no,,,,,,,,no,,,,,,,
18120395,Plasticisers Manufacturing,18,true,no,,,,,,,,,,no,,,,,,,,no,,,,,,,
18120465,Tanning Extract Organic Manufacturing,18,true,no,,,,,,,,,,no,,,,,,,,no,,,,,,,
18120480,Toluol Manufacturing,18,true,no,,,,,,,,,,no,,,,,,,,no,,,,,,,
18120495,Turpentine Manufacturing (Except Mineral Turpentine),18,true,no,,,,,,,,,,no,,,,,,,,no,,,,,,,
18120500,Urea Manufacturing (Except Fertiliser Grade),18,true,no,,,,,,,,,,no,,,,,,,,no,,,,,,,
18120510,Vinyl Chloride Manufacturing,18,true,no,,,,,,,,,,no,,,,,,,,no,,,,,,,
18120520,Wood Tar Manufacturing,18,true,no,,,,,,,,,,no,,,,,,,,no,,,,,,,
18130005,Acid Inorganic Manufacturing,18,true,no,,,,,,,,,,no,,,,,,,,no,,,,,,,
18130025,Aluminium Hydroxide Manufacturing,18,true,no,,,,,,,,,,no,,,,,,,,no,,,,,,,
18130035,Ammonia Manufacturing (Except Fertiliser Grade),18,true,no,,,,,,,,,,no,,,,,,,,no,,,,,,,
18130090,Calcium Chloride Manufacturing - Lime,18,true,no,,,,,,,,,,no,,,,,,,,no,,,,,,,
18130100,Chloride Of Lime Manufacturing,18,true,no,,,,,,,,,,no,,,,,,,,no,,,,,,,
18130105,Chlorine Manufacturing,18,true,no,,,,,,,,,,no,,,,,,,,no,,,,,,,
18130125,Complex Fluorine Salt Manufacturing,18,true,no,,,,,,,,,,no,,,,,,,,no,,,,,,,
18130135,Fluoride Manufacturing,18,true,no,,,,,,,,,,no,,,,,,,,no,,,,,,,
18130145,Hydrochloric Acid Manufacturing,18,true,no,,,,,,,,,,no,,,,,,,,no,,,,,,,
18130155,Hydrogen Peroxide Manufacturing,18,true,no,,,,,,,,,,no,,,,,,,,no,,,,,,,
18130160,Hypophosphite Manufacturing,18,true,no,,,,,,,,,,no,,,,,,,,no,,,,,,,
18130175,Inorganic Chemical Colour Manufacturing (Except Prepared Tinting Colour For Paints),18,true,no,,,,,,,,,,no,,,,,,,,no,,,,,,,
18130190,Inorganic Dyeing Extract Manufacturing,18,true,no,,,,,,,,,,no,,,,,,,,no,,,,,,,
18130195,Inorganic Industrial Chemical Manufacturing,18,true,no,,,,,,,,,,no,,,,,,,,no,,,,,,,
18130200,Inorganic Pigment Manufacturing,18,true,no,,,,,,,,,,no,,,,,,,,no,,,,,,,
18130205,Inorganic Tanning Extract Manufacturing,18,true,no,,,,,,,,,,no,,,,,,,,no,,,,,,,
18130245,Nitric Acid Manufacturing,18,true,no,,,,,,,,,,no,,,,,,,,no,,,,,,,
18130250,Nitrite Manufacturing,18,true,no,,,,,,,,,,no,,,,,,,,no,,,,,,,
18130255,Oleum Manufacturing,18,true,no,,,,,,,,,,no,,,,,,,,no,,,,,,,
18130260,Phosphoric Acid Manufacturing,18,true,no,,,,,,,,,,no,,,,,,,,no,,,,,,,
18130270,Polyphosphoric Acid Manufacturing,18,true,no,,,,,,,,,,no,,,,,,,,no,,,,,,,
18130305,Salt Refining (Except Cooking Or Table Salt),18,true,no,,,,,,,,,,no,,,,,,,,no,,,,,,,
18130310,Silicate Manufacturing,18,true,no,,,,,,,,,,no,,,,,,,,no,,,,,,,
18130340,Sodium Bicarbonate Manufacturing,18,true,no,,,,,,,,,,no,,,,,,,,no,,,,,,,
18130355,Sodium Carbonate Manufacturing,18,true,no,,,,,,,,,,no,,,,,,,,no,,,,,,,
18130365,Sodium Hydroxide Manufacturing,18,true,no,,,,,,,,,,no,,,,,,,,no,,,,,,,
18130370,Sodium Manufacturing,18,true,no,,,,,,,,,,no,,,,,,,,no,,,,,,,
18130400,Sulphide Manufacturing,18,true,no,,,,,,,,,,no,,,,,,,,no,,,,,,,
18130405,Sulphur Compound Manufacturing,18,true,no,,,,,,,,,,no,,,,,,,,no,,,,,,,
18130410,Sulphuric Acid Manufacturing (Except Smelter By-product),18,true,no,,,,,,,,,,no,,,,,,,,no,,,,,,,
18130455,Zinc Oxide Manufacturing,18,true,no,,,,,,,,,,no,,,,,,,,no,,,,,,,
18130460,Zinc Peroxide Manufacturing,18,true,no,,,,,,,,,,no,,,,,,,,no,,,,,,,
18210040,Cellulosic Resin Manufacturing,18,true,no,,,,,,,,,,no,,,,,,,,no,,,,,,,
18210045,Chemically Hardened Gelatin Manufacturing,18,true,no,,,,,,,,,,no,,,,,,,,no,,,,,,,
18210110,Plastic Raw Material Manufacturing,18,true,no,,,,,,,,,,no,,,,,,,,no,,,,,,,
18210140,Polyethylene Manufacturing,18,true,no,,,,,,,,,,no,,,,,,,,no,,,,,,,
18210150,Polypropylene Manufacturing,18,true,no,,,,,,,,,,no,,,,,,,,no,,,,,,,
18210155,Polystyrene Manufacturing,18,true,no,,,,,,,,,,no,,,,,,,,no,,,,,,,
18210160,Polyurethane Manufacturing,18,true,no,,,,,,,,,,no,,,,,,,,no,,,,,,,
18210170,Polyvinyl Acetate Manufacturing,18,true,no,,,,,,,,,,no,,,,,,,,no,,,,,,,
18210175,Polyvinylchoride - Pvc- Manufacturing,18,true,no,,,,,,,,,,no,,,,,,,,no,,,,,,,
18210185,Silicone Manufacturing,18,true,no,,,,,,,,,,no,,,,,,,,no,,,,,,,
18210205,Synthetic Resin Manufacturing (Except Adhesives),18,true,no,,,,,,,,,,no,,,,,,,,no,,,,,,,
18210215,Synthetic Rubber Manufacturing,18,true,no,,,,,,,,,,no,,,,,,,,no,,,,,,,
18290005,Carbon Fibre Manufacturing - Including Kevlar Material,18,true,no,,,,,,,,,,no,,,,,,,,no,,,,,,,
18290010,Cellulose Acetate Manufacturing,18,true,no,,,,,,,,,,no,,,,,,,,no,,,,,,,
18290015,Cellulose Fibre Or Filament Manufacturing,18,true,no,,,,,,,,,,no,,,,,,,,no,,,,,,,
18290020,Ethyl Cellulose Manufacturing,18,true,no,,,,,,,,,,no,,,,,,,,no,,,,,,,
18290025,Hardened Casein Manufacturing,18,true,no,,,,,,,,,,no,,,,,,,,no,,,,,,,
18290030,Hardened Protein Manufacturing,18,true,no,,,,,,,,,,no,,,,,,,,no,,,,,,,
18290035,Methyl Cellulose Manufacturing,18,true,no,,,,,,,,,,no,,,,,,,,no,,,,,,,
18290040,Methylstyrene Manufacturing,18,true,no,,,,,,,,,,no,,,,,,,,no,,,,,,,
18290045,Nylon Manufacturing,18,true,no,,,,,,,,,,no,,,,,,,,no,,,,,,,
18290050,Polyester Manufacturing,18,true,no,,,,,,,,,,no,,,,,,,,no,,,,,,,
18290055,Polyolefin Manufacturing,18,true,no,,,,,,,,,,no,,,,,,,,no,,,,,,,
18290060,Rayon Manufacturing,18,true,no,,,,,,,,,,no,,,,,,,,no,,,,,,,
18290065,Synthetic Fibre Or Filament Manufacturing,18,true,no,,,,,,,,,,no,,,,,,,,no,,,,,,,
18310010,Ammonium Phosphate Manufacturing,18,true,no,,,,,,,,,,no,,,,,,,,no,,,,,,,
18310015,Ammonium Sulphate Manufacturing,18,true,no,,,,,,,,,,no,,,,,,,,no,,,,,,,
18310025,Animal And Vegetable Fertiliser Manufacturing,18,true,no,,,,,,,,,,no,,,,,,,,no,,,,,,,
18310035,Bonedust Manufacturing,18,true,no,,,,,,,,,,no,,,,,,,,no,,,,,,,
18310040,Bonemeal Fertiliser Manufacturing,18,true,no,,,,,,,,,,no,,,,,,,,no,,,,,,,
18310065,Fertiliser Grade Ammonia Aqua Manufacturing,18,true,no,,,,,,,,,,no,,,,,,,,no,,,,,,,
18310075,Fertiliser Manufacturing,18,true,no,,,,,,,,,,no,,,,,,,,no,,,,,,,
18310085,Fishmeal Fertiliser Manufacturing,18,true,no,,,,,,,,,,no,,,,,,,,no,,,,,,,
18310090,Ground Phosphate Manufacturing,18,true,no,,,,,,,,,,no,,,,,,,,no,,,,,,,
18310130,Potash Fertiliser Manufacturing,18,true,no,,,,,,,,,,no,,,,,,,,no,,,,,,,
18310135,Potassium Chloride Fertiliser Manufacturing,18,true,no,,,,,,,,,,no,,,,,,,,no,,,,,,,
18310140,Potting Mix Manufacturing,18,true,no,,,,,,,,,,no,,,,,,,,no,,,,,,,
18310145,Prilled Ammonium Nitrate Manufacturing,18,true,no,,,,,,,,,,no,,,,,,,,no,,,,,,,
18310150,Sodium Nitrate Fertiliser Manufacturing,18,true,no,,,,,,,,,,no,,,,,,,,no,,,,,,,
18310160,Sulphuric Lime Manufacturing - Dry Or Solution,18,true,no,,,,,,,,,,no,,,,,,,,no,,,,,,,
18310165,Superphosphate Manufacturing,18,true,no,,,,,,,,,,no,,,,,,,,no,,,,,,,
18310170,Urea Fertiliser Grade Manufacturing,18,true,no,,,,,,,,,,no,,,,,,,,no,,,,,,,
18320010,Animal Dip Manufacturing,18,true,no,,,,,,,,,,no,,,,,,,,no,,,,,,,
18320045,Fly Spray Manufacturing,18,true,no,,,,,,,,,,no,,,,,,,,no,,,,,,,
18320055,Formulated Pest Control Product Manufacturing,18,true,no,,,,,,,,,,no,,,,,,,,no,,,,,,,
18320060,Fruit Spray Manufacturing,18,true,no,,,,,,,,,,no,,,,,,,,no,,,,,,,
18320065,Fungicide Manufacturing,18,true,no,,,,,,,,,,no,,,,,,,,no,,,,,,,
18320075,Herbicide Manufacturing,18,true,no,,,,,,,,,,no,,,,,,,,no,,,,,,,
18320080,Insect Repellant Manufacturing,18,true,no,,,,,,,,,,no,,,,,,,,no,,,,,,,
18320090,Insecticide Manufacturing,18,true,no,,,,,,,,,,no,,,,,,,,no,,,,,,,
18320100,Pesticide Manufacturing,18,true,no,,,,,,,,,,no,,,,,,,,no,,,,,,,
18320105,Plant Hormone Manufacturing,18,true,no,,,,,,,,,,no,,,,,,,,no,,,,,,,
18320115,Rat Poison Manufacturing,18,true,no,,,,,,,,,,no,,,,,,,,no,,,,,,,
18320120,Seed Dressing Manufacturing,18,true,no,,,,,,,,,,no,,,,,,,,no,,,,,,,
18320140,Soil Fumigant Manufacturing,18,true,no,,,,,,,,,,no,,,,,,,,no,,,,,,,
18320150,Weedkiller Manufacturing,18,true,no,,,,,,,,,,no,,,,,,,,no,,,,,,,
18410025,Anthelmintic Manufacturing,18,true,no,,,,,,,,,,no,,,,,,,,no,,,,,,,
18410030,Antibacterial Manufacturing,18,true,no,,,,,,,,,,no,,,,,,,,no,,,,,,,
18410035,Antibiotic Manufacturing,18,true,no,,,,,,,,,,no,,,,,,,,no,,,,,,,
18410055,Antitoxin Manufacturing,18,true,no,,,,,,,,,,no,,,,,,,,no,,,,,,,
18410080,Contraceptive Manufacturing,18,true,no,,,,,,,,,,no,,,,,,,,no,,,,,,,
18410160,Medical Gas Manufacturing,18,true,no,,,,,,,,,,no,,,,,,,,no,,,,,,,
18410185,Medicine Manufacturing (Except Veterinary),18,true,no,,,,,,,,,,no,,,,,,,,no,,,,,,,
18410190,Morphine Manufacturing,18,true,no,,,,,,,,,,no,,,,,,,,no,,,,,,,
18410200,Ointment Manufacturing,18,true,no,,,,,,,,,,no,,,,,,,,no,,,,,,,
18410215,Pharmaceutical Preparations Manufacturing,18,true,no,,,,,,,,,,no,,,,,,,,no,,,,,,,
18410230,Saccharin Manufacturing,18,true,no,,,,,,,,,,no,,,,,,,,no,,,,,,,
18410235,Saline Powder Manufacturing,18,true,no,,,,,,,,,,no,,,,,,,,no,,,,,,,
18410245,Serum Manufacturing,18,true,no,,,,,,,,,,no,,,,,,,,no,,,,,,,
18410275,Toxin Manufacturing,18,true,no,,,,,,,,,,no,,,,,,,,no,,,,,,,
18410280,Vaccine Manufacturing (Except Veterinary),18,true,no,,,,,,,,,,no,,,,,,,,no,,,,,,,
18410295,Vitamin Product Manufacturing,18,true,no,,,,,,,,,,no,,,,,,,,no,,,,,,,
18420015,Feed Supplement Manufacturing,18,true,no,,,,,,,,,,no,,,,,,,,no,,,,,,,
18420025,Veterinary Medicinal Preparation Manufacturing,18,true,no,,,,,,,,,,no,,,,,,,,no,,,,,,,
18510005,Abrasive Cleanser Manufacturing,18,true,no,,,,,,,,,,no,,,,,,,,no,,,,,,,
18510030,Candle Manufacturing,18,true,no,,,,,,,,,,no,,,,,,,,no,,,,,,,
18510045,Cleansing Preparation Manufacturing,18,true,no,,,,,,,,,,no,,,,,,,,no,,,,,,,
18510046,Cleaning Chemicals (Not Soap Or Detergent) Manufacturing,18,true,no,,,,,,,,,,no,,,,,,,,no,,,,,,,
18510070,Detergent Manufacturing,18,true,no,,,,,,,,,,no,,,,,,,,no,,,,,,,
18510085,Disinfectant Manufacturing - Including Phenyl Or Antiseptic Disinfectant,18,true,no,,,,,,,,,,no,,,,,,,,no,,,,,,,
18510101,French Polish Manufacturing,18,true,no,,,,,,,,,,no,,,,,,,,no,,,,,,,
18510110,Glycerine Manufacturing,18,true,no,,,,,,,,,,no,,,,,,,,no,,,,,,,
18510120,Laundry Bleach Manufacturing,18,true,no,,,,,,,,,,no,,,,,,,,no,,,,,,,
18510155,Metal Polish Manufacturing,18,true,no,,,,,,,,,,no,,,,,,,,no,,,,,,,
18510165,Oven Cleaner Manufacturing,18,true,no,,,,,,,,,,no,,,,,,,,no,,,,,,,
18510190,Polishing Powders Or Preparations Manufacturing,18,true,no,,,,,,,,,,no,,,,,,,,no,,,,,,,
18510205,Scouring Compound Manufacturing,18,true,no,,,,,,,,,,no,,,,,,,,no,,,,,,,
18510215,Shoe Polishes Or Cleaners Manufacturing,18,true,no,,,,,,,,,,no,,,,,,,,no,,,,,,,
18510230,Soap Manufacturing,18,true,no,,,,,,,,,,no,,,,,,,,no,,,,,,,
18510240,Stain Remover Manufacturing,18,true,no,,,,,,,,,,no,,,,,,,,no,,,,,,,
18510245,Stove Cleaner Manufacturing,18,true,no,,,,,,,,,,no,,,,,,,,no,,,,,,,
18510250,Surface Cleaning Or Degreasing Preparation Manufacturing,18,true,no,,,,,,,,,,no,,,,,,,,no,,,,,,,
18510256,Toiletry Manufacturing,18,true,no,,,,,,,,,,no,,,,,,,,no,,,,,,,
18510260,Toothpaste Manufacturing,18,true,no,,,,,,,,,,no,,,,,,,,no,,,,,,,
18510270,Wax Polish Manufacturing,18,true,no,,,,,,,,,,no,,,,,,,,no,,,,,,,
18520005,After-shave Lotion Manufacturing,18,true,no,,,,,,,,,,no,,,,,,,,no,,,,,,,
18520006,Aerosol Product Manufacturing,18,true,no,,,,,,,,,,no,,,,,,,,no,,,,,,,
18520025,Barrier Cream Manufacturing,18,true,no,,,,,,,,,,no,,,,,,,,no,,,,,,,
18520030,Bath Salt Manufacturing,18,true,no,,,,,,,,,,no,,,,,,,,no,,,,,,,
18520035,Beauty Cream Or Lotion Manufacturing,18,true,no,,,,,,,,,,no,,,,,,,,no,,,,,,,
18520050,Cosmetics Manufacturing,18,true,no,,,,,,,,,,no,,,,,,,,no,,,,,,,
18520055,Deodorant Manufacturing,18,true,no,,,,,,,,,,no,,,,,,,,no,,,,,,,
18520060,Depilatory Manufacturing,18,true,no,,,,,,,,,,no,,,,,,,,no,,,,,,,
18520065,Eye Shadow Manufacturing,18,true,no,,,,,,,,,,no,,,,,,,,no,,,,,,,
18520070,Face Cream And Lotion Manufacturing,18,true,no,,,,,,,,,,no,,,,,,,,no,,,,,,,
18520080,Face Powder Manufacturing,18,true,no,,,,,,,,,,no,,,,,,,,no,,,,,,,
18520095,Hair Care Preparations Manufacturing,18,true,no,,,,,,,,,,no,,,,,,,,no,,,,,,,
18520100,Hair Conditioner Manufacturing,18,true,no,,,,,,,,,,no,,,,,,,,no,,,,,,,
18520125,Hair Shampoo Manufacturing,18,true,no,,,,,,,,,,no,,,,,,,,no,,,,,,,
18520140,Hand Cream Or Lotion Manufacturing,18,true,no,,,,,,,,,,no,,,,,,,,no,,,,,,,
18520155,Lipstick Manufacturing,18,true,no,,,,,,,,,,no,,,,,,,,no,,,,,,,
18520170,Mascara Manufacturing,18,true,no,,,,,,,,,,no,,,,,,,,no,,,,,,,
18520175,Nail Care Preparation Manufacturing,18,true,no,,,,,,,,,,no,,,,,,,,no,,,,,,,
18520180,Nail Polish Manufacturing,18,true,no,,,,,,,,,,no,,,,,,,,no,,,,,,,
18520190,Perfume Manufacturing,18,true,no,,,,,,,,,,no,,,,,,,,no,,,,,,,
18520205,Shaving Preparation Manufacturing,18,true,no,,,,,,,,,,no,,,,,,,,no,,,,,,,
18520210,Sunscreen Preparation Manufacturing,18,true,no,,,,,,,,,,no,,,,,,,,no,,,,,,,
18520215,Talcum Powder Manufacturing,18,true,no,,,,,,,,,,no,,,,,,,,no,,,,,,,
18520220,Toilet Cream Or Lotion Manufacturing (Except Toilet Lanolin),18,true,no,,,,,,,,,,no,,,,,,,,no,,,,,,,
18520225,Toilet Lanolin Manufacturing,18,true,no,,,,,,,,,,no,,,,,,,,no,,,,,,,
18520235,Toilet Preparations Manufacturing- For Human Use,18,true,no,,,,,,,,,,no,,,,,,,,no,,,,,,,
18910010,Photographic Chemical Manufacturing,18,true,no,,,,,,,,,,no,,,,,,,,no,,,,,,,
18910020,Photographic Sensitised Cloth Manufacturing,18,true,no,,,,,,,,,,no,,,,,,,,no,,,,,,,
18910025,Photographic Sensitised Film Manufacturing,18,true,no,,,,,,,,,,no,,,,,,,,no,,,,,,,
18910040,Sensitised Paper Manufacturing,18,true,no,,,,,,,,,,no,,,,,,,,no,,,,,,,
18920005,Ammonium Nitrate Manufacturing - Used As An Explosive,18,true,no,,,,,,,,,,no,,,,,,,,no,,,,,,,
18920015,Blasting Powder Manufacturing,18,true,no,,,,,,,,,,no,,,,,,,,no,,,,,,,
18920020,Cellulose Nitrate Manufacturing,18,true,no,,,,,,,,,,no,,,,,,,,no,,,,,,,
18920030,Detonating Or Fuse Cap Manufacturing,18,true,no,,,,,,,,,,no,,,,,,,,no,,,,,,,
18920035,Detonator Manufacturing,18,true,no,,,,,,,,,,no,,,,,,,,no,,,,,,,
18920040,Dynamite Manufacturing,18,true,no,,,,,,,,,,no,,,,,,,,no,,,,,,,
18920050,Explosives Manufacturing,18,true,no,,,,,,,,,,no,,,,,,,,no,,,,,,,
18920055,Firework Manufacturing,18,true,no,,,,,,,,,,no,,,,,,,,no,,,,,,,
18920070,Gelignite Manufacturing,18,true,no,,,,,,,,,,no,,,,,,,,no,,,,,,,
18920075,Gun Cotton Manufacturing,18,true,no,,,,,,,,,,no,,,,,,,,no,,,,,,,
18920090,Match Box Manufacturing,18,true,no,,,,,,,,,,no,,,,,,,,no,,,,,,,
18920095,Match Manufacturing,18,true,no,,,,,,,,,,no,,,,,,,,no,,,,,,,
18920115,Propellent Powder Manufacturing,18,true,no,,,,,,,,,,no,,,,,,,,no,,,,,,,
18920120,Pyrotechnic Goods Manufacturing (Except Ammunition),18,true,no,,,,,,,,,,no,,,,,,,,no,,,,,,,
18920135,Safety Fuse Manufacturing,18,true,no,,,,,,,,,,no,,,,,,,,no,,,,,,,
18920140,Signal Flare Manufacturing,18,true,no,,,,,,,,,,no,,,,,,,,no,,,,,,,
18990005,Antifreeze Compound Manufacturing,18,true,no,,,,,,,,,,no,,,,,,,,no,,,,,,,
18990015,Bees Wax Manufacturing,18,true,no,,,,,,,,,,no,,,,,,,,no,,,,,,,
18990030,Concrete Additive Or Masonry Surface Treatment Manufacturing (Except Water Shedding Preparations),18,true,no,,,,,,,,,,no,,,,,,,,no,,,,,,,
18990035,Correction Fluid Manufacturing,18,true,no,,,,,,,,,,no,,,,,,,,no,,,,,,,
18990040,Distilled Water Manufacturing,18,true,no,,,,,,,,,,no,,,,,,,,no,,,,,,,
18990045,Dry-cleaning Compound Manufacturing,18,true,no,,,,,,,,,,no,,,,,,,,no,,,,,,,
18990055,Embalming Compound Manufacturing - Formaldehyde And Additives,18,true,no,,,,,,,,,,no,,,,,,,,no,,,,,,,
18990060,Essential Oil Distilling Or Refining,18,true,no,,,,,,,,,,no,,,,,,,,no,,,,,,,
18990065,Eucalyptus Oil Distilling,18,true,no,,,,,,,,,,no,,,,,,,,no,,,,,,,
18990075,Flux Manufacturing - Welding And Soldering,18,true,no,,,,,,,,,,no,,,,,,,,no,,,,,,,
18990080,Gelatin Manufacturing (Except Chemically Hardened),18,true,no,,,,,,,,,,no,,,,,,,,no,,,,,,,
18990085,Incense Manufacturing,18,true,no,,,,,,,,,,no,,,,,,,,no,,,,,,,
18990090,Isinglass Manufacturing,18,true,no,,,,,,,,,,no,,,,,,,,no,,,,,,,
18990135,Tanners Grease Manufacturing,18,true,no,,,,,,,,,,no,,,,,,,,no,,,,,,,
19110005,Adhesive Friction Tape Manufacturing,19,true,no,,,,,,,,,,no,,,,,,,,no,,,,,,,
19110010,Bag Plastic Manufacturing,19,true,no,,,,,,,,,,no,,,,,,,,no,,,,,,,
19110025,Bubble Packaging Manufacturing,19,true,no,,,,,,,,,,no,,,,,,,,no,,,,,,,
19110040,Film Plastic Manufacturing,19,true,no,,,,,,,,,,no,,,,,,,,no,,,,,,,
19110050,Food Wrapping Plastic Manufacturing,19,true,no,,,,,,,,,,no,,,,,,,,no,,,,,,,
19110055,Garbage Bag Plastic Manufacturing,19,true,no,,,,,,,,,,no,,,,,,,,no,,,,,,,
19110090,Plastic Lamination With Paper,19,true,no,,,,,,,,,,no,,,,,,,,no,,,,,,,
19120005,Artificial Flowers Manufacturing,19,true,no,,,,,,,,,,no,,,,,,,,no,,,,,,,
19120086,Kitchenware Manufacturing - Plastic N.e.c.,19,true,no,,,,,,,,,,no,,,,,,,,no,,,,,,,
19120095,Moulded Junctions For Plastic Pipes Manufacturing,19,true,no,,,,,,,,,,no,,,,,,,,no,,,,,,,
19120115,Pipe Plastic Manufacturing,19,true,no,,,,,,,,,,no,,,,,,,,no,,,,,,,
19120140,Plastic Blow Moulded Product Manufacturing,19,true,no,,,,,,,,,,no,,,,,,,,no,,,,,,,
19120230,Plastic Electrical Or Electronic Equipment Components Manufacturing,19,true,no,,,,,,,,,,no,,,,,,,,no,,,,,,,
19120245,Plastic Furniture Manufacturing,19,true,no,,,,,,,,,,no,,,,,,,,no,,,,,,,
19120255,Plastic Injection Moulding Manufacturing,19,true,no,,,,,,,,,,no,,,,,,,,no,,,,,,,
19120295,Plastic Picnicware Manufacturing,19,true,no,,,,,,,,,,no,,,,,,,,no,,,,,,,
19120305,Plastic Pipe Manufacturing,19,true,no,,,,,,,,,,no,,,,,,,,no,,,,,,,
19120355,Plastic Tubing Manufacturing,19,true,no,,,,,,,,,,no,,,,,,,,no,,,,,,,
19120385,Portable Toilet Building Manufacturing - Plastic,19,true,no,,,,,,,,,,no,,,,,,,,no,,,,,,,
19120410,Rigid Or Semi-rigid Plastic Products Manufacturing,19,true,no,,,,,,,,,,no,,,,,,,,no,,,,,,,
19120440,Spa Pool And Hot Tub Manufacturing - Rigid Fibre Reinforced Plastic,19,true,no,,,,,,,,,,no,,,,,,,,no,,,,,,,
19130005,Bicycle Safety Helmet Manufacturing,19,true,no,,,,,,,,,,no,,,,,,,,no,,,,,,,
19130020,Flexible Foam Padding Manufacturing,19,true,no,,,,,,,,,,no,,,,,,,,no,,,,,,,
19130025,Foam Insulation Or Padding Manufacturing,19,true,no,,,,,,,,,,no,,,,,,,,no,,,,,,,
19130040,Plastic Foam Manufacturing,19,true,no,,,,,,,,,,no,,,,,,,,no,,,,,,,
19130046,Resin Casting (Expanded Polystyrene Product),19,true,no,,,,,,,,,,no,,,,,,,,no,,,,,,,
19130055,Shaping Of Styrofoam Blocks,19,true,no,,,,,,,,,,no,,,,,,,,no,,,,,,,
19130070,Styrofoam Fast Food Container Manufacturing,19,true,no,,,,,,,,,,no,,,,,,,,no,,,,,,,
19130075,Styrofoam Picnic Hamper Manufacturing,19,true,no,,,,,,,,,,no,,,,,,,,no,,,,,,,
19140020,Motor Vehicle Tyres Or Tubes Manufacturing,19,true,no,,,,,,,,,,no,,,,,,,,no,,,,,,,
19140025,Pneumatic Rubber Tyre Manufacturing,19,true,no,,,,,,,,,,no,,,,,,,,no,,,,,,,
19140030,Reconditioning Of Rubber Tyres - Including Recapping Retreading Or Rerubbering,19,true,no,,,,,,,,,,no,,,,,,,,no,,,,,,,
19140040,Rubber Tube Manufacturing For Pneumatic Tyres,19,true,no,,,,,,,,,,no,,,,,,,,no,,,,,,,
19140045,Solid Or Semi-pneumatic Rubber Tyres Or Tubing Manufacturing (Except Hose),19,true,no,,,,,,,,,,no,,,,,,,,no,,,,,,,
19140046,Solid Rubber Tyres Manufacturing,19,true,no,,,,,,,,,,no,,,,,,,,no,,,,,,,
19140050,Tread Rubber Manufacturing - Camelback,19,true,no,,,,,,,,,,no,,,,,,,,no,,,,,,,
19150010,Adhesive Manufacturing (Except Bituminous),19,true,no,,,,,,,,,,no,,,,,,,,no,,,,,,,
19150015,Casein Glue Manufacturing,19,true,no,,,,,,,,,,no,,,,,,,,no,,,,,,,
19150025,Glue Manufacturing,19,true,no,,,,,,,,,,no,,,,,,,,no,,,,,,,
19150050,Synthetic Resin Adhesives Or Plastic Adhesives Manufacturing,19,true,no,,,,,,,,,,no,,,,,,,,no,,,,,,,
19160020,Carbon Ink Manufacturing,19,true,no,,,,,,,,,,no,,,,,,,,no,,,,,,,
19160030,Caulking Compound Manufacturing,19,true,no,,,,,,,,,,no,,,,,,,,no,,,,,,,
19160040,Drawing Ink Manufacturing,19,true,no,,,,,,,,,,no,,,,,,,,no,,,,,,,
19160050,Enamel Paint Manufacturing,19,true,no,,,,,,,,,,no,,,,,,,,no,,,,,,,
19160055,Filler And Putty Manufacturing - Including Spray Forms,19,true,no,,,,,,,,,,no,,,,,,,,no,,,,,,,
19160070,Indelible Ink Manufacturing,19,true,no,,,,,,,,,,no,,,,,,,,no,,,,,,,
19160075,India Ink Manufacturing,19,true,no,,,,,,,,,,no,,,,,,,,no,,,,,,,
19160080,Ink Manufacturing,19,true,no,,,,,,,,,,no,,,,,,,,no,,,,,,,
19160095,Lacquer Manufacturing,19,true,no,,,,,,,,,,no,,,,,,,,no,,,,,,,
19160130,Oil Paint Manufacturing,19,true,no,,,,,,,,,,no,,,,,,,,no,,,,,,,
19160135,Paint Manufacturing (Except Bituminous),19,true,no,,,,,,,,,,no,,,,,,,,no,,,,,,,
19160155,Prepared Paint Or Varnish Remover Manufacturing,19,true,no,,,,,,,,,,no,,,,,,,,no,,,,,,,
19160160,Prepared Paint Thinner Manufacturing,19,true,no,,,,,,,,,,no,,,,,,,,no,,,,,,,
19160165,Prepared Paint Tinting Colour Manufacturing,19,true,no,,,,,,,,,,no,,,,,,,,no,,,,,,,
19160175,Primer Or Undercoat Paint Manufacturing,19,true,no,,,,,,,,,,no,,,,,,,,no,,,,,,,
19160185,Printing Ink Manufacturing,19,true,no,,,,,,,,,,no,,,,,,,,no,,,,,,,
19160195,Rubbing Compound Manufacturing,19,true,no,,,,,,,,,,no,,,,,,,,no,,,,,,,
19160215,Silk Screen Ink Manufacturing,19,true,no,,,,,,,,,,no,,,,,,,,no,,,,,,,
19160220,Stain Manufacturing - Including Decking Stains And Oils,19,true,no,,,,,,,,,,no,,,,,,,,no,,,,,,,
19160225,Toner Manufacturing (Except Facial Cleanser),19,true,no,,,,,,,,,,no,,,,,,,,no,,,,,,,
19160235,Varnish Manufacturing,19,true,no,,,,,,,,,,no,,,,,,,,no,,,,,,,
19160240,Water Paint Manufacturing,19,true,no,,,,,,,,,,no,,,,,,,,no,,,,,,,
19160250,Water Shedding Preparations Manufacturing Masonry Surface Treatments,19,true,no,,,,,,,,,,no,,,,,,,,no,,,,,,,
19160255,Wood Stain Manufacturing Packed For Sale,19,true,no,,,,,,,,,,no,,,,,,,,no,,,,,,,
19160260,Writing Ink Manufacturing,19,true,no,,,,,,,,,,no,,,,,,,,no,,,,,,,
19190005,Awning Fibreglass Manufacturing,19,true,no,,,,,,,,,,no,,,,,,,,no,,,,,,,
19190015,Cutting Plastic To Size,19,true,no,,,,,,,,,,no,,,,,,,,no,,,,,,,
19190020,Disposable Plastic Gloves Manufacturing,19,true,no,,,,,,,,,,no,,,,,,,,no,,,,,,,
19190030,Extruded Plastic Sections Manufacturing (Except Rigid Or Semi-rigid),19,true,no,,,,,,,,,,no,,,,,,,,no,,,,,,,
19190035,Fibre Reinforced Plastic Automotive Components Manufacturing,19,true,no,,,,,,,,,,no,,,,,,,,no,,,,,,,
19190046,Fibreglass Manufacturing,19,true,no,,,,,,,,,,no,,,,,,,,no,,,,,,,
19190050,Fibreglass Products Manufacturing (Except Furniture),19,true,no,,,,,,,,,,no,,,,,,,,no,,,,,,,
19190055,Fibreglass Reinforced Plastic Swimming Pool Shell Manufacturing,19,true,no,,,,,,,,,,no,,,,,,,,no,,,,,,,
19190060,Fibreglass Reinforced Plastic Tank Manufacturing,19,true,no,,,,,,,,,,no,,,,,,,,no,,,,,,,
19190061,Fibre Reinforced Plastic Spa Pool And Hot Tub Manufacturing,19,true,no,,,,,,,,,,no,,,,,,,,no,,,,,,,
19190075,Garbage Bin Plastic Manufacturing,19,true,no,,,,,,,,,,no,,,,,,,,no,,,,,,,
19190090,Hard Surface Floor Covering Manufacturing,19,true,no,,,,,,,,,,no,,,,,,,,no,,,,,,,
19190095,High-density Safety Equipment Manufacturing (E.g. Military Helmets),19,true,no,,,,,,,,,,no,,,,,,,,no,,,,,,,
19190100,Hose Plastic Or Composite Manufacturing,19,true,no,,,,,,,,,,no,,,,,,,,no,,,,,,,
19190105,Hull Boat Building Manufacturing,19,true,no,,,,,,,,,,no,,,,,,,,no,,,,,,,
19190125,Plastic Extruded Product Manufacturing (Except Rigid Or Semi-rigid),19,true,no,,,,,,,,,,no,,,,,,,,no,,,,,,,
19190140,Plastic Linoleum Or Plastic Floor Coverings Manufacturing,19,true,no,,,,,,,,,,no,,,,,,,,no,,,,,,,
19190150,Plastic Wall Coverings Manufacturing,19,true,no,,,,,,,,,,no,,,,,,,,no,,,,,,,
19190160,Refrigeration Container Insulation Sheet Manufacturing,19,true,no,,,,,,,,,,no,,,,,,,,no,,,,,,,
19190165,Rigid Fibreglass Reinforced Plastic Sheet Manufacturing,19,true,no,,,,,,,,,,no,,,,,,,,no,,,,,,,
19190180,Synthetic Rubber Products Manufacturing,19,true,no,,,,,,,,,,no,,,,,,,,no,,,,,,,
19190200,Welding Services - Plastic,19,true,no,,,,,,,,,,no,,,,,,,,no,,,,,,,
19200010,Condom Natural Rubber Manufacturing,19,true,no,,,,,,,,,,no,,,,,,,,no,,,,,,,
19200015,Conveyor Belt Natural Rubber Manufacturing,19,true,no,,,,,,,,,,no,,,,,,,,no,,,,,,,
19200020,Diaphragm Natural Rubber Manufacturing,19,true,no,,,,,,,,,,no,,,,,,,,no,,,,,,,
19200035,Foam Rubber Manufacturing,19,true,no,,,,,,,,,,no,,,,,,,,no,,,,,,,
19200045,Hose Natural Rubber Manufacturing,19,true,no,,,,,,,,,,no,,,,,,,,no,,,,,,,
19200050,Hot Water Bottle Natural Rubber Manufacturing,19,true,no,,,,,,,,,,no,,,,,,,,no,,,,,,,
19200060,Natural Rubber Gloves Manufacturing,19,true,no,,,,,,,,,,no,,,,,,,,no,,,,,,,
19200070,Natural Rubber Products Manufacturing,19,true,no,,,,,,,,,,no,,,,,,,,no,,,,,,,
19200085,Rubber Balloon Manufacturing,19,true,no,,,,,,,,,,no,,,,,,,,no,,,,,,,
19200100,Rubber Bathing Cap Manufacturing,19,true,no,,,,,,,,,,no,,,,,,,,no,,,,,,,
19200125,Rubber Cushions Or Pillows Manufacturing,19,true,no,,,,,,,,,,no,,,,,,,,no,,,,,,,
19200130,Rubber Eraser Manufacturing,19,true,no,,,,,,,,,,no,,,,,,,,no,,,,,,,
19200140,Rubber Floor Coverings Or Underlays Manufacturing,19,true,no,,,,,,,,,,no,,,,,,,,no,,,,,,,
19200145,Rubber Ground Sheet Manufacturing,19,true,no,,,,,,,,,,no,,,,,,,,no,,,,,,,
19200150,Rubber Handles Manufacturing,19,true,no,,,,,,,,,,no,,,,,,,,no,,,,,,,
19200190,Rubber Sheeting Manufacturing,19,true,no,,,,,,,,,,no,,,,,,,,no,,,,,,,
19200210,Rubber Stationers Bands Manufacturing,19,true,no,,,,,,,,,,no,,,,,,,,no,,,,,,,
19200215,Rubber Tiles Manufacturing,19,true,no,,,,,,,,,,no,,,,,,,,no,,,,,,,
19200220,Rubber V Belt Manufacturing,19,true,no,,,,,,,,,,no,,,,,,,,no,,,,,,,
19200225,Rubber Valves Manufacturing,19,true,no,,,,,,,,,,no,,,,,,,,no,,,,,,,
19200235,Rubber Water Bottle Manufacturing,19,true,no,,,,,,,,,,no,,,,,,,,no,,,,,,,
19200255,Washer Natural Rubber Manufacturing,19,true,no,,,,,,,,,,no,,,,,,,,no,,,,,,,
20100005,Automotive Glass Manufacturing,20,true,no,,,,,,,,,,no,,,,,,,,no,,,,,,,
20100010,Bead Glass Manufacturing,20,true,no,,,,,,,,,,no,,,,,,,,no,,,,,,,
20100015,Block Glass Manufacturing,20,true,no,,,,,,,,,,no,,,,,,,,no,,,,,,,
20100020,Bottle Glass Manufacturing,20,true,no,,,,,,,,,,no,,,,,,,,no,,,,,,,
20100025,Container Glass Manufacturing,20,true,no,,,,,,,,,,no,,,,,,,,no,,,,,,,
20100030,Crystal Glass Manufacturing,20,true,no,,,,,,,,,,no,,,,,,,,no,,,,,,,
20100035,Domestic Glassware Manufacturing,20,true,no,,,,,,,,,,no,,,,,,,,no,,,,,,,
20100040,Drinking Glass Manufacturing,20,true,no,,,,,,,,,,no,,,,,,,,no,,,,,,,
20100105,Glass Jar Manufacturing,20,true,no,,,,,,,,,,no,,,,,,,,no,,,,,,,
20100110,Glass Kitchenware Manufacturing,20,true,no,,,,,,,,,,no,,,,,,,,no,,,,,,,
20100120,Glass Or Glass Product Manufacturing (Except Glass Wool Or Glass Wool Products),20,true,no,,,,,,,,,,no,,,,,,,,no,,,,,,,
20100145,Glass Sheet Manufacturing,20,true,no,,,,,,,,,,no,,,,,,,,no,,,,,,,
20100155,Insulator Glass Manufacturing,20,true,no,,,,,,,,,,no,,,,,,,,no,,,,,,,
20100170,Laboratory Glassware Manufacturing,20,true,no,,,,,,,,,,no,,,,,,,,no,,,,,,,
20100175,Laminated Sheet Glass Manufacturing,20,true,no,,,,,,,,,,no,,,,,,,,no,,,,,,,
20100185,Mirror Manufacturing (Except Motor Vehicle Mirrors),20,true,no,,,,,,,,,,no,,,,,,,,no,,,,,,,
20100190,Optical Glass Or Blanks For Lenses Manufacturing,20,true,no,,,,,,,,,,no,,,,,,,,no,,,,,,,
20100200,Ornamental Glassware Manufacturing,20,true,no,,,,,,,,,,no,,,,,,,,no,,,,,,,
20100205,Ovenware Glass Manufacturing,20,true,no,,,,,,,,,,no,,,,,,,,no,,,,,,,
20100210,Plate Glass Manufacturing,20,true,no,,,,,,,,,,no,,,,,,,,no,,,,,,,
20100225,Safety Glass Manufacturing,20,true,no,,,,,,,,,,no,,,,,,,,no,,,,,,,
20100230,Scientific Glassware Manufacturing,20,true,no,,,,,,,,,,no,,,,,,,,no,,,,,,,
20100240,Stained Glass Sheet Manufacturing,20,true,no,,,,,,,,,,no,,,,,,,,no,,,,,,,
20100245,Structural Glass Manufacturing,20,true,no,,,,,,,,,,no,,,,,,,,no,,,,,,,
20100255,Tubing Glass Manufacturing,20,true,no,,,,,,,,,,no,,,,,,,,no,,,,,,,
20100260,Window Glass Manufacturing,20,true,no,,,,,,,,,,no,,,,,,,,no,,,,,,,
20100265,Windscreen Glass Manufacturing,20,true,no,,,,,,,,,,no,,,,,,,,no,,,,,,,
20210021,Brick And Tile Works,20,true,no,,,,,,,,,,no,,,,,,,,no,,,,,,,
20210030,Face Or Texture Brick Manufacturing (Except Refractory),20,true,no,,,,,,,,,,no,,,,,,,,no,,,,,,,
20290005,Agricultural Pipes Ceramic Manufacturing,20,true,no,,,,,,,,,,no,,,,,,,,no,,,,,,,
20290015,Art Pottery Manufacturing,20,true,no,,,,,,,,,,no,,,,,,,,no,,,,,,,
20290020,Bathroom Fixture Vitreous China Manufacturing,20,true,no,,,,,,,,,,no,,,,,,,,no,,,,,,,
20290025,Brick Fireclay Manufacturing,20,true,no,,,,,,,,,,no,,,,,,,,no,,,,,,,
20290030,Brick Refractory Manufacturing,20,true,no,,,,,,,,,,no,,,,,,,,no,,,,,,,
20290035,Cement Refractory Manufacturing,20,true,no,,,,,,,,,,no,,,,,,,,no,,,,,,,
20290050,Ceramic Construction Goods Manufacturing,20,true,no,,,,,,,,,,no,,,,,,,,no,,,,,,,
20290055,Ceramic Floor Or Wall Tile Manufacturing,20,true,no,,,,,,,,,,no,,,,,,,,no,,,,,,,
20290065,Ceramic Goods Manufacturing,20,true,no,,,,,,,,,,no,,,,,,,,no,,,,,,,
20290070,Ceramic Kitchenware Manufacturing,20,true,no,,,,,,,,,,no,,,,,,,,no,,,,,,,
20290075,Ceramic Ovenware Manufacturing,20,true,no,,,,,,,,,,no,,,,,,,,no,,,,,,,
20290090,Ceramic Tile Manufacturing,20,true,no,,,,,,,,,,no,,,,,,,,no,,,,,,,
20290095,Ceramic Vase Manufacturing,20,true,no,,,,,,,,,,no,,,,,,,,no,,,,,,,
20290110,China Goods Manufacturing (Except Tiles),20,true,no,,,,,,,,,,no,,,,,,,,no,,,,,,,
20290120,China Ornamental Goods Manufacturing (Except Tiles),20,true,no,,,,,,,,,,no,,,,,,,,no,,,,,,,
20290130,Clay Roof Tile Manufacturing,20,true,no,,,,,,,,,,no,,,,,,,,no,,,,,,,
20290140,Clay Refractory Manufacturing,20,true,no,,,,,,,,,,no,,,,,,,,no,,,,,,,
20290145,Crockery Manufacturing,20,true,no,,,,,,,,,,no,,,,,,,,no,,,,,,,
20290150,Crucible Refractory Manufacturing,20,true,no,,,,,,,,,,no,,,,,,,,no,,,,,,,
20290155,Earthenware Construction Goods Manufacturing,20,true,no,,,,,,,,,,no,,,,,,,,no,,,,,,,
20290160,Earthenware Table Or Kitchen Manufacturing,20,true,no,,,,,,,,,,no,,,,,,,,no,,,,,,,
20290170,Flower Pot Ceramic Manufacturing,20,true,no,,,,,,,,,,no,,,,,,,,no,,,,,,,
20290180,Graphite Crucible Or Foundry Accessory Manufacturing,20,true,no,,,,,,,,,,no,,,,,,,,no,,,,,,,
20290185,Industrial Ceramics Manufacturing,20,true,no,,,,,,,,,,no,,,,,,,,no,,,,,,,
20290190,Insulator Porcelain Manufacturing,20,true,no,,,,,,,,,,no,,,,,,,,no,,,,,,,
20290205,Pipe Ceramic Manufacturing - Including Vitreous China Or Porcelain,20,true,no,,,,,,,,,,no,,,,,,,,no,,,,,,,
20290210,Porcelain Goods Manufacturing,20,true,no,,,,,,,,,,no,,,,,,,,no,,,,,,,
20290225,Pottery Goods Manufacturing,20,true,no,,,,,,,,,,no,,,,,,,,no,,,,,,,
20290235,Pottery Art Manufacturing,20,true,no,,,,,,,,,,no,,,,,,,,no,,,,,,,
20290275,Refractory Products Manufacturing,20,true,no,,,,,,,,,,no,,,,,,,,no,,,,,,,
20290295,Ridge Caps Terracotta Manufacturing,20,true,no,,,,,,,,,,no,,,,,,,,no,,,,,,,
20290300,Roof Tile Clay Or Terracotta Manufacturing,20,true,no,,,,,,,,,,no,,,,,,,,no,,,,,,,
20290315,Sanitary Ware Vitreous China Or Porcelain Manufacturing,20,true,no,,,,,,,,,,no,,,,,,,,no,,,,,,,
20290320,Silica Brick Refractory Manufacturing,20,true,no,,,,,,,,,,no,,,,,,,,no,,,,,,,
20290325,Stoneware Pipe Or Fittings Manufacturing,20,true,no,,,,,,,,,,no,,,,,,,,no,,,,,,,
20290335,Stoneware Table Or Kitchen Manufacturing,20,true,no,,,,,,,,,,no,,,,,,,,no,,,,,,,
20290350,Terracotta Construction Goods Manufacturing,20,true,no,,,,,,,,,,no,,,,,,,,no,,,,,,,
20290370,Terracotta Ware Manufacturing,20,true,no,,,,,,,,,,no,,,,,,,,no,,,,,,,
20290375,Tile Ceramic Wall Or Floor Manufacturing,20,true,no,,,,,,,,,,no,,,,,,,,no,,,,,,,
20290390,Vitreous China Goods Manufacturing (Except Tiles),20,true,no,,,,,,,,,,no,,,,,,,,no,,,,,,,
20290400,Vitreous China Or Porcelain Kitchen Sink Manufacturing,20,true,no,,,,,,,,,,no,,,,,,,,no,,,,,,,
20290405,Vitreous China Or Porcelain Mosaic Tile Manufacturing,20,true,no,,,,,,,,,,no,,,,,,,,no,,,,,,,
20290410,Vitreous China Or Porcelain Pipes Or Pipe Fittings Manufacturing,20,true,no,,,,,,,,,,no,,,,,,,,no,,,,,,,
20290420,Vitreous China Or Porcelain Toilet Cistern Manufacturing,20,true,no,,,,,,,,,,no,,,,,,,,no,,,,,,,
20290425,Vitreous China Or Porcelain Wash Basin Manufacturing,20,true,no,,,,,,,,,,no,,,,,,,,no,,,,,,,
20290430,Zirconia Ceramic Manufacturing,20,true,no,,,,,,,,,,no,,,,,,,,no,,,,,,,
20310015,Cement Manufacturing (Except Adhesive Or Refractory),20,true,no,,,,,,,,,,no,,,,,,,,no,,,,,,,
20310040,Hydraulic Cement Manufacturing,20,true,no,,,,,,,,,,no,,,,,,,,no,,,,,,,
20310050,Lime Manufacturing,20,true,no,,,,,,,,,,no,,,,,,,,no,,,,,,,
20310055,Portland Cement Manufacturing,20,true,no,,,,,,,,,,no,,,,,,,,no,,,,,,,
20320005,Acoustic Tile Plaster Manufacturing,20,true,no,,,,,,,,,,no,,,,,,,,no,,,,,,,
20320010,Cornice Plaster Manufacturing,20,true,no,,,,,,,,,,no,,,,,,,,no,,,,,,,
20320015,Display Model Plaster Manufacturing,20,true,no,,,,,,,,,,no,,,,,,,,no,,,,,,,
20320020,Fibrous Plaster Product Manufacturing,20,true,no,,,,,,,,,,no,,,,,,,,no,,,,,,,
20320040,Insulating Board Plaster Manufacturing,20,true,no,,,,,,,,,,no,,,,,,,,no,,,,,,,
20320045,Moulding Plaster Manufacturing,20,true,no,,,,,,,,,,no,,,,,,,,no,,,,,,,
20320055,Plaster Board Manufacturing,20,true,no,,,,,,,,,,no,,,,,,,,no,,,,,,,
20320085,Plaster Of Paris Manufacturing,20,true,no,,,,,,,,,,no,,,,,,,,no,,,,,,,
20320090,Plaster Product Manufacturing (Except Dental Or Medical Plasters),20,true,no,,,,,,,,,,no,,,,,,,,no,,,,,,,
20320100,Plaster Sheet Manufacturing,20,true,no,,,,,,,,,,no,,,,,,,,no,,,,,,,
20320105,Plaster Tiles Manufacturing,20,true,no,,,,,,,,,,no,,,,,,,,no,,,,,,,
20320110,Plaster Wall Or Ceiling Boards Manufacturing,20,true,no,,,,,,,,,,no,,,,,,,,no,,,,,,,
20320125,Tile Plaster Manufacturing,20,true,no,,,,,,,,,,no,,,,,,,,no,,,,,,,
20330005,Concrete Slurry Manufacturing,20,true,no,,,,,,,,,,no,,,,,,,,no,,,,,,,
20330020,Mortar Dry Mix Manufacturing,20,true,no,,,,,,,,,,no,,,,,,,,no,,,,,,,
20330025,Ready Mixed Concrete Manufacturing,20,true,no,,,,,,,,,,no,,,,,,,,no,,,,,,,
20340005,Autoclaved Aerated Concrete Product Manufacturing,20,true,no,,,,,,,,,,no,,,,,,,,no,,,,,,,
20340010,Block Concrete Manufacturing,20,true,no,,,,,,,,,,no,,,,,,,,no,,,,,,,
20340015,Box Culvert Concrete Manufacturing,20,true,no,,,,,,,,,,no,,,,,,,,no,,,,,,,
20340020,Brick Concrete Manufacturing,20,true,no,,,,,,,,,,no,,,,,,,,no,,,,,,,
20340025,Building Board Cement Based Manufacturing,20,true,no,,,,,,,,,,no,,,,,,,,no,,,,,,,
20340035,Cistern Concrete Manufacturing,20,true,no,,,,,,,,,,no,,,,,,,,no,,,,,,,
20340085,Concrete Meter Box Manufacturing,20,true,no,,,,,,,,,,no,,,,,,,,no,,,,,,,
20340090,Concrete Monument Or Grave Marker Manufacturing,20,true,no,,,,,,,,,,no,,,,,,,,no,,,,,,,
20340095,Concrete Mouldings Manufacturing,20,true,no,,,,,,,,,,no,,,,,,,,no,,,,,,,
20340115,Concrete Product Manufacturing,20,true,no,,,,,,,,,,no,,,,,,,,no,,,,,,,
20340145,Concrete Styrofoam Composite Product Manufacturing,20,true,no,,,,,,,,,,no,,,,,,,,no,,,,,,,
20340175,Floor Or Wall Tile Concrete Manufacturing,20,true,no,,,,,,,,,,no,,,,,,,,no,,,,,,,
20340180,Flower Pot Concrete Manufacturing,20,true,no,,,,,,,,,,no,,,,,,,,no,,,,,,,
20340185,Manhole Cover Concrete Manufacturing,20,true,no,,,,,,,,,,no,,,,,,,,no,,,,,,,
20340210,Ornamental Concrete Or Terrazzo Product Manufacturing,20,true,no,,,,,,,,,,no,,,,,,,,no,,,,,,,
20340220,Pipe Concrete Manufacturing,20,true,no,,,,,,,,,,no,,,,,,,,no,,,,,,,
20340225,Post Or Pole Concrete Manufacturing,20,true,no,,,,,,,,,,no,,,,,,,,no,,,,,,,
20340230,Prefabricated Bus Shelter Manufacturing - Concrete,20,true,no,,,,,,,,,,no,,,,,,,,no,,,,,,,
20340235,Prefabricated Concrete Building Manufacturing,20,true,no,,,,,,,,,,no,,,,,,,,no,,,,,,,
20340245,Prefabricated Concrete Panels Or Sections Manufacturing,20,true,no,,,,,,,,,,no,,,,,,,,no,,,,,,,
20340250,Prefabricated Concrete Survival Huts Manufacturing (Except Metal),20,true,no,,,,,,,,,,no,,,,,,,,no,,,,,,,
20340260,Prestressed Concrete Pipe Manufacturing,20,true,no,,,,,,,,,,no,,,,,,,,no,,,,,,,
20340265,Prestressed Concrete Products Manufacturing,20,true,no,,,,,,,,,,no,,,,,,,,no,,,,,,,
20340270,Railway Sleeper Concrete Manufacturing,20,true,no,,,,,,,,,,no,,,,,,,,no,,,,,,,
20340275,Roof Component Concrete Manufacturing,20,true,no,,,,,,,,,,no,,,,,,,,no,,,,,,,
20340280,Roof Tile Concrete Manufacturing,20,true,no,,,,,,,,,,no,,,,,,,,no,,,,,,,
20340285,Sink Or Tub Concrete Manufacturing,20,true,no,,,,,,,,,,no,,,,,,,,no,,,,,,,
20340290,Tank Concrete Manufacturing,20,true,no,,,,,,,,,,no,,,,,,,,no,,,,,,,
20340295,Terrazzo Product Manufacturing,20,true,no,,,,,,,,,,no,,,,,,,,no,,,,,,,
20340305,Tile Concrete Manufacturing,20,true,no,,,,,,,,,,no,,,,,,,,no,,,,,,,
20340310,Wall Fitting Terrazzo Manufacturing,20,true,no,,,,,,,,,,no,,,,,,,,no,,,,,,,
20900020,Abrasive Manufacturing,20,true,no,,,,,,,,,,no,,,,,,,,no,,,,,,,
20900035,Acoustic Tile Panel Or Board Manufacturing - Glass Or Mineral Wool,20,true,no,,,,,,,,,,no,,,,,,,,no,,,,,,,
20900045,Asbestos Cement Board Manufacturing,20,true,no,,,,,,,,,,no,,,,,,,,no,,,,,,,
20900085,Asbestos Product Manufacturing,20,true,no,,,,,,,,,,no,,,,,,,,no,,,,,,,
20900090,Asbestos Sheet Manufacturing,20,true,no,,,,,,,,,,no,,,,,,,,no,,,,,,,
20900100,Bags Or Packets Of Composite Material Of Paper And Metal Foil Manufacturing,20,true,no,,,,,,,,,,no,,,,,,,,no,,,,,,,
20900105,Boron Carbide Abrasive Manufacturing,20,true,no,,,,,,,,,,no,,,,,,,,no,,,,,,,
20900110,Brick Silica Lime Manufacturing,20,true,no,,,,,,,,,,no,,,,,,,,no,,,,,,,
20900115,Building Board Imitation Brick Or Stone Manufacturing,20,true,no,,,,,,,,,,no,,,,,,,,no,,,,,,,
20900120,Carbon Product Manufacturing (Except Brushes Electrodes Or Bearings),20,true,no,,,,,,,,,,no,,,,,,,,no,,,,,,,
20900125,Chalk Product Manufacturing (Except For Writing),20,true,no,,,,,,,,,,no,,,,,,,,no,,,,,,,
20900140,Diamond Powder Manufacturing,20,true,no,,,,,,,,,,no,,,,,,,,no,,,,,,,
20900150,Expanded Non-metallic Mineral Manufacturing,20,true,no,,,,,,,,,,no,,,,,,,,no,,,,,,,
20900155,Expanded Perlite Manufacturing,20,true,no,,,,,,,,,,no,,,,,,,,no,,,,,,,
20900160,Expanded Vermiculite Manufacturing,20,true,no,,,,,,,,,,no,,,,,,,,no,,,,,,,
20900165,Feldspar Ground Manufacturing,20,true,no,,,,,,,,,,no,,,,,,,,no,,,,,,,
20900166,Fire Retardant Materials Manufacturing (Excluding Asbestos),20,true,no,,,,,,,,,,no,,,,,,,,no,,,,,,,
20900170,Flooring Material Magnesite Manufacturing,20,true,no,,,,,,,,,,no,,,,,,,,no,,,,,,,
20900175,Foundry Core Sand Manufacturing,20,true,no,,,,,,,,,,no,,,,,,,,no,,,,,,,
20900180,Fullers Earth Ground Manufacturing,20,true,no,,,,,,,,,,no,,,,,,,,no,,,,,,,
20900190,Glass Fibre Manufacturing,20,true,no,,,,,,,,,,no,,,,,,,,no,,,,,,,
20900205,Glass Wool Manufacturing,20,true,no,,,,,,,,,,no,,,,,,,,no,,,,,,,
20900225,Granulated Slag Manufacturing,20,true,no,,,,,,,,,,no,,,,,,,,no,,,,,,,
20900230,Graphite Product Manufacturing (Except Brushes Or Bearings),20,true,no,,,,,,,,,,no,,,,,,,,no,,,,,,,
20900235,Grinding Wheel Manufacturing,20,true,no,,,,,,,,,,no,,,,,,,,no,,,,,,,
20900240,Ground Barite Manufacturing,20,true,no,,,,,,,,,,no,,,,,,,,no,,,,,,,
20900255,Ground Mineral Earths Manufacturing,20,true,no,,,,,,,,,,no,,,,,,,,no,,,,,,,
20900265,Headstone Manufacturing (Except Concrete),20,true,no,,,,,,,,,,no,,,,,,,,no,,,,,,,
20900275,Imitation Brick Or Stone Building Board Manufacturing,20,true,no,,,,,,,,,,no,,,,,,,,no,,,,,,,
20900300,Mica Product Manufacturing,20,true,no,,,,,,,,,,no,,,,,,,,no,,,,,,,
20900305,Mineral Earths Ground Manufacturing,20,true,no,,,,,,,,,,no,,,,,,,,no,,,,,,,
20900315,Mineral Wool Manufacturing,20,true,no,,,,,,,,,,no,,,,,,,,no,,,,,,,
20900320,Mineral Wool Product Manufacturing,20,true,no,,,,,,,,,,no,,,,,,,,no,,,,,,,
20900330,Monument Making (Except Concrete),20,true,no,,,,,,,,,,no,,,,,,,,no,,,,,,,
20900350,Non-bituminous And Non-plastic Laminations Of Paper Or Paperboard With Other Materials Manufacturing,20,true,no,,,,,,,,,,no,,,,,,,,no,,,,,,,
20900370,Processed Lightweight Aggregate Manufacturing,20,true,no,,,,,,,,,,no,,,,,,,,no,,,,,,,
20900375,Resin Coated Sand Manufacturing,20,true,no,,,,,,,,,,no,,,,,,,,no,,,,,,,
20900380,Rockwool Manufacturing,20,true,no,,,,,,,,,,no,,,,,,,,no,,,,,,,
20900390,Silica Lime Brick Manufacturing (Except Refractory),20,true,no,,,,,,,,,,no,,,,,,,,no,,,,,,,
20900395,Silicon Carbide Abrasive Manufacturing,20,true,no,,,,,,,,,,no,,,,,,,,no,,,,,,,
20900400,Slag Crushing,20,true,no,,,,,,,,,,no,,,,,,,,no,,,,,,,
20900420,Stone Product Manufacturing,20,true,no,,,,,,,,,,no,,,,,,,,no,,,,,,,
20900430,Stonemasonry Services,20,true,no,,,,,,,,,,no,,,,,,,,no,,,,,,,
20900440,Synthetic Gemstone Manufacturing,20,true,no,,,,,,,,,,no,,,,,,,,no,,,,,,,
20900445,Talc Ground Manufacturing,20,true,no,,,,,,,,,,no,,,,,,,,no,,,,,,,
20900460,Whiting Products Manufacturing,20,true,no,,,,,,,,,,no,,,,,,,,no,,,,,,,
21100005,Band Steel Manufacturing,21,true,no,,,,,,,,,,no,,,,,,,,no,,,,,,,
21100010,Bar Iron Or Steel Manufacturing,21,true,no,,,,,,,,,,no,,,,,,,,no,,,,,,,
21100015,Blank Steel Manufacturing,21,true,no,,,,,,,,,,no,,,,,,,,no,,,,,,,
21100055,Ferro-alloys Manufacturing - Including Manganese Silicon Or Chrome,21,true,no,,,,,,,,,,no,,,,,,,,no,,,,,,,
21100065,Flat-rolled Product Iron Or Steel Manufacturing,21,true,no,,,,,,,,,,no,,,,,,,,no,,,,,,,
21100080,High Carbon Tool Steel Manufacturing,21,true,no,,,,,,,,,,no,,,,,,,,no,,,,,,,
21100085,High Speed Steel Manufacturing,21,true,no,,,,,,,,,,no,,,,,,,,no,,,,,,,
21100090,Hot Rolled Steel Rods Shapes Strip Or Plate Manufacturing,21,true,no,,,,,,,,,,no,,,,,,,,no,,,,,,,
21100135,Pig Iron Manufacturing,21,true,no,,,,,,,,,,no,,,,,,,,no,,,,,,,
21100140,Powder Iron Or Steel Manufacturing,21,true,no,,,,,,,,,,no,,,,,,,,no,,,,,,,
21100145,Rail Fastening Or Other Rail Accessory Manufacturing,21,true,no,,,,,,,,,,no,,,,,,,,no,,,,,,,
21100150,Rail Steel Manufacturing,21,true,no,,,,,,,,,,no,,,,,,,,no,,,,,,,
21100155,Roof Decking Steel Manufacturing,21,true,no,,,,,,,,,,no,,,,,,,,no,,,,,,,
21100160,Section Steel Manufacturing,21,true,no,,,,,,,,,,no,,,,,,,,no,,,,,,,
21100165,Semi-finished Product Iron Or Steel Manufacturing,21,true,no,,,,,,,,,,no,,,,,,,,no,,,,,,,
21100185,Skelp Steel Manufacturing,21,true,no,,,,,,,,,,no,,,,,,,,no,,,,,,,
21100190,Spring Steel Manufacturing,21,true,no,,,,,,,,,,no,,,,,,,,no,,,,,,,
21100195,Stainless Steel Manufacturing,21,true,no,,,,,,,,,,no,,,,,,,,no,,,,,,,
21100200,Steel Alloy Manufacturing,21,true,no,,,,,,,,,,no,,,,,,,,no,,,,,,,
21100260,Tinplate Sheet Or Strip Manufacturing,21,true,no,,,,,,,,,,no,,,,,,,,no,,,,,,,
21210005,Blacksmithing,21,true,no,,,,,,,,,,no,,,,,,,,no,,,,,,,
21210015,Castings Iron Manufacturing,21,true,no,,,,,,,,,,no,,,,,,,,no,,,,,,,
21210020,Castings Steel Manufacturing,21,true,no,,,,,,,,,,no,,,,,,,,no,,,,,,,
21210025,Chain Cast Steel Manufacturing,21,true,no,,,,,,,,,,no,,,,,,,,no,,,,,,,
21210030,Die-casting Steel Manufacturing,21,true,no,,,,,,,,,,no,,,,,,,,no,,,,,,,
21210035,Direct Casting Iron Manufacturing,21,true,no,,,,,,,,,,no,,,,,,,,no,,,,,,,
21210040,Direct Casting Steel Manufacturing,21,true,no,,,,,,,,,,no,,,,,,,,no,,,,,,,
21210050,Iron Or Steel Direct Castings Manufacturing,21,true,no,,,,,,,,,,no,,,,,,,,no,,,,,,,
21210055,Moulded Cast Iron Pipe Or Tube Manufacturing,21,true,no,,,,,,,,,,no,,,,,,,,no,,,,,,,
21210060,Pipe Fitting Cast Ferrous Manufacturing,21,true,no,,,,,,,,,,no,,,,,,,,no,,,,,,,
21210085,Tube Spun-cast Iron Manufacturing,21,true,no,,,,,,,,,,no,,,,,,,,no,,,,,,,
21210090,Valve Or Valve Parts Steam Gas Or Water Cast Manufacturing - Ferrous Metal,21,true,no,,,,,,,,,,no,,,,,,,,no,,,,,,,
21220005,Cold Drawn Steel Pipe Or Tube Manufacturing,21,true,no,,,,,,,,,,no,,,,,,,,no,,,,,,,
21220015,Ferrous Metal Steam Gas Or Water Fittings Manufacturing (Except Cast Or Forged Iron Or Steel),21,true,no,,,,,,,,,,no,,,,,,,,no,,,,,,,
21220035,Fittings Steam Gas Or Water Manufacturing - Ferrous Metal (Except Cast Or Forged),21,true,no,,,,,,,,,,no,,,,,,,,no,,,,,,,
21220040,Galvanised Seamless Or Welded Steel Pipe Or Tube Manufacturing,21,true,no,,,,,,,,,,no,,,,,,,,no,,,,,,,
21220050,Stainless Steel Seamless Pipes Or Tubes Manufacturing (Except Cast),21,true,no,,,,,,,,,,no,,,,,,,,no,,,,,,,
21220055,Steel Pipes Or Tubes Manufacturing (Except Cast Or Forged),21,true,no,,,,,,,,,,no,,,,,,,,no,,,,,,,
21310005,Alumina Manufacturing,21,true,no,,,,,,,,,,no,,,,,,,,no,,,,,,,
21310010,Bauxite Refining,21,true,no,,,,,,,,,,no,,,,,,,,no,,,,,,,
21310015,Calcined Alumina Manufacturing,21,true,no,,,,,,,,,,no,,,,,,,,no,,,,,,,
21320030,Aluminium Casting,21,true,no,,,,,,,,,,no,,,,,,,,no,,,,,,,
21320045,Aluminium Smelting - From Alumina,21,true,no,,,,,,,,,,no,,,,,,,,no,,,,,,,
21320050,Basic Shapes Manufacturing From Aluminium Recovered From Scrap Or Waste Materials Recovering,21,true,no,,,,,,,,,,no,,,,,,,,no,,,,,,,
21320055,Electrolytic Aluminium Manufacturing,21,true,no,,,,,,,,,,no,,,,,,,,no,,,,,,,
21330025,Blister Copper Manufacturing,21,true,no,,,,,,,,,,no,,,,,,,,no,,,,,,,
21330030,Cans Manufacturing Using Waste Goods As Material Inputs (Except Aluminium Or Steel Cans),21,true,no,,,,,,,,,,no,,,,,,,,no,,,,,,,
21330045,Copper Smelting Refining,21,true,no,,,,,,,,,,no,,,,,,,,no,,,,,,,
21330055,Copper Silver Lead Or Zinc From Scrap Or Waste Material Recovering,21,true,no,,,,,,,,,,no,,,,,,,,no,,,,,,,
21330060,Electrolytic Copper Manufacturing,21,true,no,,,,,,,,,,no,,,,,,,,no,,,,,,,
21330065,Electrolytic Zinc Manufacturing,21,true,no,,,,,,,,,,no,,,,,,,,no,,,,,,,
21330080,Lead Smelting Or Refining,21,true,no,,,,,,,,,,no,,,,,,,,no,,,,,,,
21330085,Roasting Of Sulphide Concentrate,21,true,no,,,,,,,,,,no,,,,,,,,no,,,,,,,
21330100,Silver Smelting Refining,21,true,no,,,,,,,,,,no,,,,,,,,no,,,,,,,
21330105,Silver-lead Bullion Manufacturing,21,true,no,,,,,,,,,,no,,,,,,,,no,,,,,,,
21330110,Spelter Manufacturing,21,true,no,,,,,,,,,,no,,,,,,,,no,,,,,,,
21330115,Sulphuric Acid Manufacturing - Smelter By-product,21,true,no,,,,,,,,,,no,,,,,,,,no,,,,,,,
21330120,Wirebar Copper Manufacturing,21,true,no,,,,,,,,,,no,,,,,,,,no,,,,,,,
21330135,Zinc Smelting Or Refining,21,true,no,,,,,,,,,,no,,,,,,,,no,,,,,,,
21390010,Antimony Refined Manufacturing,21,true,no,,,,,,,,,,no,,,,,,,,no,,,,,,,
21390030,Basic Shapes Manufacturing From Non-ferrous Metal Recovered From Waste Material Recovering,21,true,no,,,,,,,,,,no,,,,,,,,no,,,,,,,
21390035,Bismuth Smelting Or Refining,21,true,no,,,,,,,,,,no,,,,,,,,no,,,,,,,
21390040,Bronze Manufacturing,21,true,no,,,,,,,,,,no,,,,,,,,no,,,,,,,
21390045,Can De-tinning,21,true,no,,,,,,,,,,no,,,,,,,,no,,,,,,,
21390055,Gold Bullion Manufacturing,21,true,no,,,,,,,,,,no,,,,,,,,no,,,,,,,
21390060,Gold Refining,21,true,no,,,,,,,,,,no,,,,,,,,no,,,,,,,
21390065,Gold Smelting,21,true,no,,,,,,,,,,no,,,,,,,,no,,,,,,,
21390070,Molybdenum Metal Powder Or Flake Manufacturing,21,true,no,,,,,,,,,,no,,,,,,,,no,,,,,,,
21390075,Nickel Oxide Production In Association With Nickel Smelting,21,true,no,,,,,,,,,,no,,,,,,,,no,,,,,,,
21390090,Nickel Smelting Or Refining,21,true,no,,,,,,,,,,no,,,,,,,,no,,,,,,,
21390095,Non-ferrous Alloys Manufacturing (Except Aluminium Alloys From Primary Aluminium Smelted At The Same Unit),21,true,no,,,,,,,,,,no,,,,,,,,no,,,,,,,
21390100,Non-ferrous Bearing Metals Manufacturing,21,true,no,,,,,,,,,,no,,,,,,,,no,,,,,,,
21390105,Non-ferrous Metal Refining,21,true,no,,,,,,,,,,no,,,,,,,,no,,,,,,,
21390110,Non-ferrous Metal Scrap Resmelting,21,true,no,,,,,,,,,,no,,,,,,,,no,,,,,,,
21390130,Platinum Refining,21,true,no,,,,,,,,,,no,,,,,,,,no,,,,,,,
21390135,Rare Earth Metal Smelting,21,true,no,,,,,,,,,,no,,,,,,,,no,,,,,,,
21390145,Silicon Smelting,21,true,no,,,,,,,,,,no,,,,,,,,no,,,,,,,
21390150,Smelting Of Non-ferrous Metals,21,true,no,,,,,,,,,,no,,,,,,,,no,,,,,,,
21390155,Solder Manufacturing,21,true,no,,,,,,,,,,no,,,,,,,,no,,,,,,,
21390165,Tantalum Metal Powders Or Flakes Manufacturing,21,true,no,,,,,,,,,,no,,,,,,,,no,,,,,,,
21390170,Tin Refining,21,true,no,,,,,,,,,,no,,,,,,,,no,,,,,,,
21390175,Tin Smelting,21,true,no,,,,,,,,,,no,,,,,,,,no,,,,,,,
21390190,Titanium Smelting,21,true,no,,,,,,,,,,no,,,,,,,,no,,,,,,,
21390195,Tungsten Metal Powders Or Flakes Manufacturing,21,true,no,,,,,,,,,,no,,,,,,,,no,,,,,,,
21390200,Welding Rod Manufacturing,21,true,no,,,,,,,,,,no,,,,,,,,no,,,,,,,
21410006,Brass Casting,21,true,no,,,,,,,,,,no,,,,,,,,no,,,,,,,
21410010,Die Casting Non-ferrous Metal Manufacturing,21,true,no,,,,,,,,,,no,,,,,,,,no,,,,,,,
21410015,Non-ferrous Metal Castings Manufacturing (Except Steam Gas Or Water Fittings Valve Or Valve Parts),21,true,no,,,,,,,,,,no,,,,,,,,no,,,,,,,
21420006,Aluminium Components Or Products Manufacturing,21,true,no,,,,,,,,,,no,,,,,,,,no,,,,,,,
21420020,Aluminium Foil Household Manufacturing,21,true,no,,,,,,,,,,no,,,,,,,,no,,,,,,,
21420045,Aluminium Rolling Drawing Or Extruding,21,true,no,,,,,,,,,,no,,,,,,,,no,,,,,,,
21420075,Bar Aluminium Manufacturing,21,true,no,,,,,,,,,,no,,,,,,,,no,,,,,,,
21420080,Foil Aluminium Manufacturing,21,true,no,,,,,,,,,,no,,,,,,,,no,,,,,,,
21420085,Paper Backed Aluminium Foil Manufacturing,21,true,no,,,,,,,,,,no,,,,,,,,no,,,,,,,
21420095,Pipe Aluminium Manufacturing,21,true,no,,,,,,,,,,no,,,,,,,,no,,,,,,,
21420100,Plastic Coated Aluminium Foil Manufacturing,21,true,no,,,,,,,,,,no,,,,,,,,no,,,,,,,
21420110,Plastic Coated Metal Foil Sheeting Manufacturing,21,true,no,,,,,,,,,,no,,,,,,,,no,,,,,,,
21420120,Plate Aluminium Manufacturing,21,true,no,,,,,,,,,,no,,,,,,,,no,,,,,,,
21420125,Powder Or Flake Aluminium Manufacturing,21,true,no,,,,,,,,,,no,,,,,,,,no,,,,,,,
21420130,Rod Aluminium Manufacturing,21,true,no,,,,,,,,,,no,,,,,,,,no,,,,,,,
21420135,Section Aluminium Rolling Drawing Or Extruding,21,true,no,,,,,,,,,,no,,,,,,,,no,,,,,,,
21420140,Sheet Aluminium Manufacturing,21,true,no,,,,,,,,,,no,,,,,,,,no,,,,,,,
21420145,Strip Aluminium Manufacturing,21,true,no,,,,,,,,,,no,,,,,,,,no,,,,,,,
21420150,Tube Aluminium Manufacturing,21,true,no,,,,,,,,,,no,,,,,,,,no,,,,,,,
21420155,Wire Aluminium Manufacturing,21,true,no,,,,,,,,,,no,,,,,,,,no,,,,,,,
21490005,Bar Non-ferrous Metal Manufacturing (Except Aluminium),21,true,no,,,,,,,,,,no,,,,,,,,no,,,,,,,
21490010,Foil Non-ferrous Metal Manufacturing (Except Aluminium),21,true,no,,,,,,,,,,no,,,,,,,,no,,,,,,,
21490025,Non-ferrous Metal Pipe Manufacturing (Except Aluminium),21,true,no,,,,,,,,,,no,,,,,,,,no,,,,,,,
21490030,Non-ferrous Metal Plate Manufacturing (Except Aluminium),21,true,no,,,,,,,,,,no,,,,,,,,no,,,,,,,
21490035,Non-ferrous Metal Rod Manufacturing (Except Aluminium),21,true,no,,,,,,,,,,no,,,,,,,,no,,,,,,,
21490040,Non-ferrous Metal Rolling Drawing Or Extruding (Except Aluminium),21,true,no,,,,,,,,,,no,,,,,,,,no,,,,,,,
21490045,Non-ferrous Metal Sections Rolling Drawing Or Extruding (Except Aluminium),21,true,no,,,,,,,,,,no,,,,,,,,no,,,,,,,
21490055,Non-ferrous Metal Strip Manufacturing (Except Insulated Or From Aluminium),21,true,no,,,,,,,,,,no,,,,,,,,no,,,,,,,
21490060,Non-ferrous Metal Tube Manufacturing (Except Aluminium),21,true,no,,,,,,,,,,no,,,,,,,,no,,,,,,,
21490065,Non-ferrous Metal Wire Manufacturing (Except Stranded Braided Or Insulated Or From Aluminium),21,true,no,,,,,,,,,,no,,,,,,,,no,,,,,,,
21490080,Powder Or Flake Non-ferrous Metal Manufacturing,21,true,no,,,,,,,,,,no,,,,,,,,no,,,,,,,
21490095,Sheet Non-ferrous Metal Manufacturing (Except Aluminium),21,true,no,,,,,,,,,,no,,,,,,,,no,,,,,,,
22100005,Chain Forged Steel Manufacturing,22,true,no,,,,,,,,,,no,,,,,,,,no,,,,,,,
22100020,Forged Iron Or Steel Pipe Fittings Manufacturing,22,true,no,,,,,,,,,,no,,,,,,,,no,,,,,,,
22100025,Forged Iron Or Steel Pipes Or Tubes Manufacturing,22,true,no,,,,,,,,,,no,,,,,,,,no,,,,,,,
22100050,Forgings Iron Or Steel Manufacturing,22,true,no,,,,,,,,,,no,,,,,,,,no,,,,,,,
22100055,Horse Shoe Mass Production,22,true,no,,,,,,,,,,no,,,,,,,,no,,,,,,,
22100080,Valves Or Valve Parts Steam Gas Or Water Forged Iron Or Steel Manufacturing,22,true,no,,,,,,,,,,no,,,,,,,,no,,,,,,,
22210005,Fabricated Structural Steel Manufacturing - Ready-made Parts For Structures,22,true,no,,,,,,,,,,no,,,,,,,,no,,,,,,,
22210010,Girder Prefabricated Steel Manufacturing,22,true,no,,,,,,,,,,no,,,,,,,,no,,,,,,,
22210015,Joist Prefabricated Steel Manufacturing,22,true,no,,,,,,,,,,no,,,,,,,,no,,,,,,,
22210040,Prefabricated Steel Roof Truss Manufacturing,22,true,no,,,,,,,,,,no,,,,,,,,no,,,,,,,
22210045,Prefabricated Steel Scaffolding Manufacturing,22,true,no,,,,,,,,,,no,,,,,,,,no,,,,,,,
22210070,Rafter Prefabricated Steel Manufacturing,22,true,no,,,,,,,,,,no,,,,,,,,no,,,,,,,
22210075,Reinforcing Mesh Welded Steel Manufacturing,22,true,no,,,,,,,,,,no,,,,,,,,no,,,,,,,
22210080,Reinforcing Steel Rod Processed Manufacturing - From Wire Bar Or Merchant Bar,22,true,no,,,,,,,,,,no,,,,,,,,no,,,,,,,
22210095,Steel House Frame Manufacturing,22,true,no,,,,,,,,,,no,,,,,,,,no,,,,,,,
22220020,Building Prefabricated Metal Manufacturing,22,true,no,,,,,,,,,,no,,,,,,,,no,,,,,,,
22220030,Carport Prefabricated Metal Manufacturing,22,true,no,,,,,,,,,,no,,,,,,,,no,,,,,,,
22220035,Garage Prefabricated Metal Manufacturing,22,true,no,,,,,,,,,,no,,,,,,,,no,,,,,,,
22220050,Metal Shed Manufacturing,22,true,no,,,,,,,,,,no,,,,,,,,no,,,,,,,
22230030,Aluminium Fly Screen Door Manufacturing,22,true,no,,,,,,,,,,no,,,,,,,,no,,,,,,,
22230035,Aluminium Framed Door Glazed Manufacturing,22,true,no,,,,,,,,,,no,,,,,,,,no,,,,,,,
22230060,Aluminium Joinery Manufacturing,22,true,no,,,,,,,,,,no,,,,,,,,no,,,,,,,
22230080,Aluminium Screen Door Manufacturing,22,true,no,,,,,,,,,,no,,,,,,,,no,,,,,,,
22230090,Aluminium Shutters Manufacturing,22,true,no,,,,,,,,,,no,,,,,,,,no,,,,,,,
22230110,Architectural Aluminium Product Manufacturing,22,true,no,,,,,,,,,,no,,,,,,,,no,,,,,,,
22230115,Ceiling Section Fabricated Aluminium Manufacturing,22,true,no,,,,,,,,,,no,,,,,,,,no,,,,,,,
22230120,Curtain Wall Aluminium Manufacturing,22,true,no,,,,,,,,,,no,,,,,,,,no,,,,,,,
22230125,Door Or Door Frame Aluminium Manufacturing,22,true,no,,,,,,,,,,no,,,,,,,,no,,,,,,,
22230130,Downpipe Aluminium Manufacturing,22,true,no,,,,,,,,,,no,,,,,,,,no,,,,,,,
22230140,Fascia Aluminium Manufacturing,22,true,no,,,,,,,,,,no,,,,,,,,no,,,,,,,
22230150,Garage Door Aluminium Manufacturing,22,true,no,,,,,,,,,,no,,,,,,,,no,,,,,,,
22230155,Gate Aluminium Manufacturing,22,true,no,,,,,,,,,,no,,,,,,,,no,,,,,,,
22230175,Ornamental Architectural Aluminium Work Manufacturing,22,true,no,,,,,,,,,,no,,,,,,,,no,,,,,,,
22230180,Partition Prefabricated Aluminium Manufacturing,22,true,no,,,,,,,,,,no,,,,,,,,no,,,,,,,
22230210,Railing Aluminium Manufacturing,22,true,no,,,,,,,,,,no,,,,,,,,no,,,,,,,
22230215,Roller Shutter Aluminium Manufacturing,22,true,no,,,,,,,,,,no,,,,,,,,no,,,,,,,
22230220,Shop Front Aluminium Manufacturing,22,true,no,,,,,,,,,,no,,,,,,,,no,,,,,,,
22230225,Shower Screen Aluminium Framed Manufacturing,22,true,no,,,,,,,,,,no,,,,,,,,no,,,,,,,
22230230,Skylight Aluminium Manufacturing,22,true,no,,,,,,,,,,no,,,,,,,,no,,,,,,,
22230235,Window Frame Or Sash Aluminium Manufacturing,22,true,no,,,,,,,,,,no,,,,,,,,no,,,,,,,
22230240,Window Screen Aluminium Manufacturing,22,true,no,,,,,,,,,,no,,,,,,,,no,,,,,,,
22230245,Window Aluminium Framed Manufacturing - Complete With Glass,22,true,no,,,,,,,,,,no,,,,,,,,no,,,,,,,
22240005,Guttering Metal Manufacturing (Except Aluminium),22,true,no,,,,,,,,,,no,,,,,,,,no,,,,,,,
22240010,Roofing Component Metal Manufacturing (Except Aluminium),22,true,no,,,,,,,,,,no,,,,,,,,no,,,,,,,
22240020,Sheet Metal Downpipe Manufacturing,22,true,no,,,,,,,,,,no,,,,,,,,no,,,,,,,
22290005,Architectural Metal Product Manufacturing (Except Aluminium),22,true,no,,,,,,,,,,no,,,,,,,,no,,,,,,,
22290010,Balcony Metal Manufacturing (Except Aluminium),22,true,no,,,,,,,,,,no,,,,,,,,no,,,,,,,
22290015,Balustrade Metal Manufacturing (Except Aluminium),22,true,no,,,,,,,,,,no,,,,,,,,no,,,,,,,
22290020,Curtain Wall Metal Manufacturing (Except Aluminium),22,true,no,,,,,,,,,,no,,,,,,,,no,,,,,,,
22290025,Door Or Door Frame Metal Manufacturing (Except Aluminium),22,true,no,,,,,,,,,,no,,,,,,,,no,,,,,,,
22290030,Door Fire Resistant Manufacturing,22,true,no,,,,,,,,,,no,,,,,,,,no,,,,,,,
22290035,Fascia Metal Manufacturing (Except Aluminium),22,true,no,,,,,,,,,,no,,,,,,,,no,,,,,,,
22290040,Fire Escape Prefabricated Metal Manufacturing (Except Aluminium),22,true,no,,,,,,,,,,no,,,,,,,,no,,,,,,,
22290050,Fly Screen Door Metal Manufacturing (Except Aluminium),22,true,no,,,,,,,,,,no,,,,,,,,no,,,,,,,
22290055,Garage Door Metal Manufacturing (Except Aluminium),22,true,no,,,,,,,,,,no,,,,,,,,no,,,,,,,
22290060,Gate Metal Manufacturing (Except Aluminium Or Wire),22,true,no,,,,,,,,,,no,,,,,,,,no,,,,,,,
22290065,Handrail Metal Manufacturing,22,true,no,,,,,,,,,,no,,,,,,,,no,,,,,,,
22290070,Laser Cutting Of Client Supplied Materials - Metal,22,true,no,,,,,,,,,,no,,,,,,,,no,,,,,,,
22290111,Ladder Manufacturing - Metal,22,true,no,,,,,,,,,,no,,,,,,,,no,,,,,,,
22290115,Metal Railing Manufacturing (Except Aluminium),22,true,no,,,,,,,,,,no,,,,,,,,no,,,,,,,
22290120,Metal Roller Shutters Manufacturing (Except Aluminium),22,true,no,,,,,,,,,,no,,,,,,,,no,,,,,,,
22290130,Metal Shop Front Manufacturing (Except Aluminium),22,true,no,,,,,,,,,,no,,,,,,,,no,,,,,,,
22290135,Metal Shutters Manufacturing (Except Aluminium),22,true,no,,,,,,,,,,no,,,,,,,,no,,,,,,,
22290140,Metal Skylight Manufacturing (Except Aluminium),22,true,no,,,,,,,,,,no,,,,,,,,no,,,,,,,
22290145,Metal Window Frames Or Sashes Manufacturing (Except Aluminium),22,true,no,,,,,,,,,,no,,,,,,,,no,,,,,,,
22290150,Metal Window Screens Manufacturing (Except Aluminium),22,true,no,,,,,,,,,,no,,,,,,,,no,,,,,,,
22290155,Ornamental Architectural Metalwork Manufacturing (Except Aluminium),22,true,no,,,,,,,,,,no,,,,,,,,no,,,,,,,
22290160,Partition Prefabricated Metal Manufacturing (Except Aluminium),22,true,no,,,,,,,,,,no,,,,,,,,no,,,,,,,
22290165,Prefabricated Glass Houses Manufacturing - Frame Of Other Than Steel Or Aluminium,22,true,no,,,,,,,,,,no,,,,,,,,no,,,,,,,
22290175,Prefabricated Metal Partition Manufacturing (Except Aluminium),22,true,no,,,,,,,,,,no,,,,,,,,no,,,,,,,
22290180,Prefabricated Metal Stairs Or Staircases Manufacturing (Except Aluminium),22,true,no,,,,,,,,,,no,,,,,,,,no,,,,,,,
22290195,Security Door Manufacturing - Metal,22,true,no,,,,,,,,,,no,,,,,,,,no,,,,,,,
22290220,Steel Fence And Railings Manufacturing And Erection,22,true,no,,,,,,,,,,no,,,,,,,,no,,,,,,,
22310010,Boiler Manufacturing (Except Wash Boilers Or Hot Water Systems),22,true,no,,,,,,,,,,no,,,,,,,,no,,,,,,,
22310035,Gas Cylinder Manufacturing,22,true,no,,,,,,,,,,no,,,,,,,,no,,,,,,,
22310045,Metal Freight Container Manufacturing (Except Stock Crates),22,true,no,,,,,,,,,,no,,,,,,,,no,,,,,,,
22310050,Metal Plate Storage Tank Manufacturing,22,true,no,,,,,,,,,,no,,,,,,,,no,,,,,,,
22310060,Metal Vat Manufacturing (Except Vats Or Storage Tanks Of Sheet Metal),22,true,no,,,,,,,,,,no,,,,,,,,no,,,,,,,
22310070,Prefabricated Metal Reservoir Manufacturing,22,true,no,,,,,,,,,,no,,,,,,,,no,,,,,,,
22310075,Prefabricated Metal Silo Manufacturing,22,true,no,,,,,,,,,,no,,,,,,,,no,,,,,,,
22310090,Silo Metal Manufacturing,22,true,no,,,,,,,,,,no,,,,,,,,no,,,,,,,
22310095,Steam Generating Boiler Manufacturing,22,true,no,,,,,,,,,,no,,,,,,,,no,,,,,,,
22310100,Steam Superheater Manufacturing,22,true,no,,,,,,,,,,no,,,,,,,,no,,,,,,,
22390005,Aerosol Container Manufacturing,22,true,no,,,,,,,,,,no,,,,,,,,no,,,,,,,
22390015,Can Metal Manufacturing,22,true,no,,,,,,,,,,no,,,,,,,,no,,,,,,,
22390020,Collapsible Metal Tube Manufacturing,22,true,no,,,,,,,,,,no,,,,,,,,no,,,,,,,
22390025,Drum Metal Manufacturing,22,true,no,,,,,,,,,,no,,,,,,,,no,,,,,,,
22390035,Garbage Can Metal Manufacturing,22,true,no,,,,,,,,,,no,,,,,,,,no,,,,,,,
22390040,Letter Box Metal Manufacturing,22,true,no,,,,,,,,,,no,,,,,,,,no,,,,,,,
22390045,Metal Barrel Manufacturing,22,true,no,,,,,,,,,,no,,,,,,,,no,,,,,,,
22390050,Metal Bucket Manufacturing,22,true,no,,,,,,,,,,no,,,,,,,,no,,,,,,,
22390060,Metal Canister Manufacturing,22,true,no,,,,,,,,,,no,,,,,,,,no,,,,,,,
22390065,Metal Cask Manufacturing,22,true,no,,,,,,,,,,no,,,,,,,,no,,,,,,,
22390070,Metal Container Manufacturing (Except Boilers Tanks And Other Heavy Gauge Metal Containers),22,true,no,,,,,,,,,,no,,,,,,,,no,,,,,,,
22390085,Metal Keg Manufacturing,22,true,no,,,,,,,,,,no,,,,,,,,no,,,,,,,
22390090,Metal Milk Or Cream Cans Manufacturing (Except Packers Cans),22,true,no,,,,,,,,,,no,,,,,,,,no,,,,,,,
22390095,Metal Packers Cans Manufacturing,22,true,no,,,,,,,,,,no,,,,,,,,no,,,,,,,
22390100,Metal Tool Box Manufacturing,22,true,no,,,,,,,,,,no,,,,,,,,no,,,,,,,
22390105,Metal Vacuum Flask Cover Manufacturing,22,true,no,,,,,,,,,,no,,,,,,,,no,,,,,,,
22390120,Vacuum Bottle And Jug Manufacturing,22,true,no,,,,,,,,,,no,,,,,,,,no,,,,,,,
22400010,Bottle Closure Metal Manufacturing,22,true,no,,,,,,,,,,no,,,,,,,,no,,,,,,,
22400015,Chute Sheet Metal Manufacturing,22,true,no,,,,,,,,,,no,,,,,,,,no,,,,,,,
22400020,Coppersmithing (Except Boiler Making),22,true,no,,,,,,,,,,no,,,,,,,,no,,,,,,,
22400025,Cornice Sheet Metal Manufacturing,22,true,no,,,,,,,,,,no,,,,,,,,no,,,,,,,
22400030,Crown Seal Metal Manufacturing,22,true,no,,,,,,,,,,no,,,,,,,,no,,,,,,,
22400035,Duct Work Air Conditioning Manufacturing,22,true,no,,,,,,,,,,no,,,,,,,,no,,,,,,,
22400040,Duct Sheet Metal Manufacturing,22,true,no,,,,,,,,,,no,,,,,,,,no,,,,,,,
22400045,Eyelet Metal Manufacturing,22,true,no,,,,,,,,,,no,,,,,,,,no,,,,,,,
22400050,Funnel Sheet Metal Manufacturing,22,true,no,,,,,,,,,,no,,,,,,,,no,,,,,,,
22400055,Holloware Pressed Or Spun Metal Manufacturing,22,true,no,,,,,,,,,,no,,,,,,,,no,,,,,,,
22400060,Hopper Sheet Metal Manufacturing,22,true,no,,,,,,,,,,no,,,,,,,,no,,,,,,,
22400065,Iron Or Steel Sanitary Ware Manufacturing,22,true,no,,,,,,,,,,no,,,,,,,,no,,,,,,,
22400095,Metal Stampings Manufacturing (Except Minting And Pressing Of Coins Medals And Badges),22,true,no,,,,,,,,,,no,,,,,,,,no,,,,,,,
22400100,Motor Vehicle Number Plate Manufacturing,22,true,no,,,,,,,,,,no,,,,,,,,no,,,,,,,
22400110,Pressed Metal Bath Tub Manufacturing,22,true,no,,,,,,,,,,no,,,,,,,,no,,,,,,,
22400145,Sheet Metal Conduit Tubing Manufacturing,22,true,no,,,,,,,,,,no,,,,,,,,no,,,,,,,
22400160,Sheet Metal Funnel Manufacturing,22,true,no,,,,,,,,,,no,,,,,,,,no,,,,,,,
22400175,Sheet Metal Machine Guard Manufacturing,22,true,no,,,,,,,,,,no,,,,,,,,no,,,,,,,
22400185,Sheet Metal Products Manufacturing (Except Containers),22,true,no,,,,,,,,,,no,,,,,,,,no,,,,,,,
22400205,Sheet Metal Tiles Manufacturing,22,true,no,,,,,,,,,,no,,,,,,,,no,,,,,,,
22400215,Sheet Metal Ventilator Manufacturing,22,true,no,,,,,,,,,,no,,,,,,,,no,,,,,,,
22400225,Stainless Steel Pressed Hollow Ware Manufacturing,22,true,no,,,,,,,,,,no,,,,,,,,no,,,,,,,
22400235,Stove Pipe Sheet Metal Manufacturing,22,true,no,,,,,,,,,,no,,,,,,,,no,,,,,,,
22400240,Tag Sheet Metal Manufacturing,22,true,no,,,,,,,,,,no,,,,,,,,no,,,,,,,
22910005,Barbed Wire Manufacturing,22,true,no,,,,,,,,,,no,,,,,,,,no,,,,,,,
22910010,Bicycle Spokes Manufacturing,22,true,no,,,,,,,,,,no,,,,,,,,no,,,,,,,
22910015,Braided Ferrous Wire Cable Or Strip Manufacturing,22,true,no,,,,,,,,,,no,,,,,,,,no,,,,,,,
22910020,Chain Manufacturing (Except Forged Cast Or Sprocket Chain),22,true,no,,,,,,,,,,no,,,,,,,,no,,,,,,,
22910035,Fence Dropper Wire Manufacturing,22,true,no,,,,,,,,,,no,,,,,,,,no,,,,,,,
22910045,Fencing Wire Manufacturing,22,true,no,,,,,,,,,,no,,,,,,,,no,,,,,,,
22910056,Furniture Spring Manufacturing,22,true,no,,,,,,,,,,no,,,,,,,,no,,,,,,,
22910060,Gate Wire Manufacturing,22,true,no,,,,,,,,,,no,,,,,,,,no,,,,,,,
22910065,Guard Wire Manufacturing,22,true,no,,,,,,,,,,no,,,,,,,,no,,,,,,,
22910070,Hook Wire Manufacturing,22,true,no,,,,,,,,,,no,,,,,,,,no,,,,,,,
22910075,Household Articles Wire Manufacturing,22,true,no,,,,,,,,,,no,,,,,,,,no,,,,,,,
22910090,Motor Vehicle Spring Manufacturing,22,true,no,,,,,,,,,,no,,,,,,,,no,,,,,,,
22910100,Nail Manufacturing,22,true,no,,,,,,,,,,no,,,,,,,,no,,,,,,,
22910105,Pin Manufacturing (Except Metallic Dowel Pins),22,true,no,,,,,,,,,,no,,,,,,,,no,,,,,,,
22910115,Round Wire Manufacturing,22,true,no,,,,,,,,,,no,,,,,,,,no,,,,,,,
22910120,Safety Pin Manufacturing,22,true,no,,,,,,,,,,no,,,,,,,,no,,,,,,,
22910125,Screening Wire Manufacturing,22,true,no,,,,,,,,,,no,,,,,,,,no,,,,,,,
22910130,Shopping Trolley Manufacturing,22,true,no,,,,,,,,,,no,,,,,,,,no,,,,,,,
22910135,Skewer Metal Manufacturing,22,true,no,,,,,,,,,,no,,,,,,,,no,,,,,,,
22910140,Sling Wire Manufacturing,22,true,no,,,,,,,,,,no,,,,,,,,no,,,,,,,
22910145,Spike Wire Manufacturing,22,true,no,,,,,,,,,,no,,,,,,,,no,,,,,,,
22910150,Spring Manufacturing,22,true,no,,,,,,,,,,no,,,,,,,,no,,,,,,,
22910165,Steel Wire Safety Screens Manufacturing,22,true,no,,,,,,,,,,no,,,,,,,,no,,,,,,,
22910185,Welded Link Chain Manufacturing,22,true,no,,,,,,,,,,no,,,,,,,,no,,,,,,,
22910241,Wire Products Manufacturing,22,true,no,,,,,,,,,,no,,,,,,,,no,,,,,,,
22910250,Wire Mesh Manufacturing (Except Reinforcing Mesh),22,true,no,,,,,,,,,,no,,,,,,,,no,,,,,,,
22910255,Wire Netting Manufacturing,22,true,no,,,,,,,,,,no,,,,,,,,no,,,,,,,
22910295,Woven Wire Product Manufacturing (Except Mattress Supports),22,true,no,,,,,,,,,,no,,,,,,,,no,,,,,,,
22920005,Dowel Pin Metal Manufacturing,22,true,no,,,,,,,,,,no,,,,,,,,no,,,,,,,
22920010,Expansion Bolt Metal Manufacturing,22,true,no,,,,,,,,,,no,,,,,,,,no,,,,,,,
22920020,Masonry Anchor Metal Manufacturing,22,true,no,,,,,,,,,,no,,,,,,,,no,,,,,,,
22920040,Metal Machine Screws Manufacturing,22,true,no,,,,,,,,,,no,,,,,,,,no,,,,,,,
22920045,Metal Masonry Anchor Manufacturing,22,true,no,,,,,,,,,,no,,,,,,,,no,,,,,,,
22920050,Metal Rivet Manufacturing,22,true,no,,,,,,,,,,no,,,,,,,,no,,,,,,,
22920055,Metal Screws Manufacturing,22,true,no,,,,,,,,,,no,,,,,,,,no,,,,,,,
22920060,Metal Set Screws Manufacturing,22,true,no,,,,,,,,,,no,,,,,,,,no,,,,,,,
22920065,Metal Turnbuckle Manufacturing,22,true,no,,,,,,,,,,no,,,,,,,,no,,,,,,,
22920070,Metal Washers Manufacturing,22,true,no,,,,,,,,,,no,,,,,,,,no,,,,,,,
22920080,Nut Or Bolt Metal Manufacturing,22,true,no,,,,,,,,,,no,,,,,,,,no,,,,,,,
22930010,Anodising,22,true,no,,,,,,,,,,no,,,,,,,,no,,,,,,,
22930015,Boron Nitride Coating Of Machine Tool Parts,22,true,no,,,,,,,,,,no,,,,,,,,no,,,,,,,
22930020,Brass Finishing Or Plating,22,true,no,,,,,,,,,,no,,,,,,,,no,,,,,,,
22930025,Cadmium Plating,22,true,no,,,,,,,,,,no,,,,,,,,no,,,,,,,
22930030,Chromium Plating,22,true,no,,,,,,,,,,no,,,,,,,,no,,,,,,,
22930035,Copper Plating,22,true,no,,,,,,,,,,no,,,,,,,,no,,,,,,,
22930040,Electroplating,22,true,no,,,,,,,,,,no,,,,,,,,no,,,,,,,
22930050,Enamelling Of Metal,22,true,no,,,,,,,,,,no,,,,,,,,no,,,,,,,
22930055,Engraving On Metal (Except Process Or Photographic),22,true,no,,,,,,,,,,no,,,,,,,,no,,,,,,,
22930060,Galvanising,22,true,no,,,,,,,,,,no,,,,,,,,no,,,,,,,
22930070,Gold Plating,22,true,no,,,,,,,,,,no,,,,,,,,no,,,,,,,
22930075,Heat Treating Metal Or Metal Products,22,true,no,,,,,,,,,,no,,,,,,,,no,,,,,,,
22930080,Lead Coating,22,true,no,,,,,,,,,,no,,,,,,,,no,,,,,,,
22930090,Metal Coating,22,true,no,,,,,,,,,,no,,,,,,,,no,,,,,,,
22930100,Metal Polishing Or Finishing,22,true,no,,,,,,,,,,no,,,,,,,,no,,,,,,,
22930105,Metal Product Preparation Service - Prior To Coating),22,true,no,,,,,,,,,,no,,,,,,,,no,,,,,,,
22930110,Nickel Plating,22,true,no,,,,,,,,,,no,,,,,,,,no,,,,,,,
22930115,Oxidizing Metal,22,true,no,,,,,,,,,,no,,,,,,,,no,,,,,,,
22930120,Painting Of Manufactured Metal Products,22,true,no,,,,,,,,,,no,,,,,,,,no,,,,,,,
22930130,Plastic Coating Of Metal,22,true,no,,,,,,,,,,no,,,,,,,,no,,,,,,,
22930140,Powder Coating Of Metallic Products,22,true,no,,,,,,,,,,no,,,,,,,,no,,,,,,,
22930145,Rustproofing Metal,22,true,no,,,,,,,,,,no,,,,,,,,no,,,,,,,
22930150,Sand Blasting Of Metal - Except Construction Related,22,true,no,,,,,,,,,,no,,,,,,,,no,,,,,,,
22930155,Sherardizing Metal,22,true,no,,,,,,,,,,no,,,,,,,,no,,,,,,,
22930160,Silver Plating,22,true,no,,,,,,,,,,no,,,,,,,,no,,,,,,,
22930165,Vitreous Enamelling,22,true,no,,,,,,,,,,no,,,,,,,,no,,,,,,,
22930170,Wire Products Plastic Coating,22,true,no,,,,,,,,,,no,,,,,,,,no,,,,,,,
22930175,Zinc Plating,22,true,no,,,,,,,,,,no,,,,,,,,no,,,,,,,
22990005,Airgun Manufacturing,22,true,no,,,,,,,,,,no,,,,,,,,no,,,,,,,
22990020,Aluminium Masts Manufacturing,22,true,no,,,,,,,,,,no,,,,,,,,no,,,,,,,
22990025,Ammunition Manufacturing,22,true,no,,,,,,,,,,no,,,,,,,,no,,,,,,,
22990030,Awning Or Blind Metal Manufacturing - Including Aluminium,22,true,no,,,,,,,,,,no,,,,,,,,no,,,,,,,
22990040,Bathroom Or Toilet Fittings Metal Manufacturing,22,true,no,,,,,,,,,,no,,,,,,,,no,,,,,,,
22990050,Bevel Manufacturing,22,true,no,,,,,,,,,,no,,,,,,,,no,,,,,,,
22990060,Blow Torch Manufacturing,22,true,no,,,,,,,,,,no,,,,,,,,no,,,,,,,
22990070,Bottle Or Can Opener Manufacturing (Except Power Operated),22,true,no,,,,,,,,,,no,,,,,,,,no,,,,,,,
22990080,Button Metal Manufacturing,22,true,no,,,,,,,,,,no,,,,,,,,no,,,,,,,
22990081,"Button, Buckle, Hook And Eye Manufacturing",22,true,no,,,,,,,,,,no,,,,,,,,no,,,,,,,
22990110,Cast Iron Bath Manufacturing,22,true,no,,,,,,,,,,no,,,,,,,,no,,,,,,,
22990130,Clothes Hoist Manufacturing,22,true,no,,,,,,,,,,no,,,,,,,,no,,,,,,,
22990135,Coupling Metal Manufacturing,22,true,no,,,,,,,,,,no,,,,,,,,no,,,,,,,
22990140,Cutlery Manufacturing (Except Of Solid Silver Or Gold),22,true,no,,,,,,,,,,no,,,,,,,,no,,,,,,,
22990145,Door Handle Metal Manufacturing,22,true,no,,,,,,,,,,no,,,,,,,,no,,,,,,,
22990150,Drill Manufacturing - Handtool (Except Pneumatic Or Power Operated Or Twist Drills),22,true,no,,,,,,,,,,no,,,,,,,,no,,,,,,,
22990155,Drilling Bit Manufacturing (Except Twist Drills),22,true,no,,,,,,,,,,no,,,,,,,,no,,,,,,,
22990160,Engravers Hand Tools Manufacturing (Except Pneumatic Or Power Operated),22,true,no,,,,,,,,,,no,,,,,,,,no,,,,,,,
22990161,Fabricated Metal Products N.e.c.,22,true,no,,,,,,,,,,no,,,,,,,,no,,,,,,,
22990175,Fire Sprinkler Manufacturing,22,true,no,,,,,,,,,,no,,,,,,,,no,,,,,,,
22990180,Firearm Manufacturing,22,true,no,,,,,,,,,,no,,,,,,,,no,,,,,,,
22990185,Fittings Steam Gas Or Water Manufacturing - Non-ferrous Metal,22,true,no,,,,,,,,,,no,,,,,,,,no,,,,,,,
22990190,Flexible Metal Tubing Manufacturing,22,true,no,,,,,,,,,,no,,,,,,,,no,,,,,,,
22990195,Garden Tool Manufacturing (Except Power Operated),22,true,no,,,,,,,,,,no,,,,,,,,no,,,,,,,
22990200,Grease Gun Manufacturing (Except Pneumatic Or Power Operated),22,true,no,,,,,,,,,,no,,,,,,,,no,,,,,,,
22990215,Hand Held Grinding Tools Manufacturing (Except Pneumatic Or Power Operated),22,true,no,,,,,,,,,,no,,,,,,,,no,,,,,,,
22990240,Hand Tool Manufacturing (Except Of Wood Pneumatic Or Power Operated),22,true,no,,,,,,,,,,no,,,,,,,,no,,,,,,,
22990245,Handbag Frame Metal Manufacturing,22,true,no,,,,,,,,,,no,,,,,,,,no,,,,,,,
22990270,Jewellers Hand Tools Manufacturing (Except Pneumatic Or Power Operated),22,true,no,,,,,,,,,,no,,,,,,,,no,,,,,,,
22990280,Key Manufacturing,22,true,no,,,,,,,,,,no,,,,,,,,no,,,,,,,
22990285,Knife Blank Manufacturing,22,true,no,,,,,,,,,,no,,,,,,,,no,,,,,,,
22990290,Knife Hand Held Manufacturing (Except Power Operated),22,true,no,,,,,,,,,,no,,,,,,,,no,,,,,,,
22990295,Lamps Or Lamp Parts Manufacturing (Except Electric),22,true,no,,,,,,,,,,no,,,,,,,,no,,,,,,,
22990300,Livestock Yarding Equipment Metal Manufacturing,22,true,no,,,,,,,,,,no,,,,,,,,no,,,,,,,
22990305,Lock Manufacturing,22,true,no,,,,,,,,,,no,,,,,,,,no,,,,,,,
22990310,Machine Knife Or Blades Manufacturing,22,true,no,,,,,,,,,,no,,,,,,,,no,,,,,,,
22990320,Mattress Support Woven Wire Link Mesh Or Wire Spring Manufacturing (Except Upholstered),22,true,no,,,,,,,,,,no,,,,,,,,no,,,,,,,
22990325,Metal Aquariums Or Aquarium Stands Manufacturing,22,true,no,,,,,,,,,,no,,,,,,,,no,,,,,,,
22990335,Metal Bathroom Or Toilet Fittings Manufacturing,22,true,no,,,,,,,,,,no,,,,,,,,no,,,,,,,
22990365,Metal Display Model Manufacturing,22,true,no,,,,,,,,,,no,,,,,,,,no,,,,,,,
22990375,Metal Door Or Window Fittings Manufacturing,22,true,no,,,,,,,,,,no,,,,,,,,no,,,,,,,
22990380,Metal Flash Light Case Manufacturing,22,true,no,,,,,,,,,,no,,,,,,,,no,,,,,,,
22990395,Metal Hardware Manufacturing (Except Sheet Metal),22,true,no,,,,,,,,,,no,,,,,,,,no,,,,,,,
22990400,Metal Ice Box Manufacturing,22,true,no,,,,,,,,,,no,,,,,,,,no,,,,,,,
22990426,Light Fittings And Lamps - Non Electrical Manufacturing,22,true,no,,,,,,,,,,no,,,,,,,,no,,,,,,,
22990460,Metal Tap Manufacturing,22,true,no,,,,,,,,,,no,,,,,,,,no,,,,,,,
22990480,Metal Wash Troughs Or Basins Manufacturing (Except Sheet Metal),22,true,no,,,,,,,,,,no,,,,,,,,no,,,,,,,
22990490,Metalworking Hand Tools Manufacturing (Except Pneumatic Or Power Operated),22,true,no,,,,,,,,,,no,,,,,,,,no,,,,,,,
22990500,Non-ferrous Metal Pipe Fittings Manufacturing,22,true,no,,,,,,,,,,no,,,,,,,,no,,,,,,,
22990515,Non-ferrous Metal Tube Fittings Manufacturing,22,true,no,,,,,,,,,,no,,,,,,,,no,,,,,,,
22990525,Ordnance Manufacturing,22,true,no,,,,,,,,,,no,,,,,,,,no,,,,,,,
22990535,Pipe Coil Manufacturing,22,true,no,,,,,,,,,,no,,,,,,,,no,,,,,,,
22990565,Porcelain Enamelled Cast Iron Sink Manufacturing,22,true,no,,,,,,,,,,no,,,,,,,,no,,,,,,,
22990575,Prefabricated Metal Chimney Stack Manufacturing,22,true,no,,,,,,,,,,no,,,,,,,,no,,,,,,,
22990580,Razor Or Razor Blade Manufacturing (Except Power Operated),22,true,no,,,,,,,,,,no,,,,,,,,no,,,,,,,
22990590,Safe Deposit Boxes Or Chests Manufacturing,22,true,no,,,,,,,,,,no,,,,,,,,no,,,,,,,
22990595,Safe Or Vault Manufacturing,22,true,no,,,,,,,,,,no,,,,,,,,no,,,,,,,
22990605,Scissor Manufacturing (Except Electric),22,true,no,,,,,,,,,,no,,,,,,,,no,,,,,,,
22990610,Screwdriver Manufacturing - Including Bits Or Blades (Except Pneumatic Or Power Operated),22,true,no,,,,,,,,,,no,,,,,,,,no,,,,,,,
22990635,Silver Or Gold Plated Cutlery Manufacturing,22,true,no,,,,,,,,,,no,,,,,,,,no,,,,,,,
22990645,Soldering Iron Manufacturing (Except Power Operated),22,true,no,,,,,,,,,,no,,,,,,,,no,,,,,,,
22990670,Sprocket Chain Manufacturing,22,true,no,,,,,,,,,,no,,,,,,,,no,,,,,,,
22990675,Steel Wool Manufacturing,22,true,no,,,,,,,,,,no,,,,,,,,no,,,,,,,
22990680,Stonecutters Hand Tools Manufacturing (Except Pneumatic Or Power Operated),22,true,no,,,,,,,,,,no,,,,,,,,no,,,,,,,
22990690,Tackle Block Metal Manufacturing,22,true,no,,,,,,,,,,no,,,,,,,,no,,,,,,,
22990705,Turnstile Metal Manufacturing,22,true,no,,,,,,,,,,no,,,,,,,,no,,,,,,,
22990710,Valve Or Valve Parts Steam Gas Or Water Manufacturing - Non-ferrous Metal),22,true,no,,,,,,,,,,no,,,,,,,,no,,,,,,,
22990720,Vice Bench Manufacturing,22,true,no,,,,,,,,,,no,,,,,,,,no,,,,,,,
22990740,Welding Services - Metal (Except Construction Projects),22,true,no,,,,,,,,,,no,,,,,,,,no,,,,,,,
22990745,Woodworking Hand Tools Manufacturing (Except Of Wood Pneumatic Or Power Operated),22,true,no,,,,,,,,,,no,,,,,,,,no,,,,,,,
23110020,Motor Car Manufacturing,23,true,no,,,,,,,,,,no,,,,,,,,no,,,,,,,
23110035,Motor Vehicle Engine Manufacturing (Except Motor Cycle Engines),23,true,no,,,,,,,,,,no,,,,,,,,no,,,,,,,
23110040,Motor Vehicle Manufacturing (Except Or Motor Cycles Or Scooters Or Off-highway Mining Or Construction Trucks),23,true,no,,,,,,,,,,no,,,,,,,,no,,,,,,,
23120005,Ambulance Conversion,23,true,no,,,,,,,,,,no,,,,,,,,no,,,,,,,
23120015,Boat Trailer Manufacturing,23,true,no,,,,,,,,,,no,,,,,,,,no,,,,,,,
23120020,Bus Body Assembling On Supplied Motor And Chassis,23,true,no,,,,,,,,,,no,,,,,,,,no,,,,,,,
23120040,Campervan And Camper Trailer Manufacturing,23,true,no,,,,,,,,,,no,,,,,,,,no,,,,,,,
23120055,Caravan Manufacturing,23,true,no,,,,,,,,,,no,,,,,,,,no,,,,,,,
23120060,Crash Tender Bodies Manufacturing,23,true,no,,,,,,,,,,no,,,,,,,,no,,,,,,,
23120065,Fire Tender Bodies Manufacturing,23,true,no,,,,,,,,,,no,,,,,,,,no,,,,,,,
23120075,Firetruck Converting,23,true,no,,,,,,,,,,no,,,,,,,,no,,,,,,,
23120080,Horse Float Manufacturing,23,true,no,,,,,,,,,,no,,,,,,,,no,,,,,,,
23120085,Motor Vehicle Body Assembling On Chassis Not Owned By The Same Unit,23,true,no,,,,,,,,,,no,,,,,,,,no,,,,,,,
23120095,Motor Vehicle Body Manufacturing - Including Custom Built (Except For Transit Concrete Mixers Or Off-highway Trucks,23,true,no,,,,,,,,,,no,,,,,,,,no,,,,,,,
23120100,Motor Vehicle Converting,23,true,no,,,,,,,,,,no,,,,,,,,no,,,,,,,
23120115,Stock Crate Manufacturing,23,true,no,,,,,,,,,,no,,,,,,,,no,,,,,,,
23120120,Trailer Manufacturing,23,true,no,,,,,,,,,,no,,,,,,,,no,,,,,,,
23120130,Truck Body Manufacturing (Except For Transit Concrete Mixers Or Off-highway Trucks),23,true,no,,,,,,,,,,no,,,,,,,,no,,,,,,,
23120140,Truck Tipper Tray Manufacturing,23,true,no,,,,,,,,,,no,,,,,,,,no,,,,,,,
23130010,Air Conditioner Automotive Manufacturing,23,true,no,,,,,,,,,,no,,,,,,,,no,,,,,,,
23130015,Alternator Manufacturing,23,true,no,,,,,,,,,,no,,,,,,,,no,,,,,,,
23130025,Automotive Electrical Component Manufacturing (Except Batteries),23,true,no,,,,,,,,,,no,,,,,,,,no,,,,,,,
23130030,Automotive Electrical Component Factory Reconditioning,23,true,no,,,,,,,,,,no,,,,,,,,no,,,,,,,
23130040,Automotive Heaters And Demisters Manufacturing,23,true,no,,,,,,,,,,no,,,,,,,,no,,,,,,,
23130060,Car Horn Electric Manufacturing,23,true,no,,,,,,,,,,no,,,,,,,,no,,,,,,,
23130085,Ignition Coil Manufacturing,23,true,no,,,,,,,,,,no,,,,,,,,no,,,,,,,
23130090,Light Fittings Automotive Manufacturing,23,true,no,,,,,,,,,,no,,,,,,,,no,,,,,,,
23130150,Spark Plug Manufacturing,23,true,no,,,,,,,,,,no,,,,,,,,no,,,,,,,
23130165,Starter Motor Manufacturing,23,true,no,,,,,,,,,,no,,,,,,,,no,,,,,,,
23130175,Windscreen Wiper Manufacturing,23,true,no,,,,,,,,,,no,,,,,,,,no,,,,,,,
23190020,Automotive Differentials Manufacturing,23,true,no,,,,,,,,,,no,,,,,,,,no,,,,,,,
23190040,Car Accessory Manufacturing,23,true,no,,,,,,,,,,no,,,,,,,,no,,,,,,,
23190045,Child Car Restraint Manufacturing,23,true,no,,,,,,,,,,no,,,,,,,,no,,,,,,,
23190050,Clutch Assembly Manufacturing,23,true,no,,,,,,,,,,no,,,,,,,,no,,,,,,,
23190065,Factory Reconditioning Of Changeover Motor Vehicle Engines,23,true,no,,,,,,,,,,no,,,,,,,,no,,,,,,,
23190075,Gearbox Manufacturing,23,true,no,,,,,,,,,,no,,,,,,,,no,,,,,,,
23190080,Marine Conversion Of Automotive Engines,23,true,no,,,,,,,,,,no,,,,,,,,no,,,,,,,
23190200,Motor Vehicle Parts Manufacturing (Except Wholly Of Plastic),23,true,no,,,,,,,,,,no,,,,,,,,no,,,,,,,
23190235,Motor Vehicle Tow Bar Manufacturing,23,true,no,,,,,,,,,,no,,,,,,,,no,,,,,,,
23190245,Muffler Manufacturing,23,true,no,,,,,,,,,,no,,,,,,,,no,,,,,,,
23190255,Radiator Manufacturing,23,true,no,,,,,,,,,,no,,,,,,,,no,,,,,,,
23190260,Rim Manufacturing - Automotive,23,true,no,,,,,,,,,,no,,,,,,,,no,,,,,,,
23190275,Roof Rack Manufacturing,23,true,no,,,,,,,,,,no,,,,,,,,no,,,,,,,
23190280,Seat Belt Manufacturing,23,true,no,,,,,,,,,,no,,,,,,,,no,,,,,,,
23190285,Shock Absorber Manufacturing,23,true,no,,,,,,,,,,no,,,,,,,,no,,,,,,,
23190290,Suspension Component Manufacturing,23,true,no,,,,,,,,,,no,,,,,,,,no,,,,,,,
23190295,Transmission Manufacturing,23,true,no,,,,,,,,,,no,,,,,,,,no,,,,,,,
23190300,Wheel Manufacturing,23,true,no,,,,,,,,,,no,,,,,,,,no,,,,,,,
23910005,Drydock Operation,23,true,no,,,,,,,,,,no,,,,,,,,no,,,,,,,
23910030,Hull Cleaning,23,true,no,,,,,,,,,,no,,,,,,,,no,,,,,,,
23910035,Marine Diesel Inboard Engines Maintenance Or Servicing For Vessels Of 50 Tonnes And Over Displacement,23,true,no,,,,,,,,,,no,,,,,,,,no,,,,,,,
23910045,Marine Plumbing,23,true,no,,,,,,,,,,no,,,,,,,,no,,,,,,,
23910050,Refitting Or Converting Ships,23,true,no,,,,,,,,,,no,,,,,,,,no,,,,,,,
23910075,Ship Panels Or Sections Manufacturing,23,true,no,,,,,,,,,,no,,,,,,,,no,,,,,,,
23910085,Ship Repairing,23,true,no,,,,,,,,,,no,,,,,,,,no,,,,,,,
23910090,Ship Wrecking,23,true,no,,,,,,,,,,no,,,,,,,,no,,,,,,,
23910095,Shipbuilding,23,true,no,,,,,,,,,,no,,,,,,,,no,,,,,,,
23910100,Slipway Operation,23,true,no,,,,,,,,,,no,,,,,,,,no,,,,,,,
23910105,Submarine Component Manufacturing,23,true,no,,,,,,,,,,no,,,,,,,,no,,,,,,,
23910110,Submarine Constructing,23,true,no,,,,,,,,,,no,,,,,,,,no,,,,,,,
23920010,Boat Repairing,23,true,no,,,,,,,,,,no,,,,,,,,no,,,,,,,
23920011,Boat Repairing (Metal only),23,true,no,,,,,,,,,,no,,,,,,,,no,,,,,,,
23920015,Boatbuilding,23,true,no,,,,,,,,,,no,,,,,,,,no,,,,,,,
23920016,Boatbuilding (Small Steel Craft Only),23,true,no,,,,,,,,,,no,,,,,,,,no,,,,,,,
23920017,Boatbuilding (Small Plastic Or Fibreglass Craft Only),23,true,no,,,,,,,,,,no,,,,,,,,no,,,,,,,
23920025,Canoe Manufacturing,23,true,no,,,,,,,,,,no,,,,,,,,no,,,,,,,
23920030,Dinghy Manufacturing,23,true,no,,,,,,,,,,no,,,,,,,,no,,,,,,,
23920035,Inflatable Boat Manufacturing,23,true,no,,,,,,,,,,no,,,,,,,,no,,,,,,,
23920040,Inflatable Dinghy Manufacturing,23,true,no,,,,,,,,,,no,,,,,,,,no,,,,,,,
23920050,Jet Boat Building,23,true,no,,,,,,,,,,no,,,,,,,,no,,,,,,,
23920055,Motorboat Inboard And Outboard Building,23,true,no,,,,,,,,,,no,,,,,,,,no,,,,,,,
23920075,Sailboat Manufacturing,23,true,no,,,,,,,,,,no,,,,,,,,no,,,,,,,
23920085,Yacht Building,23,true,no,,,,,,,,,,no,,,,,,,,no,,,,,,,
23930005,Cable Car Manufacturing,23,true,no,,,,,,,,,,no,,,,,,,,no,,,,,,,
23930020,Locomotive Manufacturing,23,true,no,,,,,,,,,,no,,,,,,,,no,,,,,,,
23930030,Railway Cars Trucks Vans Or Wagons Manufacturing,23,true,no,,,,,,,,,,no,,,,,,,,no,,,,,,,
23930040,Railway Equipment Parts Manufacturing,23,true,no,,,,,,,,,,no,,,,,,,,no,,,,,,,
23930075,Repair Of Locomotives And Rolling Stock,23,true,no,,,,,,,,,,no,,,,,,,,no,,,,,,,
23930085,Repair Of Railway Rolling Stock - Including Overhaul And Maintenance,23,true,no,,,,,,,,,,no,,,,,,,,no,,,,,,,
23930090,Repair Of Tramway Rolling Stock - Including Overhaul And Maintenance,23,true,no,,,,,,,,,,no,,,,,,,,no,,,,,,,
23930100,Tram Manufacturing,23,true,no,,,,,,,,,,no,,,,,,,,no,,,,,,,
23940015,Aircraft Engine Building Or Repairing,23,true,no,,,,,,,,,,no,,,,,,,,no,,,,,,,
23940035,Aircraft Manufacturing,23,true,no,,,,,,,,,,no,,,,,,,,no,,,,,,,
23940050,Aircraft Wheels And Brakes Reconditioning Services,23,true,no,,,,,,,,,,no,,,,,,,,no,,,,,,,
23940070,Avionics Equipment Repairing,23,true,no,,,,,,,,,,no,,,,,,,,no,,,,,,,
23940080,Glider Manufacturing And Repair (Except Hang Glider),23,true,no,,,,,,,,,,no,,,,,,,,no,,,,,,,
23940085,Guided Missile Manufacturing,23,true,no,,,,,,,,,,no,,,,,,,,no,,,,,,,
23940095,Helicopter Manufacturing Or Repairing,23,true,no,,,,,,,,,,no,,,,,,,,no,,,,,,,
23940105,Repair Of Aircraft - Including Maintenance Or Overhaul,23,true,no,,,,,,,,,,no,,,,,,,,no,,,,,,,
23940145,Spray Painting Of Aircraft,23,true,no,,,,,,,,,,no,,,,,,,,no,,,,,,,
23990010,Amphibian Motor Vehicle Manufacturing,23,true,no,,,,,,,,,,no,,,,,,,,no,,,,,,,
23990015,Baby Carriage Manufacturing - Including Metal Parts,23,true,no,,,,,,,,,,no,,,,,,,,no,,,,,,,
23990025,Beach Buggy Manufacturing,23,true,no,,,,,,,,,,no,,,,,,,,no,,,,,,,
23990040,Bicycle Manufacturing,23,true,no,,,,,,,,,,no,,,,,,,,no,,,,,,,
23990045,Bicycle Parts Or Accessories Manufacturing (Except Spokes),23,true,no,,,,,,,,,,no,,,,,,,,no,,,,,,,
23990065,Go-kart Manufacturing - Including Chassis,23,true,no,,,,,,,,,,no,,,,,,,,no,,,,,,,
23990070,Golf Buggy Manufacturing,23,true,no,,,,,,,,,,no,,,,,,,,no,,,,,,,
23990075,Hand Drawn Vehicle Manufacturing,23,true,no,,,,,,,,,,no,,,,,,,,no,,,,,,,
23990085,Horse Drawn Vehicle Manufacturing,23,true,no,,,,,,,,,,no,,,,,,,,no,,,,,,,
23990090,Hovercraft Manufacturing,23,true,no,,,,,,,,,,no,,,,,,,,no,,,,,,,
23990105,Motor Cycle Manufacturing,23,true,no,,,,,,,,,,no,,,,,,,,no,,,,,,,
23990115,Motor Cycle Parts Manufacturing,23,true,no,,,,,,,,,,no,,,,,,,,no,,,,,,,
23990120,Motor Cycle Side Cars Manufacturing,23,true,no,,,,,,,,,,no,,,,,,,,no,,,,,,,
23990125,Motor Scooter Manufacturing,23,true,no,,,,,,,,,,no,,,,,,,,no,,,,,,,
23990130,Motor Scooter Parts Manufacturing,23,true,no,,,,,,,,,,no,,,,,,,,no,,,,,,,
23990170,Trotting Gig Manufacturing,23,true,no,,,,,,,,,,no,,,,,,,,no,,,,,,,
23990175,Unusual Terrain Vehicle Manufacturing,23,true,no,,,,,,,,,,no,,,,,,,,no,,,,,,,
23990180,Wheelbarrow Manufacturing,23,true,no,,,,,,,,,,no,,,,,,,,no,,,,,,,
23990185,Wheelchair Manufacturing,23,true,no,,,,,,,,,,no,,,,,,,,no,,,,,,,
24110005,Binocular Manufacturing,24,true,no,,,,,,,,,,no,,,,,,,,no,,,,,,,
24110016,Camera And Photographic Equipment Manufacturing,24,true,no,,,,,,,,,,no,,,,,,,,no,,,,,,,
24110025,Cameras Or Camera Accessories Manufacturing,24,true,no,,,,,,,,,,no,,,,,,,,no,,,,,,,
24110030,Contact Lens Manufacturing,24,true,no,,,,,,,,,,no,,,,,,,,no,,,,,,,
24110090,Ophthalmic Article Manufacturing,24,true,no,,,,,,,,,,no,,,,,,,,no,,,,,,,
24110095,Ophthalmic Instruments Manufacturing,24,true,no,,,,,,,,,,no,,,,,,,,no,,,,,,,
24110100,Optical Gun Sights Manufacturing,24,true,no,,,,,,,,,,no,,,,,,,,no,,,,,,,
24110105,Optical Instrument Or Equipment Manufacturing,24,true,no,,,,,,,,,,no,,,,,,,,no,,,,,,,
24110110,Optical Lens Grinding,24,true,no,,,,,,,,,,no,,,,,,,,no,,,,,,,
24110180,Spectacle Frame Manufacturing,24,true,no,,,,,,,,,,no,,,,,,,,no,,,,,,,
24110185,Spectacle Lens Grinding,24,true,no,,,,,,,,,,no,,,,,,,,no,,,,,,,
24110195,Sunglasses Manufacturing,24,true,no,,,,,,,,,,no,,,,,,,,no,,,,,,,
24120005,Artificial Eye Manufacturing,24,true,no,,,,,,,,,,no,,,,,,,,no,,,,,,,
24120030,Dental Amalgam Manufacturing,24,true,no,,,,,,,,,,no,,,,,,,,no,,,,,,,
24120040,Dental Chair Manufacturing - Fitted With Mechanical Device,24,true,no,,,,,,,,,,no,,,,,,,,no,,,,,,,
24120050,Dental Instrument Or Equipment Manufacturing,24,true,no,,,,,,,,,,no,,,,,,,,no,,,,,,,
24120095,Denture Manufacturing,24,true,no,,,,,,,,,,no,,,,,,,,no,,,,,,,
24120100,Diagnostic Apparatus Manufacturing - Medical,24,true,no,,,,,,,,,,no,,,,,,,,no,,,,,,,
24120110,First Aid Equipment Manufacturing,24,true,no,,,,,,,,,,no,,,,,,,,no,,,,,,,
24120115,Hearing Aid Manufacturing,24,true,no,,,,,,,,,,no,,,,,,,,no,,,,,,,
24120125,Heart Valve Manufacturing,24,true,no,,,,,,,,,,no,,,,,,,,no,,,,,,,
24120135,Hypodermic Needle Or Syringe Manufacturing,24,true,no,,,,,,,,,,no,,,,,,,,no,,,,,,,
24120155,Medical Equipment Manufacturing,24,true,no,,,,,,,,,,no,,,,,,,,no,,,,,,,
24120170,Medical Instruments Manufacturing,24,true,no,,,,,,,,,,no,,,,,,,,no,,,,,,,
24120205,Orthotics Manufacturing - Arch Support,24,true,no,,,,,,,,,,no,,,,,,,,no,,,,,,,
24120210,Oxygen Tent Manufacturing,24,true,no,,,,,,,,,,no,,,,,,,,no,,,,,,,
24120215,Pacemaker Manufacturing,24,true,no,,,,,,,,,,no,,,,,,,,no,,,,,,,
24120220,Prosthetic Products Manufacturing,24,true,no,,,,,,,,,,no,,,,,,,,no,,,,,,,
24120230,Respirator Manufacturing,24,true,no,,,,,,,,,,no,,,,,,,,no,,,,,,,
24120245,Surgical Equipment Manufacturing,24,true,no,,,,,,,,,,no,,,,,,,,no,,,,,,,
24120275,Thermometer Medical Manufacturing,24,true,no,,,,,,,,,,no,,,,,,,,no,,,,,,,
24120280,Veterinary Instrument Manufacturing,24,true,no,,,,,,,,,,no,,,,,,,,no,,,,,,,
24120285,X-ray Medical Equipment Manufacturing,24,true,no,,,,,,,,,,no,,,,,,,,no,,,,,,,
24190030,Cathode Ray Tubes Manufacturing,24,true,no,,,,,,,,,,no,,,,,,,,no,,,,,,,
24190045,Clock Manufacturing,24,true,no,,,,,,,,,,no,,,,,,,,no,,,,,,,
24190060,Control Equipment Electrical Manufacturing,24,true,no,,,,,,,,,,no,,,,,,,,no,,,,,,,
24190065,Diagnostic Apparatus Manufacturing (Except Medical),24,true,no,,,,,,,,,,no,,,,,,,,no,,,,,,,
24190070,Draughting Instrument Manufacturing,24,true,no,,,,,,,,,,no,,,,,,,,no,,,,,,,
24190085,Electrical Control Equipment Manufacturing,24,true,no,,,,,,,,,,no,,,,,,,,no,,,,,,,
24190125,Electricity Meter Manufacturing,24,true,no,,,,,,,,,,no,,,,,,,,no,,,,,,,
24190130,Electrode Manufacturing (Except Welding Electrodes),24,true,no,,,,,,,,,,no,,,,,,,,no,,,,,,,
24190165,Gas Or Water Meters Manufacturing,24,true,no,,,,,,,,,,no,,,,,,,,no,,,,,,,
24190220,Measuring Instrument Manufacturing,24,true,no,,,,,,,,,,no,,,,,,,,no,,,,,,,
24190230,Meteorological Instrument Manufacturing,24,true,no,,,,,,,,,,no,,,,,,,,no,,,,,,,
24190240,Nautical Instrument Manufacturing,24,true,no,,,,,,,,,,no,,,,,,,,no,,,,,,,
24190250,Navigational Systems And Equipment Manufacturing,24,true,no,,,,,,,,,,no,,,,,,,,no,,,,,,,
24190260,Optical Fibre Cable Uninsulated Manufacturing,24,true,no,,,,,,,,,,no,,,,,,,,no,,,,,,,
24190275,Parking Meter Manufacturing,24,true,no,,,,,,,,,,no,,,,,,,,no,,,,,,,
24190291,Precision Equipment Manufacturing,24,true,no,,,,,,,,,,no,,,,,,,,no,,,,,,,
24190305,Radar Systems And Equipment Manufacturing,24,true,no,,,,,,,,,,no,,,,,,,,no,,,,,,,
24190310,Radio Remote Control Equipment Manufacturing,24,true,no,,,,,,,,,,no,,,,,,,,no,,,,,,,
24190325,Scientific Instruments Or Equipment Manufacturing,24,true,no,,,,,,,,,,no,,,,,,,,no,,,,,,,
24190340,Signalling Equipment Electrical Manufacturing,24,true,no,,,,,,,,,,no,,,,,,,,no,,,,,,,
24190365,Surveying Instrument Manufacturing,24,true,no,,,,,,,,,,no,,,,,,,,no,,,,,,,
24190380,Taxi Meter Manufacturing,24,true,no,,,,,,,,,,no,,,,,,,,no,,,,,,,
24190390,Traffic Light Component Or Parts Manufacturing,24,true,no,,,,,,,,,,no,,,,,,,,no,,,,,,,
24190440,Wrist Watches Manufacturing,24,true,no,,,,,,,,,,no,,,,,,,,no,,,,,,,
24190445,X-ray Equipment Manufacturing (Except Medical),24,true,no,,,,,,,,,,no,,,,,,,,no,,,,,,,
24210020,Business Machine Manufacturing,24,true,no,,,,,,,,,,no,,,,,,,,no,,,,,,,
24210025,Calculator Manufacturing,24,true,no,,,,,,,,,,no,,,,,,,,no,,,,,,,
24210040,Cash Register Manufacturing,24,true,no,,,,,,,,,,no,,,,,,,,no,,,,,,,
24210065,Computer Hardware Manufacturing,24,true,no,,,,,,,,,,no,,,,,,,,no,,,,,,,
24210140,Line Printer Manufacturing - Computer Peripheral,24,true,no,,,,,,,,,,no,,,,,,,,no,,,,,,,
24210155,Office Machine Manufacturing - Electronic,24,true,no,,,,,,,,,,no,,,,,,,,no,,,,,,,
24210160,Photocopying Machine Manufacturing,24,true,no,,,,,,,,,,no,,,,,,,,no,,,,,,,
24210180,Typewriters Or Typewriter Attachments Manufacturing,24,true,no,,,,,,,,,,no,,,,,,,,no,,,,,,,
24210185,Visual Display Unit Manufacturing - Computer Peripheral,24,true,no,,,,,,,,,,no,,,,,,,,no,,,,,,,
24220015,Broadcast Equipment Manufacturing,24,true,no,,,,,,,,,,no,,,,,,,,no,,,,,,,
24220050,Intercom Equipment Manufacturing,24,true,no,,,,,,,,,,no,,,,,,,,no,,,,,,,
24220060,Modem Equipment Manufacturing,24,true,no,,,,,,,,,,no,,,,,,,,no,,,,,,,
24220080,Radio Broadcast Studio Equipment Manufacturing,24,true,no,,,,,,,,,,no,,,,,,,,no,,,,,,,
24220085,Radio Telegraphic Or Telephonic Receivers Manufacturing,24,true,no,,,,,,,,,,no,,,,,,,,no,,,,,,,
24220090,Radio Transceiver Manufacturing,24,true,no,,,,,,,,,,no,,,,,,,,no,,,,,,,
24220095,Radio Transmitter Manufacturing,24,true,no,,,,,,,,,,no,,,,,,,,no,,,,,,,
24220120,Telecommunication Equipment Manufacturing,24,true,no,,,,,,,,,,no,,,,,,,,no,,,,,,,
24220135,Telephone Equipment Manufacturing,24,true,no,,,,,,,,,,no,,,,,,,,no,,,,,,,
24220140,Telephone Or Telegraph Switchboard Manufacturing,24,true,no,,,,,,,,,,no,,,,,,,,no,,,,,,,
24220165,Television Antennae Manufacturing,24,true,no,,,,,,,,,,no,,,,,,,,no,,,,,,,
24220185,Television Studio Equipment Manufacturing,24,true,no,,,,,,,,,,no,,,,,,,,no,,,,,,,
24290010,Amplifier Audio-frequency Manufacturing,24,true,no,,,,,,,,,,no,,,,,,,,no,,,,,,,
24290035,Burglar Or Fire Alarm Apparatus Manufacturing,24,true,no,,,,,,,,,,no,,,,,,,,no,,,,,,,
24290046,"Cards With Electronic Chips Manufacturing (Credit, Debit, Smart Etc)",24,true,no,,,,,,,,,,no,,,,,,,,no,,,,,,,
24290065,Computer Disk Manufacturing (Except Pre-recorded),24,true,no,,,,,,,,,,no,,,,,,,,no,,,,,,,
24290070,Computer Or Printer Toner Cartridge Manufacturing,24,true,no,,,,,,,,,,no,,,,,,,,no,,,,,,,
24290095,Earphone Manufacturing,24,true,no,,,,,,,,,,no,,,,,,,,no,,,,,,,
24290100,Electric Or Electronic Alarm System Manufacturing,24,true,no,,,,,,,,,,no,,,,,,,,no,,,,,,,
24290110,Electronic Gaming Machines Manufacturing (E.g. Poker Machines),24,true,no,,,,,,,,,,no,,,,,,,,no,,,,,,,
24290111,Electronic Goods Manufacturing,24,true,no,,,,,,,,,,no,,,,,,,,no,,,,,,,
24290120,Fire Alarm Apparatus Manufacturing,24,true,no,,,,,,,,,,no,,,,,,,,no,,,,,,,
24290130,Hand Held Electronic Amusement Game Manufacturing,24,true,no,,,,,,,,,,no,,,,,,,,no,,,,,,,
24290140,Headphone Manufacturing,24,true,no,,,,,,,,,,no,,,,,,,,no,,,,,,,
24290150,Integrated Circuit Manufacturing,24,true,no,,,,,,,,,,no,,,,,,,,no,,,,,,,
24290165,Loudspeaker Manufacturing,24,true,no,,,,,,,,,,no,,,,,,,,no,,,,,,,
24290175,Magnetic Tapes Manufacturing (Except Pre-recorded),24,true,no,,,,,,,,,,no,,,,,,,,no,,,,,,,
24290180,Microchip Manufacturing,24,true,no,,,,,,,,,,no,,,,,,,,no,,,,,,,
24290185,Microphone Manufacturing,24,true,no,,,,,,,,,,no,,,,,,,,no,,,,,,,
24290215,Poker Machines Or Parts Manufacturing - Electronic,24,true,no,,,,,,,,,,no,,,,,,,,no,,,,,,,
24290225,Printed Circuit Board Manufacturing,24,true,no,,,,,,,,,,no,,,,,,,,no,,,,,,,
24290235,Radio Receiving Set Manufacturing,24,true,no,,,,,,,,,,no,,,,,,,,no,,,,,,,
24290250,Record Player Manufacturing,24,true,no,,,,,,,,,,no,,,,,,,,no,,,,,,,
24290280,Semi-conductor Manufacturing,24,true,no,,,,,,,,,,no,,,,,,,,no,,,,,,,
24290290,Sound Recording Equipment Manufacturing,24,true,no,,,,,,,,,,no,,,,,,,,no,,,,,,,
24290295,Sound Reproducing Equipment Manufacturing,24,true,no,,,,,,,,,,no,,,,,,,,no,,,,,,,
24290300,Tape Recorder Manufacturing,24,true,no,,,,,,,,,,no,,,,,,,,no,,,,,,,
24290315,Television Receiving Set Manufacturing,24,true,no,,,,,,,,,,no,,,,,,,,no,,,,,,,
24290325,Transistor Manufacturing,24,true,no,,,,,,,,,,no,,,,,,,,no,,,,,,,
24290330,Video Recorder Manufacturing,24,true,no,,,,,,,,,,no,,,,,,,,no,,,,,,,
24310005,Braided Non-ferrous Cable Wire Or Strip Manufacturing,24,true,no,,,,,,,,,,no,,,,,,,,no,,,,,,,
24310010,Co-axial Cable Manufacturing,24,true,no,,,,,,,,,,no,,,,,,,,no,,,,,,,
24310015,Electric Cable Or Wire Manufacturing,24,true,no,,,,,,,,,,no,,,,,,,,no,,,,,,,
24310020,Fuse Wire Manufacturing,24,true,no,,,,,,,,,,no,,,,,,,,no,,,,,,,
24310030,Insulated Optical Fibre Cable Manufacturing,24,true,no,,,,,,,,,,no,,,,,,,,no,,,,,,,
24310075,Telecommunications Cable Manufacturing,24,true,no,,,,,,,,,,no,,,,,,,,no,,,,,,,
24310080,Telephone Wire Or Cable Manufacturing,24,true,no,,,,,,,,,,no,,,,,,,,no,,,,,,,
24320020,Electric Light Bulbs Or Tubes Manufacturing,24,true,no,,,,,,,,,,no,,,,,,,,no,,,,,,,
24320035,Electric Sign Manufacturing,24,true,no,,,,,,,,,,no,,,,,,,,no,,,,,,,
24320040,Electrical Element Manufacturing,24,true,no,,,,,,,,,,no,,,,,,,,no,,,,,,,
24320050,Fittings Electric Light Manufacturing (Except Automotive),24,true,no,,,,,,,,,,no,,,,,,,,no,,,,,,,
24320055,Flashlight Bulb Manufacturing,24,true,no,,,,,,,,,,no,,,,,,,,no,,,,,,,
24320075,Lamp Infra-red Or Ultra-violet Manufacturing,24,true,no,,,,,,,,,,no,,,,,,,,no,,,,,,,
24320080,Neon Sign Manufacturing,24,true,no,,,,,,,,,,no,,,,,,,,no,,,,,,,
24320100,Spotlight Manufacturing (Except Automotive),24,true,no,,,,,,,,,,no,,,,,,,,no,,,,,,,
24390025,Battery Manufacturing - Including Motor Vehicles,24,true,no,,,,,,,,,,no,,,,,,,,no,,,,,,,
24390035,Carbon Or Graphite Brushes Or Bearings Manufacturing,24,true,no,,,,,,,,,,no,,,,,,,,no,,,,,,,
24390040,Distribution Box Or Board Electricity Manufacturing,24,true,no,,,,,,,,,,no,,,,,,,,no,,,,,,,
24390045,Dry Cell Battery Manufacturing,24,true,no,,,,,,,,,,no,,,,,,,,no,,,,,,,
24390050,Dynamo Manufacturing,24,true,no,,,,,,,,,,no,,,,,,,,no,,,,,,,
24390055,Electric Battery Manufacturing,24,true,no,,,,,,,,,,no,,,,,,,,no,,,,,,,
24390075,Electric Hair Drier Manufacturing (Except Household),24,true,no,,,,,,,,,,no,,,,,,,,no,,,,,,,
24390080,Electric Motor Rewinding,24,true,no,,,,,,,,,,no,,,,,,,,no,,,,,,,
24390085,Electric Motors Manufacturing,24,true,no,,,,,,,,,,no,,,,,,,,no,,,,,,,
24390125,Electrical Supplies Or Components Manufacturing,24,true,no,,,,,,,,,,no,,,,,,,,no,,,,,,,
24390150,Electricity Switchboard Manufacturing,24,true,no,,,,,,,,,,no,,,,,,,,no,,,,,,,
24390165,Furnace Electric Manufacturing (Except Space Heaters),24,true,no,,,,,,,,,,no,,,,,,,,no,,,,,,,
24390170,Fuse Or Cutout Manufacturing,24,true,no,,,,,,,,,,no,,,,,,,,no,,,,,,,
24390175,Generator Manufacturing (Except Wind Powered),24,true,no,,,,,,,,,,no,,,,,,,,no,,,,,,,
24390190,Magnet Manufacturing,24,true,no,,,,,,,,,,no,,,,,,,,no,,,,,,,
24390205,Motor Vehicle Battery Rebuilding Or Reconditioning,24,true,no,,,,,,,,,,no,,,,,,,,no,,,,,,,
24390225,Soldering Iron Electrical Manufacturing,24,true,no,,,,,,,,,,no,,,,,,,,no,,,,,,,
24390230,Soldering Or Welding Flux Manufacturing - Powder Paste Or Crystal,24,true,no,,,,,,,,,,no,,,,,,,,no,,,,,,,
24390245,Transformer Manufacturing,24,true,no,,,,,,,,,,no,,,,,,,,no,,,,,,,
24390250,Transmission Equipment Electrical Manufacturing,24,true,no,,,,,,,,,,no,,,,,,,,no,,,,,,,
24390260,Welding Equipment Electrical Manufacturing,24,true,no,,,,,,,,,,no,,,,,,,,no,,,,,,,
24390265,Wet Cell Battery Manufacturing,24,true,no,,,,,,,,,,no,,,,,,,,no,,,,,,,
24410005,Barbecue Solid Fuel Or Gas Manufacturing,24,true,no,,,,,,,,,,no,,,,,,,,no,,,,,,,
24410010,Clothes Drier Domestic Manufacturing,24,true,no,,,,,,,,,,no,,,,,,,,no,,,,,,,
24410015,Dishwasher Domestic Manufacturing,24,true,no,,,,,,,,,,no,,,,,,,,no,,,,,,,
24410020,Food Waste Disposal Unit Manufacturing,24,true,no,,,,,,,,,,no,,,,,,,,no,,,,,,,
24410030,Freezer Manufacturing,24,true,no,,,,,,,,,,no,,,,,,,,no,,,,,,,
24410040,Household Appliance Manufacturing - Whiteware,24,true,no,,,,,,,,,,no,,,,,,,,no,,,,,,,
24410080,Household Gas Stove Manufacturing,24,true,no,,,,,,,,,,no,,,,,,,,no,,,,,,,
24410090,Household Ovens Manufacturing,24,true,no,,,,,,,,,,no,,,,,,,,no,,,,,,,
24410100,Household Spin Drier Manufacturing,24,true,no,,,,,,,,,,no,,,,,,,,no,,,,,,,
24410120,Microwave Oven Manufacturing,24,true,no,,,,,,,,,,no,,,,,,,,no,,,,,,,
24410145,Rangehood Domestic Manufacturing,24,true,no,,,,,,,,,,no,,,,,,,,no,,,,,,,
24410160,Refrigerator Manufacturing,24,true,no,,,,,,,,,,no,,,,,,,,no,,,,,,,
24410175,Stove Domestic Manufacturing,24,true,no,,,,,,,,,,no,,,,,,,,no,,,,,,,
24410185,Washing Machine Domestic Manufacturing,24,true,no,,,,,,,,,,no,,,,,,,,no,,,,,,,
24490020,Air Conditioner Domestic Manufacturing,24,true,no,,,,,,,,,,no,,,,,,,,no,,,,,,,
24490050,Electric Blanket Manufacturing,24,true,no,,,,,,,,,,no,,,,,,,,no,,,,,,,
24490120,Hot Water System Domestic Manufacturing,24,true,no,,,,,,,,,,no,,,,,,,,no,,,,,,,
24490145,Household Appliance Manufacturing (Except Whiteware),24,true,no,,,,,,,,,,no,,,,,,,,no,,,,,,,
24490165,Household Electric Fan Manufacturing,24,true,no,,,,,,,,,,no,,,,,,,,no,,,,,,,
24490210,Household Electric Kettles Or Jugs Manufacturing,24,true,no,,,,,,,,,,no,,,,,,,,no,,,,,,,
24490255,Household Gas Heating Appliance Manufacturing,24,true,no,,,,,,,,,,no,,,,,,,,no,,,,,,,
24490260,Household Hair Drier Manufacturing,24,true,no,,,,,,,,,,no,,,,,,,,no,,,,,,,
24490265,Household Heater Manufacturing,24,true,no,,,,,,,,,,no,,,,,,,,no,,,,,,,
24490285,Household Oil Heater Manufacturing,24,true,no,,,,,,,,,,no,,,,,,,,no,,,,,,,
24490295,Household Sewing Machine Manufacturing,24,true,no,,,,,,,,,,no,,,,,,,,no,,,,,,,
24490330,Kerosene Heater Manufacturing,24,true,no,,,,,,,,,,no,,,,,,,,no,,,,,,,
24490370,Room Air Conditioner Manufacturing,24,true,no,,,,,,,,,,no,,,,,,,,no,,,,,,,
24490385,Solar Water Heating System Manufacturing Domestic,24,true,no,,,,,,,,,,no,,,,,,,,no,,,,,,,
24490390,Space Heater Domestic Manufacturing,24,true,no,,,,,,,,,,no,,,,,,,,no,,,,,,,
24490400,Urns Hot Water Manufacturing,24,true,no,,,,,,,,,,no,,,,,,,,no,,,,,,,
24490405,Vacuum Cleaner Domestic Manufacturing,24,true,no,,,,,,,,,,no,,,,,,,,no,,,,,,,
24490406,Waste Disposal Units Manufacturing,24,true,no,,,,,,,,,,no,,,,,,,,no,,,,,,,
24490410,Water Cooler Manufacturing,24,true,no,,,,,,,,,,no,,,,,,,,no,,,,,,,
24490420,Water Treatment Equipment Domestic Manufacturing,24,true,no,,,,,,,,,,no,,,,,,,,no,,,,,,,
24510020,Gas Compressor Manufacturing (Except Refrigeration Or Air Conditioning Compressors Or Parts),24,true,no,,,,,,,,,,no,,,,,,,,no,,,,,,,
24510045,Petrol Pump Manufacturing,24,true,no,,,,,,,,,,no,,,,,,,,no,,,,,,,
24510050,Pump Manufacturing,24,true,no,,,,,,,,,,no,,,,,,,,no,,,,,,,
24520035,Air Conditioning Equipment Commercial Or Industrial Manufacturing (Except Motor Vehicles),24,true,no,,,,,,,,,,no,,,,,,,,no,,,,,,,
24520045,Beer Dispensing Equipment Manufacturing,24,true,no,,,,,,,,,,no,,,,,,,,no,,,,,,,
24520060,Commercial Hot Water System Manufacturing,24,true,no,,,,,,,,,,no,,,,,,,,no,,,,,,,
24520080,Coolroom Refrigeration Plant Manufacturing,24,true,no,,,,,,,,,,no,,,,,,,,no,,,,,,,
24520085,Industrial Hot Water System Manufacturing,24,true,no,,,,,,,,,,no,,,,,,,,no,,,,,,,
24520110,Refrigeration Equipment Commercial Or Industrial Manufacturing,24,true,no,,,,,,,,,,no,,,,,,,,no,,,,,,,
24520120,Space Heating System Commercial Or Industrial Manufacturing,24,true,no,,,,,,,,,,no,,,,,,,,no,,,,,,,
24520125,Swimming Pool Heating Equipment Manufacturing,24,true,no,,,,,,,,,,no,,,,,,,,no,,,,,,,
24520130,Vending Machine Refrigerated Manufacturing,24,true,no,,,,,,,,,,no,,,,,,,,no,,,,,,,
24520135,Water Cooler Commercial Or Industrial Manufacturing,24,true,no,,,,,,,,,,no,,,,,,,,no,,,,,,,
24610020,Agricultural Implement Manufacturing (Except Garden Tools),24,true,no,,,,,,,,,,no,,,,,,,,no,,,,,,,
24610025,Agricultural Machinery Or Equipment Manufacturing,24,true,no,,,,,,,,,,no,,,,,,,,no,,,,,,,
24610165,Irrigation Equipment Manufacturing (Except Domestic Type Sprinklers),24,true,no,,,,,,,,,,no,,,,,,,,no,,,,,,,
24610185,Lawn Mower Manufacturing,24,true,no,,,,,,,,,,no,,,,,,,,no,,,,,,,
24610295,Tractor Agricultural Manufacturing (Except Crawler Tractors),24,true,no,,,,,,,,,,no,,,,,,,,no,,,,,,,
24610296,Tractors Manufacturing N.e.c.,24,true,no,,,,,,,,,,no,,,,,,,,no,,,,,,,
24610310,Windmill Manufacturing,24,true,no,,,,,,,,,,no,,,,,,,,no,,,,,,,
24620005,Back Hoe Manufacturing,24,true,no,,,,,,,,,,no,,,,,,,,no,,,,,,,
24620030,Concrete Mixer Manufacturing,24,true,no,,,,,,,,,,no,,,,,,,,no,,,,,,,
24620035,Concrete Spreaders Or Surfacers Manufacturing,24,true,no,,,,,,,,,,no,,,,,,,,no,,,,,,,
24620040,Construction Machinery Equipment Or Attachments Manufacturing,24,true,no,,,,,,,,,,no,,,,,,,,no,,,,,,,
24620045,Crawler Tractor Manufacturing,24,true,no,,,,,,,,,,no,,,,,,,,no,,,,,,,
24620050,Crushing Machinery Manufacturing,24,true,no,,,,,,,,,,no,,,,,,,,no,,,,,,,
24620060,Dozer Angle Dozer Bulldozer Manufacturing,24,true,no,,,,,,,,,,no,,,,,,,,no,,,,,,,
24620080,Drilling Rig Manufacturing,24,true,no,,,,,,,,,,no,,,,,,,,no,,,,,,,
24620090,Earthmoving Machinery Equipment Or Attachments Manufacturing,24,true,no,,,,,,,,,,no,,,,,,,,no,,,,,,,
24620095,Excavating Machinery Manufacturing,24,true,no,,,,,,,,,,no,,,,,,,,no,,,,,,,
24620100,Explosive Powered Tools Manufacturing - For Construction Work,24,true,no,,,,,,,,,,no,,,,,,,,no,,,,,,,
24620105,Front-end Loader Manufacturing,24,true,no,,,,,,,,,,no,,,,,,,,no,,,,,,,
24620115,Grader Road Manufacturing,24,true,no,,,,,,,,,,no,,,,,,,,no,,,,,,,
24620120,Jack Hammer Manufacturing,24,true,no,,,,,,,,,,no,,,,,,,,no,,,,,,,
24620140,Mining Machinery Manufacturing,24,true,no,,,,,,,,,,no,,,,,,,,no,,,,,,,
24620155,Off-highway Truck Manufacturing,24,true,no,,,,,,,,,,no,,,,,,,,no,,,,,,,
24620175,Pneumatic Drill Manufacturing - For Construction Work,24,true,no,,,,,,,,,,no,,,,,,,,no,,,,,,,
24620200,Road Roller Manufacturing,24,true,no,,,,,,,,,,no,,,,,,,,no,,,,,,,
24620225,Tractor Manufacturing For Construction Or Earthmoving Purposes,24,true,no,,,,,,,,,,no,,,,,,,,no,,,,,,,
24630020,Die Metalworking Manufacturing - Hand Or Machine Tool,24,true,no,,,,,,,,,,no,,,,,,,,no,,,,,,,
24630030,Drill Portable Electric Manufacturing,24,true,no,,,,,,,,,,no,,,,,,,,no,,,,,,,
24630035,Drilling Machinery Woodworking Or Metalworking Manufacturing,24,true,no,,,,,,,,,,no,,,,,,,,no,,,,,,,
24630050,Explosive Powered Tool Manufacturing (Except For Construction Work),24,true,no,,,,,,,,,,no,,,,,,,,no,,,,,,,
24630060,Forging Machinery Manufacturing,24,true,no,,,,,,,,,,no,,,,,,,,no,,,,,,,
24630070,Foundry Machinery Manufacturing (Except Furnaces),24,true,no,,,,,,,,,,no,,,,,,,,no,,,,,,,
24630110,Lathe Woodworking Or Metal Working Manufacturing,24,true,no,,,,,,,,,,no,,,,,,,,no,,,,,,,
24630115,Machine Tool Attachment Or Parts Manufacturing,24,true,no,,,,,,,,,,no,,,,,,,,no,,,,,,,
24630125,Metal Moulding Machinery Manufacturing,24,true,no,,,,,,,,,,no,,,,,,,,no,,,,,,,
24630155,Metalworking Machinery Manufacturing,24,true,no,,,,,,,,,,no,,,,,,,,no,,,,,,,
24630160,Metalworking Milling Machine Manufacturing,24,true,no,,,,,,,,,,no,,,,,,,,no,,,,,,,
24630180,Moulds For Moulding And Vulcanising Rubber Articles Manufacturing,24,true,no,,,,,,,,,,no,,,,,,,,no,,,,,,,
24630245,Pneumatic Tool Manufacturing,24,true,no,,,,,,,,,,no,,,,,,,,no,,,,,,,
24630260,Power Tool Pneumatic Or Power Operated Manufacturing,24,true,no,,,,,,,,,,no,,,,,,,,no,,,,,,,
24630270,Press Woodworking Or Metal Working Manufacturing,24,true,no,,,,,,,,,,no,,,,,,,,no,,,,,,,
24630285,Saw Power Operated Manufacturing,24,true,no,,,,,,,,,,no,,,,,,,,no,,,,,,,
24630295,Tyre Matrix Manufacturing,24,true,no,,,,,,,,,,no,,,,,,,,no,,,,,,,
24630305,Welding Or Cutting Equipment Gas Manufacturing,24,true,no,,,,,,,,,,no,,,,,,,,no,,,,,,,
24630320,Woodworking Machinery Manufacturing,24,true,no,,,,,,,,,,no,,,,,,,,no,,,,,,,
24690005,Amusement Machine Manufacturing,24,true,no,,,,,,,,,,no,,,,,,,,no,,,,,,,
24690010,Bakery Machinery Manufacturing,24,true,no,,,,,,,,,,no,,,,,,,,no,,,,,,,
24690015,Book Press Manufacturing,24,true,no,,,,,,,,,,no,,,,,,,,no,,,,,,,
24690020,Bookbinding Machine Manufacturing,24,true,no,,,,,,,,,,no,,,,,,,,no,,,,,,,
24690030,Bottling Machine Food Or Drink Manufacturing,24,true,no,,,,,,,,,,no,,,,,,,,no,,,,,,,
24690040,Brick Making Machinery Manufacturing,24,true,no,,,,,,,,,,no,,,,,,,,no,,,,,,,
24690050,Can Making Or Sealing Machinery Manufacturing - Food Or Drink Processing,24,true,no,,,,,,,,,,no,,,,,,,,no,,,,,,,
24690055,Canning Machinery Food Or Drink Manufacturing,24,true,no,,,,,,,,,,no,,,,,,,,no,,,,,,,
24690065,Carnival Or Fairground Equipment Mechanical Manufacturing,24,true,no,,,,,,,,,,no,,,,,,,,no,,,,,,,
24690070,Cement Making Machinery Manufacturing,24,true,no,,,,,,,,,,no,,,,,,,,no,,,,,,,
24690075,Chemical Distilling Equipment Manufacturing,24,true,no,,,,,,,,,,no,,,,,,,,no,,,,,,,
24690095,Chemical Processing Machinery Manufacturing,24,true,no,,,,,,,,,,no,,,,,,,,no,,,,,,,
24690105,Commercial Amusement Game Machine Manufacturing,24,true,no,,,,,,,,,,no,,,,,,,,no,,,,,,,
24690140,Commercial Or Industrial Can Or Bottle Washing Machinery Manufacturing - Food Processing,24,true,no,,,,,,,,,,no,,,,,,,,no,,,,,,,
24690160,Commercial Or Industrial Cooking Equipment Manufacturing,24,true,no,,,,,,,,,,no,,,,,,,,no,,,,,,,
24690226,Saws Manufacturing - Power - Food Processing,24,true,no,,,,,,,,,,no,,,,,,,,no,,,,,,,
24690285,Commercial Or Industrial Presses Manufacturing - Food Processing,24,true,no,,,,,,,,,,no,,,,,,,,no,,,,,,,
24690300,Commercial Vacuum Cleaner Manufacturing,24,true,no,,,,,,,,,,no,,,,,,,,no,,,,,,,
24690310,Crushing Machinery Manufacturing - Food Processing,24,true,no,,,,,,,,,,no,,,,,,,,no,,,,,,,
24690315,Distilling Equipment Beverage Manufacturing,24,true,no,,,,,,,,,,no,,,,,,,,no,,,,,,,
24690320,Dry-cleaning Machinery Manufacturing,24,true,no,,,,,,,,,,no,,,,,,,,no,,,,,,,
24690330,Filter Manufacturing - Food Processing Machinery,24,true,no,,,,,,,,,,no,,,,,,,,no,,,,,,,
24690335,Flour Milling Machinery Manufacturing,24,true,no,,,,,,,,,,no,,,,,,,,no,,,,,,,
24690345,Food Packing Machinery Manufacturing,24,true,no,,,,,,,,,,no,,,,,,,,no,,,,,,,
24690355,Hairdressers Specialist Equipment Manufacturing,24,true,no,,,,,,,,,,no,,,,,,,,no,,,,,,,
24690365,Industrial Sewing Machine Manufacturing,24,true,no,,,,,,,,,,no,,,,,,,,no,,,,,,,
24690380,Ironing Or Pressing Machinery Industrial Manufacturing,24,true,no,,,,,,,,,,no,,,,,,,,no,,,,,,,
24690385,Juice Extractor Fruit Or Vegetable Commercial Manufacturing,24,true,no,,,,,,,,,,no,,,,,,,,no,,,,,,,
24690390,Knitting Machine Industrial Manufacturing,24,true,no,,,,,,,,,,no,,,,,,,,no,,,,,,,
24690400,Lapidary Machine Manufacturing,24,true,no,,,,,,,,,,no,,,,,,,,no,,,,,,,
24690415,Laundry Machinery Industrial Manufacturing,24,true,no,,,,,,,,,,no,,,,,,,,no,,,,,,,
24690420,Leather Working Machinery Manufacturing,24,true,no,,,,,,,,,,no,,,,,,,,no,,,,,,,
24690435,Mechanical Carnival Or Fairground Equipment Manufacturing,24,true,no,,,,,,,,,,no,,,,,,,,no,,,,,,,
24690440,Motor Vehicle Wheel Alignment Equipment Manufacturing,24,true,no,,,,,,,,,,no,,,,,,,,no,,,,,,,
24690445,Moulding Machine Manufacturing,24,true,no,,,,,,,,,,no,,,,,,,,no,,,,,,,
24690455,Paint Making Machinery Manufacturing,24,true,no,,,,,,,,,,no,,,,,,,,no,,,,,,,
24690460,Paper Making Machinery Or Equipment Manufacturing,24,true,no,,,,,,,,,,no,,,,,,,,no,,,,,,,
24690466,Poker Machines Or Parts Manufacturing,24,true,no,,,,,,,,,,no,,,,,,,,no,,,,,,,
24690470,Pottery Machinery Manufacturing,24,true,no,,,,,,,,,,no,,,,,,,,no,,,,,,,
24690480,Printing Machinery Or Equipment Manufacturing,24,true,no,,,,,,,,,,no,,,,,,,,no,,,,,,,
24690490,Rubber Making Or Working Machinery Manufacturing,24,true,no,,,,,,,,,,no,,,,,,,,no,,,,,,,
24690495,Seed Cleaning Machinery Manufacturing - Including Parts,24,true,no,,,,,,,,,,no,,,,,,,,no,,,,,,,
24690500,Service Of Printing Equipment,24,true,no,,,,,,,,,,no,,,,,,,,no,,,,,,,
24690515,Slicing Machinery Food Manufacturing,24,true,no,,,,,,,,,,no,,,,,,,,no,,,,,,,
24690521,Sporting Machinery Manufacturing,24,true,no,,,,,,,,,,no,,,,,,,,no,,,,,,,
24690530,Textile Working Machinery Manufacturing,24,true,no,,,,,,,,,,no,,,,,,,,no,,,,,,,
24690540,Tile Making Machinery Manufacturing,24,true,no,,,,,,,,,,no,,,,,,,,no,,,,,,,
24690545,Toaster Commercial Electric Manufacturing,24,true,no,,,,,,,,,,no,,,,,,,,no,,,,,,,
24690550,Tyre Retreading Or Repairing Machinery Manufacturing,24,true,no,,,,,,,,,,no,,,,,,,,no,,,,,,,
24690560,Vulcanising Machinery Manufacturing,24,true,no,,,,,,,,,,no,,,,,,,,no,,,,,,,
24690565,Wallpapering Machinery Manufacturing,24,true,no,,,,,,,,,,no,,,,,,,,no,,,,,,,
24910005,Capstan Manufacturing (Except For Lathes),24,true,no,,,,,,,,,,no,,,,,,,,no,,,,,,,
24910010,Conveyor Or Conveying System Manufacturing,24,true,no,,,,,,,,,,no,,,,,,,,no,,,,,,,
24910015,Crane Manufacturing,24,true,no,,,,,,,,,,no,,,,,,,,no,,,,,,,
24910020,Derrick Manufacturing,24,true,no,,,,,,,,,,no,,,,,,,,no,,,,,,,
24910025,Elevator Manufacturing,24,true,no,,,,,,,,,,no,,,,,,,,no,,,,,,,
24910030,Elevators Or Elevator Parts Manufacturing,24,true,no,,,,,,,,,,no,,,,,,,,no,,,,,,,
24910035,Escalator Or Escalator Parts Manufacturing,24,true,no,,,,,,,,,,no,,,,,,,,no,,,,,,,
24910050,Forklift Truck Manufacturing,24,true,no,,,,,,,,,,no,,,,,,,,no,,,,,,,
24910055,Hoist Or Hoisting Equipment Manufacturing (Except Clothes Hoists),24,true,no,,,,,,,,,,no,,,,,,,,no,,,,,,,
24910060,Hydraulic Lifting Equipment And Parts Manufacturing,24,true,no,,,,,,,,,,no,,,,,,,,no,,,,,,,
24910065,Jacking Equipment Manufacturing,24,true,no,,,,,,,,,,no,,,,,,,,no,,,,,,,
24910080,Lifts Or Lift Parts Manufacturing,24,true,no,,,,,,,,,,no,,,,,,,,no,,,,,,,
24910085,Metal Pulley Manufacturing,24,true,no,,,,,,,,,,no,,,,,,,,no,,,,,,,
24910095,Pneumatic Conveyor System Manufacturing,24,true,no,,,,,,,,,,no,,,,,,,,no,,,,,,,
24910100,Robotic Material Handling Equipment Manufacturing,24,true,no,,,,,,,,,,no,,,,,,,,no,,,,,,,
24910105,Stacking Machinery Manufacturing,24,true,no,,,,,,,,,,no,,,,,,,,no,,,,,,,
24910115,Winch Manufacturing,24,true,no,,,,,,,,,,no,,,,,,,,no,,,,,,,
24990010,Agitating Machinery Manufacturing,24,true,no,,,,,,,,,,no,,,,,,,,no,,,,,,,
24990025,Bearing Manufacturing,24,true,no,,,,,,,,,,no,,,,,,,,no,,,,,,,
24990030,Bleaching Machine Manufacturing,24,true,no,,,,,,,,,,no,,,,,,,,no,,,,,,,
24990035,Boiler Firing Unit Manufacturing,24,true,no,,,,,,,,,,no,,,,,,,,no,,,,,,,
24990045,Can Or Bottle Washing Machinery Manufacturing (Except Food Or Drink Processing),24,true,no,,,,,,,,,,no,,,,,,,,no,,,,,,,
24990050,Canning Machinery Manufacturing (Except For Food Or Drink Processing),24,true,no,,,,,,,,,,no,,,,,,,,no,,,,,,,
24990060,Cartoning Machine Manufacturing (Except Food Or Drink Processing),24,true,no,,,,,,,,,,no,,,,,,,,no,,,,,,,
24990065,Coin Counter Manufacturing,24,true,no,,,,,,,,,,no,,,,,,,,no,,,,,,,
24990075,Diesel Engine Manufacturing (Except Vehicle),24,true,no,,,,,,,,,,no,,,,,,,,no,,,,,,,
24990080,Domestic Garden Sprinkler Manufacturing,24,true,no,,,,,,,,,,no,,,,,,,,no,,,,,,,
24990085,Embossing Machine Manufacturing,24,true,no,,,,,,,,,,no,,,,,,,,no,,,,,,,
24990090,Engine Internal Combustion Manufacturing (Except Vehicle),24,true,no,,,,,,,,,,no,,,,,,,,no,,,,,,,
24990095,Fan Industrial Manufacturing,24,true,no,,,,,,,,,,no,,,,,,,,no,,,,,,,
24990100,Filter Internal Combustion Engine Manufacturing,24,true,no,,,,,,,,,,no,,,,,,,,no,,,,,,,
24990105,Floor Polishing Or Scrubbing Machines Manufacturing (Except Household),24,true,no,,,,,,,,,,no,,,,,,,,no,,,,,,,
24990115,Furnace Industrial Manufacturing (Except Electric Furnaces Or Space Heaters),24,true,no,,,,,,,,,,no,,,,,,,,no,,,,,,,
24990120,Gas Burner Industrial Manufacturing,24,true,no,,,,,,,,,,no,,,,,,,,no,,,,,,,
24990125,Gas Engines Manufacturing (Except Agricultural Or Motor Vehicle),24,true,no,,,,,,,,,,no,,,,,,,,no,,,,,,,
24990130,Gas Generator Manufacturing,24,true,no,,,,,,,,,,no,,,,,,,,no,,,,,,,
24990145,Grinding Machine Manufacturing (Except Mining),24,true,no,,,,,,,,,,no,,,,,,,,no,,,,,,,
24990150,Guillotine Manufacturing (Except Woodworking Or Metalworking),24,true,no,,,,,,,,,,no,,,,,,,,no,,,,,,,
24990155,Gummed Tape Moistener Manufacturing,24,true,no,,,,,,,,,,no,,,,,,,,no,,,,,,,
24990160,Hydraulic Cylinder Manufacturing,24,true,no,,,,,,,,,,no,,,,,,,,no,,,,,,,
24990175,Industrial Dust And Fume Collecting Equipment Manufacturing,24,true,no,,,,,,,,,,no,,,,,,,,no,,,,,,,
24990195,Industrial Oil Burners Manufacturing,24,true,no,,,,,,,,,,no,,,,,,,,no,,,,,,,
24990200,Industrial Ovens Manufacturing (Except Electric),24,true,no,,,,,,,,,,no,,,,,,,,no,,,,,,,
24990215,Lubricating Machinery Manufacturing (Except Hand Operated And Hand Powered),24,true,no,,,,,,,,,,no,,,,,,,,no,,,,,,,
24990225,Marine Engine Manufacturing (Except Diesel Inboard Engines 370 Kw Brake Power And Over),24,true,no,,,,,,,,,,no,,,,,,,,no,,,,,,,
24990235,Marine Jet Unit Manufacturing,24,true,no,,,,,,,,,,no,,,,,,,,no,,,,,,,
24990245,Mechanical Stokers Manufacturing,24,true,no,,,,,,,,,,no,,,,,,,,no,,,,,,,
24990250,Mechanical Sweepers Manufacturing (Except Household),24,true,no,,,,,,,,,,no,,,,,,,,no,,,,,,,
24990255,Metal Tape Dispenser Manufacturing,24,true,no,,,,,,,,,,no,,,,,,,,no,,,,,,,
24990260,Mixing Machines Or Plant Manufacturing (Except Food Processing),24,true,no,,,,,,,,,,no,,,,,,,,no,,,,,,,
24990265,Nailing Machine Manufacturing,24,true,no,,,,,,,,,,no,,,,,,,,no,,,,,,,
24990270,Oil Burner Industrial Manufacturing,24,true,no,,,,,,,,,,no,,,,,,,,no,,,,,,,
24990275,Oil Filter Manufacturing,24,true,no,,,,,,,,,,no,,,,,,,,no,,,,,,,
24990280,Outboard Motor Manufacturing,24,true,no,,,,,,,,,,no,,,,,,,,no,,,,,,,
24990285,Oven Industrial Manufacturing (Except Electric),24,true,no,,,,,,,,,,no,,,,,,,,no,,,,,,,
24990295,Paint Strainer Manufacturing,24,true,no,,,,,,,,,,no,,,,,,,,no,,,,,,,
24990300,Perforating Machine Manufacturing,24,true,no,,,,,,,,,,no,,,,,,,,no,,,,,,,
24990310,Plain Bearing Manufacturing,24,true,no,,,,,,,,,,no,,,,,,,,no,,,,,,,
24990315,Polishing Machine Manufacturing (Except Household),24,true,no,,,,,,,,,,no,,,,,,,,no,,,,,,,
24990320,Power Mincer Manufacturing (Except Food Processing),24,true,no,,,,,,,,,,no,,,,,,,,no,,,,,,,
24990325,Power Station Turbine Manufacturing,24,true,no,,,,,,,,,,no,,,,,,,,no,,,,,,,
24990330,Press Mechanical Manual Or Hydraulic Manufacturing,24,true,no,,,,,,,,,,no,,,,,,,,no,,,,,,,
24990335,Pressure Gauge Manufacturing,24,true,no,,,,,,,,,,no,,,,,,,,no,,,,,,,
24990340,Roller Bearings Manufacturing,24,true,no,,,,,,,,,,no,,,,,,,,no,,,,,,,
24990345,Sand Blasting Machine Manufacturing,24,true,no,,,,,,,,,,no,,,,,,,,no,,,,,,,
24990355,Scouring Machine Manufacturing,24,true,no,,,,,,,,,,no,,,,,,,,no,,,,,,,
24990360,Sintered Bearings Manufacturing,24,true,no,,,,,,,,,,no,,,,,,,,no,,,,,,,
24990365,Slicing Machinery Manufacturing (Except Food Processing),24,true,no,,,,,,,,,,no,,,,,,,,no,,,,,,,
24990370,Spraying Machinery Manufacturing (Except Agricultural),24,true,no,,,,,,,,,,no,,,,,,,,no,,,,,,,
24990375,Stationary Internal Combustion Engine Manufacturing,24,true,no,,,,,,,,,,no,,,,,,,,no,,,,,,,
24990380,Steam Hammer Manufacturing,24,true,no,,,,,,,,,,no,,,,,,,,no,,,,,,,
24990385,Steam Regulator Manufacturing,24,true,no,,,,,,,,,,no,,,,,,,,no,,,,,,,
24990390,Steam Trap Manufacturing,24,true,no,,,,,,,,,,no,,,,,,,,no,,,,,,,
24990395,Straining Machinery Manufacturing (Except Food Processing),24,true,no,,,,,,,,,,no,,,,,,,,no,,,,,,,
24990400,Swimming Pool Filter Manufacturing,24,true,no,,,,,,,,,,no,,,,,,,,no,,,,,,,
24990405,Vending Machine Manufacturing (Except Refrigerated),24,true,no,,,,,,,,,,no,,,,,,,,no,,,,,,,
24990410,Water Treatment Equipment Manufacturing (Except Household),24,true,no,,,,,,,,,,no,,,,,,,,no,,,,,,,
24990420,Weighing Machinery Manufacturing (Except Electronic),24,true,no,,,,,,,,,,no,,,,,,,,no,,,,,,,
24990425,Wire Tying Machinery Manufacturing,24,true,no,,,,,,,,,,no,,,,,,,,no,,,,,,,
24990430,Wire Working Machinery Manufacturing,24,true,no,,,,,,,,,,no,,,,,,,,no,,,,,,,
24990435,Wrapping Machine Manufacturing (Except Food Processing),24,true,no,,,,,,,,,,no,,,,,,,,no,,,,,,,
25110005,Antique Wooden Furniture Manufacturing,25,true,no,,,,,,,,,,no,,,,,,,,no,,,,,,,
25110050,Bedroom Suite Wooden Manufacturing,25,true,no,,,,,,,,,,no,,,,,,,,no,,,,,,,
25110060,Beds Manufacturing - Wood,25,true,no,,,,,,,,,,no,,,,,,,,no,,,,,,,
25110105,Cabinet Making - Furniture (Except Built-in),25,true,no,,,,,,,,,,no,,,,,,,,no,,,,,,,
25110126,Cabinet And Furniture Manufacturing,25,true,no,,,,,,,,,,no,,,,,,,,no,,,,,,,
25110130,Chair Manufacturing (Except Dental Chairs Fitted With Mechanical Devices),25,true,no,,,,,,,,,,no,,,,,,,,no,,,,,,,
25110195,Furniture Manufacturing - Wood,25,true,no,,,,,,,,,,no,,,,,,,,no,,,,,,,
25110241,"Kitchen, Bedroom Or Bathroom Furniture Manufacture And Installation",25,true,no,,,,,,,,,,no,,,,,,,,no,,,,,,,
25110260,Kitchen Furniture Manufacturing - Wood (Except Built-in),25,true,no,,,,,,,,,,no,,,,,,,,no,,,,,,,
25110265,Lounge Suite Manufacturing,25,true,no,,,,,,,,,,no,,,,,,,,no,,,,,,,
25110285,Nursery Furniture Manufacturing - Wood,25,true,no,,,,,,,,,,no,,,,,,,,no,,,,,,,
25110310,Office Furniture Wooden Manufacturing,25,true,no,,,,,,,,,,no,,,,,,,,no,,,,,,,
25110315,Outdoor Furniture Wooden Manufacturing,25,true,no,,,,,,,,,,no,,,,,,,,no,,,,,,,
25110335,Shopfittings Manufacturing - Free Standing Timber Display Cabinets - Factory Built,25,true,no,,,,,,,,,,no,,,,,,,,no,,,,,,,
25110350,Spraying Furniture - Wood,25,true,no,,,,,,,,,,no,,,,,,,,no,,,,,,,
25110365,Table Wooden Manufacturing,25,true,no,,,,,,,,,,no,,,,,,,,no,,,,,,,
25110390,Upholstered Furniture Manufacturing,25,true,no,,,,,,,,,,no,,,,,,,,no,,,,,,,
25110395,Upholstered Seat Manufacturing,25,true,no,,,,,,,,,,no,,,,,,,,no,,,,,,,
25110400,Upholstering Of Furniture,25,true,no,,,,,,,,,,no,,,,,,,,no,,,,,,,
25110520,Wooden Furniture Manufacturing (Except Custom Made Built-in Furniture),25,true,no,,,,,,,,,,no,,,,,,,,no,,,,,,,
25110575,Wooden Pre-cut Furniture Manufacturing,25,true,no,,,,,,,,,,no,,,,,,,,no,,,,,,,
25120010,Cabinet Radio Radiogram Or Television Manufacturing - Metal Framed,25,true,no,,,,,,,,,,no,,,,,,,,no,,,,,,,
25120020,Filing Cabinet Metal Manufacturing,25,true,no,,,,,,,,,,no,,,,,,,,no,,,,,,,
25120025,Furniture Fittings Metal Manufacturing,25,true,no,,,,,,,,,,no,,,,,,,,no,,,,,,,
25120030,Furniture Part Metal Manufacturing,25,true,no,,,,,,,,,,no,,,,,,,,no,,,,,,,
25120060,Metal Furniture Manufacturing,25,true,no,,,,,,,,,,no,,,,,,,,no,,,,,,,
25120115,Sheet Metal Desk Equipment Manufacturing,25,true,no,,,,,,,,,,no,,,,,,,,no,,,,,,,
25120130,Sheet Metal Display Stand Manufacturing,25,true,no,,,,,,,,,,no,,,,,,,,no,,,,,,,
25120140,Sheet Metal Domestic Furniture Manufacturing,25,true,no,,,,,,,,,,no,,,,,,,,no,,,,,,,
25120160,Sheet Metal Furniture Manufacturing,25,true,no,,,,,,,,,,no,,,,,,,,no,,,,,,,
25120165,Sheet Metal Furniture Parts Manufacturing,25,true,no,,,,,,,,,,no,,,,,,,,no,,,,,,,
25120200,Sheet Metal Office Furniture Manufacturing,25,true,no,,,,,,,,,,no,,,,,,,,no,,,,,,,
25120255,Sheet Metal Storage Equipment Manufacturing,25,true,no,,,,,,,,,,no,,,,,,,,no,,,,,,,
25120280,Spray Painting Chairs Of Sheet Metal,25,true,no,,,,,,,,,,no,,,,,,,,no,,,,,,,
25130005,Bed Base Upholstered Manufacturing,25,true,no,,,,,,,,,,no,,,,,,,,no,,,,,,,
25130015,Inner Spring Mattress Manufacturing,25,true,no,,,,,,,,,,no,,,,,,,,no,,,,,,,
25130020,Mattress Support Manufacturing,25,true,no,,,,,,,,,,no,,,,,,,,no,,,,,,,
25130025,Mattress Plastic Rubber Latex Or Sponge Manufacturing,25,true,no,,,,,,,,,,no,,,,,,,,no,,,,,,,
25130035,Plastic Or Sponge Mattress Manufacturing,25,true,no,,,,,,,,,,no,,,,,,,,no,,,,,,,
25130040,Rubber Mattress Manufacturing,25,true,no,,,,,,,,,,no,,,,,,,,no,,,,,,,
25130050,Upholstered Mattress Manufacturing,25,true,no,,,,,,,,,,no,,,,,,,,no,,,,,,,
25130055,Water Mattress Manufacturing,25,true,no,,,,,,,,,,no,,,,,,,,no,,,,,,,
25190005,Bamboo Furniture Manufacturing,25,true,no,,,,,,,,,,no,,,,,,,,no,,,,,,,
25190011,Beds Manufacturing N.e.c.,25,true,no,,,,,,,,,,no,,,,,,,,no,,,,,,,
25190045,Cane Furniture Manufacturing,25,true,no,,,,,,,,,,no,,,,,,,,no,,,,,,,
25190095,Filing Cabinet Manufacturing (Except Wooden Or Sheet Metal),25,true,no,,,,,,,,,,no,,,,,,,,no,,,,,,,
25190105,Furniture Manufacturing (Except Wooden Or Sheet Metal),25,true,no,,,,,,,,,,no,,,,,,,,no,,,,,,,
25190170,Rattan Furniture Manufacturing,25,true,no,,,,,,,,,,no,,,,,,,,no,,,,,,,
25190215,Wrought Iron Furniture Manufacturing,25,true,no,,,,,,,,,,no,,,,,,,,no,,,,,,,
25910005,Badge Manufacturing (Except Textile Or Plastic),25,true,no,,,,,,,,,,no,,,,,,,,no,,,,,,,
25910010,Coin Minting,25,true,no,,,,,,,,,,no,,,,,,,,no,,,,,,,
25910025,Costume Jewellery Manufacturing,25,true,no,,,,,,,,,,no,,,,,,,,no,,,,,,,
25910035,Cutting Or Setting Of Diamonds Or Other Precious Stones,25,true,no,,,,,,,,,,no,,,,,,,,no,,,,,,,
25910040,Diamond Cutting,25,true,no,,,,,,,,,,no,,,,,,,,no,,,,,,,
25910045,Gem Cutting,25,true,no,,,,,,,,,,no,,,,,,,,no,,,,,,,
25910060,Goldsmithing,25,true,no,,,,,,,,,,no,,,,,,,,no,,,,,,,
25910075,Jewellery Manufacturing,25,true,no,,,,,,,,,,no,,,,,,,,no,,,,,,,
25910080,Lapidary Work,25,true,no,,,,,,,,,,no,,,,,,,,no,,,,,,,
25910085,Medal Manufacturing,25,true,no,,,,,,,,,,no,,,,,,,,no,,,,,,,
25910095,Religious Silverware Or Goldware Manufacturing,25,true,no,,,,,,,,,,no,,,,,,,,no,,,,,,,
25910110,Silverware Manufacturing (Except Cutlery),25,true,no,,,,,,,,,,no,,,,,,,,no,,,,,,,
25910115,Solid Silver Or Gold Cutlery Manufacturing (Except Plated),25,true,no,,,,,,,,,,no,,,,,,,,no,,,,,,,
25910120,Trophy Manufacturing,25,true,no,,,,,,,,,,no,,,,,,,,no,,,,,,,
25920005,Archery Equipment Manufacturing,25,true,no,,,,,,,,,,no,,,,,,,,no,,,,,,,
25920050,Billiard Snooker Or Pool Table And Equipment Manufacturing,25,true,no,,,,,,,,,,no,,,,,,,,no,,,,,,,
25920065,Children's Toy Tents Manufacturing,25,true,no,,,,,,,,,,no,,,,,,,,no,,,,,,,
25920070,Clay Pigeons Manufacturing,25,true,no,,,,,,,,,,no,,,,,,,,no,,,,,,,
25920085,Cricket Set Manufacturing,25,true,no,,,,,,,,,,no,,,,,,,,no,,,,,,,
25920105,Fishing Tackle Manufacturing,25,true,no,,,,,,,,,,no,,,,,,,,no,,,,,,,
25920125,Game Calls Or Lures Manufacturing,25,true,no,,,,,,,,,,no,,,,,,,,no,,,,,,,
25920130,Golf Equipment Manufacturing,25,true,no,,,,,,,,,,no,,,,,,,,no,,,,,,,
25920135,Gymnasium Equipment Manufacturing,25,true,no,,,,,,,,,,no,,,,,,,,no,,,,,,,
25920140,Hang Glider Manufacturing,25,true,no,,,,,,,,,,no,,,,,,,,no,,,,,,,
25920145,Hobby Equipment Manufacturing (Except Clothing Or Footwear),25,true,no,,,,,,,,,,no,,,,,,,,no,,,,,,,
25920170,Lawn Bowls Equipment Manufacturing,25,true,no,,,,,,,,,,no,,,,,,,,no,,,,,,,
25920180,Metal Toys Or Games Manufacturing,25,true,no,,,,,,,,,,no,,,,,,,,no,,,,,,,
25920185,Plastic Toys Or Games Manufacturing,25,true,no,,,,,,,,,,no,,,,,,,,no,,,,,,,
25920190,Playground Equipment Manufacturing,25,true,no,,,,,,,,,,no,,,,,,,,no,,,,,,,
25920215,Rubber Toys Manufacturing,25,true,no,,,,,,,,,,no,,,,,,,,no,,,,,,,
25920220,Sailboard Manufacturing,25,true,no,,,,,,,,,,no,,,,,,,,no,,,,,,,
25920230,Skateboard Manufacturing,25,true,no,,,,,,,,,,no,,,,,,,,no,,,,,,,
25920235,Skin Diving Equipment Manufacturing (Except Wet Suits),25,true,no,,,,,,,,,,no,,,,,,,,no,,,,,,,
25920240,Skis Manufacturing,25,true,no,,,,,,,,,,no,,,,,,,,no,,,,,,,
25920255,Sport Or Game Balls Manufacturing,25,true,no,,,,,,,,,,no,,,,,,,,no,,,,,,,
25920260,Sport Or Game Nets Manufacturing,25,true,no,,,,,,,,,,no,,,,,,,,no,,,,,,,
25920265,Sporting Equipment Manufacturing (Except Vehicles Clothing Or Footwear),25,true,no,,,,,,,,,,no,,,,,,,,no,,,,,,,
25920285,Surfboard Manufacturing,25,true,no,,,,,,,,,,no,,,,,,,,no,,,,,,,
25920305,Toy Manufacturing (Except Fur Or Leather),25,true,no,,,,,,,,,,no,,,,,,,,no,,,,,,,
25920315,Tricycle Manufacturing,25,true,no,,,,,,,,,,no,,,,,,,,no,,,,,,,
25920320,Water Ski Equipment Manufacturing (Except Wet Suits),25,true,no,,,,,,,,,,no,,,,,,,,no,,,,,,,
25920330,Wooden Toys Or Games Manufacturing,25,true,no,,,,,,,,,,no,,,,,,,,no,,,,,,,
25990005,Architectural Model Making,25,true,no,,,,,,,,,,no,,,,,,,,no,,,,,,,
25990010,Ball Point Pen Manufacturing,25,true,no,,,,,,,,,,no,,,,,,,,no,,,,,,,
25990025,Broom Manufacturing,25,true,no,,,,,,,,,,no,,,,,,,,no,,,,,,,
25990030,Brush Manufacturing,25,true,no,,,,,,,,,,no,,,,,,,,no,,,,,,,
25990035,Carbon Paper Manufacturing,25,true,no,,,,,,,,,,no,,,,,,,,no,,,,,,,
25990040,Cigarette Lighter Manufacturing,25,true,no,,,,,,,,,,no,,,,,,,,no,,,,,,,
25990050,Crayon Manufacturing,25,true,no,,,,,,,,,,no,,,,,,,,no,,,,,,,
25990055,Didgeridoo Manufacturing,25,true,no,,,,,,,,,,no,,,,,,,,no,,,,,,,
25990060,Feather Duster Manufacturing,25,true,no,,,,,,,,,,no,,,,,,,,no,,,,,,,
25990065,Feather Milling,25,true,no,,,,,,,,,,no,,,,,,,,no,,,,,,,
25990070,Finished Surgical Gut Manufacturing,25,true,no,,,,,,,,,,no,,,,,,,,no,,,,,,,
25990075,Floor Mop Manufacturing,25,true,no,,,,,,,,,,no,,,,,,,,no,,,,,,,
25990090,Hair Brush Manufacturing,25,true,no,,,,,,,,,,no,,,,,,,,no,,,,,,,
25990105,Musical Instrument Manufacturing,25,true,no,,,,,,,,,,no,,,,,,,,no,,,,,,,
25990120,Non-electric Carpet Sweeper Manufacturing,25,true,no,,,,,,,,,,no,,,,,,,,no,,,,,,,
25990125,Novelty Manufacturing,25,true,no,,,,,,,,,,no,,,,,,,,no,,,,,,,
25990140,Paint Brushes Or Rollers Manufacturing,25,true,no,,,,,,,,,,no,,,,,,,,no,,,,,,,
25990145,Painting Of Manufactured Products (Except Metal),25,true,no,,,,,,,,,,no,,,,,,,,no,,,,,,,
25990155,Pen Manufacturing,25,true,no,,,,,,,,,,no,,,,,,,,no,,,,,,,
25990165,Pen Or Pencil Manufacturing,25,true,no,,,,,,,,,,no,,,,,,,,no,,,,,,,
25990170,Pencil Manufacturing,25,true,no,,,,,,,,,,no,,,,,,,,no,,,,,,,
25990185,Pipe Cleaner Manufacturing,25,true,no,,,,,,,,,,no,,,,,,,,no,,,,,,,
25990190,Rubber Stamp Manufacturing,25,true,no,,,,,,,,,,no,,,,,,,,no,,,,,,,
25990195,Shaving Brush Manufacturing,25,true,no,,,,,,,,,,no,,,,,,,,no,,,,,,,
25990205,Signs Manufacturing (Except Electric Or Neon),25,true,no,,,,,,,,,,no,,,,,,,,no,,,,,,,
25990210,Stamp Pad Manufacturing,25,true,no,,,,,,,,,,no,,,,,,,,no,,,,,,,
25990215,Stapler Manufacturing,25,true,no,,,,,,,,,,no,,,,,,,,no,,,,,,,
25990220,Stencil Set Manufacturing,25,true,no,,,,,,,,,,no,,,,,,,,no,,,,,,,
25990225,Straw Plait Manufacturing,25,true,no,,,,,,,,,,no,,,,,,,,no,,,,,,,
25990230,Surgical Suture Manufacturing (Except Textile),25,true,no,,,,,,,,,,no,,,,,,,,no,,,,,,,
25990235,Taxidermy Service,25,true,no,,,,,,,,,,no,,,,,,,,no,,,,,,,
25990240,Tooth Brush Manufacturing (Except Electrical),25,true,no,,,,,,,,,,no,,,,,,,,no,,,,,,,
25990245,Typewriter Ribbon Manufacturing,25,true,no,,,,,,,,,,no,,,,,,,,no,,,,,,,
25990250,Umbrella Manufacturing,25,true,no,,,,,,,,,,no,,,,,,,,no,,,,,,,
25990265,Vacuum Flask Manufacturing (Except Metal),25,true,no,,,,,,,,,,no,,,,,,,,no,,,,,,,
25990275,Walking Stick Manufacturing,25,true,no,,,,,,,,,,no,,,,,,,,no,,,,,,,
25990280,Wig Manufacturing,25,true,no,,,,,,,,,,no,,,,,,,,no,,,,,,,
25990285,Writing Or Marking Chalk Manufacturing,25,true,no,,,,,,,,,,no,,,,,,,,no,,,,,,,
25990290,Zipper Manufacturing,25,true,no,,,,,,,,,,no,,,,,,,,no,,,,,,,
26110025,Fossil Fuel Electricity Generation,26,true,no,,,,,,,,,,no,,,,,,,,no,,,,,,,
26120005,Hydro-electric Power Generation,26,true,no,,,,,,,,,,no,,,,,,,,no,,,,,,,
26190021,Nuclear Power Station Operation,26,true,no,,,,,,,,,,no,,,,,,,,no,,,,,,,
26190025,Power Station Operation - Electricity Generation (Except Fossil Fuel Or Hydro),26,true,no,,,,,,,,,,no,,,,,,,,no,,,,,,,
26190040,Thermal Power Generation,26,true,no,,,,,,,,,,no,,,,,,,,no,,,,,,,
26200005,Electricity Sub-station Operation,26,true,no,,,,,,,,,,no,,,,,,,,no,,,,,,,
26200010,Electricity Transmission,26,true,no,,,,,,,,,,no,,,,,,,,no,,,,,,,
26200015,Power Station Operation - Electricity Transmission,26,true,no,,,,,,,,,,no,,,,,,,,no,,,,,,,
26300010,Electricity Supply - Distribution,26,true,no,,,,,,,,,,no,,,,,,,,no,,,,,,,
26300015,Sub-station Operation - Electricity Supply,26,true,no,,,,,,,,,,no,,,,,,,,no,,,,,,,
26400005,Electricity Market Operation,26,true,no,,,,,,,,,,no,,,,,,,,no,,,,,,,
27000005,Coal Gas Distribution Through Mains System,27,true,no,,,,,,,,,,no,,,,,,,,no,,,,,,,
27000010,Fuel Gas Distribution Through Mains System,27,true,no,,,,,,,,,,no,,,,,,,,no,,,,,,,
27000015,Gas Sales And Distribution Whether Or Not Through Own Mains,27,true,no,,,,,,,,,,no,,,,,,,,no,,,,,,,
27000020,Liquefied Petroleum Gas Distribution Through Mains System,27,true,no,,,,,,,,,,no,,,,,,,,no,,,,,,,
27000025,Liquefied Petroleum Gas Reforming For Distribution Through Mains System,27,true,no,,,,,,,,,,no,,,,,,,,no,,,,,,,
27000030,Natural Gas Distribution Through Mains System,27,true,no,,,,,,,,,,no,,,,,,,,no,,,,,,,
28110005,Dam Operation - Water Supply,28,true,no,,,,,,,,,,no,,,,,,,,no,,,,,,,
28110010,Desalination Plant Operation,28,true,no,,,,,,,,,,no,,,,,,,,no,,,,,,,
28110030,Mineral Water Supply From The Ground,28,true,no,,,,,,,,,,no,,,,,,,,no,,,,,,,
28110035,Pumping Station Operation - Water Supply,28,true,no,,,,,,,,,,no,,,,,,,,no,,,,,,,
28110040,Reservoir Operation - Water Supply,28,true,no,,,,,,,,,,no,,,,,,,,no,,,,,,,
28110050,Water Distribution By Pipeline,28,true,no,,,,,,,,,,no,,,,,,,,no,,,,,,,
28110065,Water Purification For Water Supply,28,true,no,,,,,,,,,,no,,,,,,,,no,,,,,,,
28110080,Water Supply For Irrigation,28,true,no,,,,,,,,,,no,,,,,,,,no,,,,,,,
28110090,Water Supply System Operation,28,true,no,,,,,,,,,,no,,,,,,,,no,,,,,,,
28120005,Sewage Pumping Station Operation,28,true,no,,,,,,,,,,no,,,,,,,,no,,,,,,,
28120015,Sewerage Pumping Station Operation,28,true,no,,,,,,,,,,no,,,,,,,,no,,,,,,,
28120025,Sewerage Treatment Plant Operation,28,true,no,,,,,,,,,,no,,,,,,,,no,,,,,,,
28120030,Stormwater Drainage System Operation,28,true,no,,,,,,,,,,no,,,,,,,,no,,,,,,,
28120040,Wastewater Treatment - Sewerage And Drainage,28,true,no,,,,,,,,,,no,,,,,,,,no,,,,,,,
29110015,Garbage Collection Service,29,true,no,,,,,,,,,,no,,,,,,,,no,,,,,,,
29110020,Hazardous Waste Solid Collection Service,29,true,no,,,,,,,,,,no,,,,,,,,no,,,,,,,
29110035,Night Soil Collection Service,29,true,no,,,,,,,,,,no,,,,,,,,no,,,,,,,
29110040,Portable Toilet Hiring And Waste Collection Service,29,true,no,,,,,,,,,,no,,,,,,,,no,,,,,,,
29110045,Rubbish Bin Hiring Service,29,true,no,,,,,,,,,,no,,,,,,,,no,,,,,,,
29110050,Rubbish Collection Service,29,true,no,,,,,,,,,,no,,,,,,,,no,,,,,,,
29110065,Waste Collection - Solid - Including Industrial,29,true,no,,,,,,,,,,no,,,,,,,,no,,,,,,,
29110070,Waste Material Removal,29,true,no,,,,,,,,,,no,,,,,,,,no,,,,,,,
29190005,Hazardous Waste Collection Service (Except Solid),29,true,no,,,,,,,,,,no,,,,,,,,no,,,,,,,
29190030,Other Waste Collection Service (Except Solid),29,true,no,,,,,,,,,,no,,,,,,,,no,,,,,,,
29210005,Garbage Disposal Service,29,true,no,,,,,,,,,,no,,,,,,,,no,,,,,,,
29210010,Hazardous Waste Treatment Or Disposal Service,29,true,no,,,,,,,,,,no,,,,,,,,no,,,,,,,
29210015,Operating Landfills,29,true,no,,,,,,,,,,no,,,,,,,,no,,,,,,,
29210020,Operating Other Waste Treatment Facilities,29,true,no,,,,,,,,,,no,,,,,,,,no,,,,,,,
29210030,Rubbish Storage And Disposal - Local Government,29,true,no,,,,,,,,,,no,,,,,,,,no,,,,,,,
29210035,Sanitary Disposal Service,29,true,no,,,,,,,,,,no,,,,,,,,no,,,,,,,
29210040,Septic Tank Pumping Or Cleaning Service (Except Repairs And Maintenance),29,true,no,,,,,,,,,,no,,,,,,,,no,,,,,,,
29210045,Waste Paper Disposal Services,29,true,no,,,,,,,,,,no,,,,,,,,no,,,,,,,
29210055,Wastewater Treatment - Hazardous,29,true,no,,,,,,,,,,no,,,,,,,,no,,,,,,,
29220005,Asbestos Removal Service,29,true,no,,,,,,,,,,no,,,,,,,,no,,,,,,,
29220010,Hazardous Material Removal,29,true,no,,,,,,,,,,no,,,,,,,,no,,,,,,,
29220035,Metal Waste And Scrap Collecting Sorting Packing And Onselling,29,true,no,,,,,,,,,,no,,,,,,,,no,,,,,,,
29220040,Mine Reclamation Activities,29,true,no,,,,,,,,,,no,,,,,,,,no,,,,,,,
29220045,Non-metal Waste And Scrap Collecting Sorting Packing And Onselling,29,true,no,,,,,,,,,,no,,,,,,,,no,,,,,,,
29220050,Remediation Service Environmental,29,true,no,,,,,,,,,,no,,,,,,,,no,,,,,,,
29220055,Toxic Material Abatement,29,true,no,,,,,,,,,,no,,,,,,,,no,,,,,,,
29220060,Used Cans Collecting Sorting Packing And Onselling,29,true,no,,,,,,,,,,no,,,,,,,,no,,,,,,,
29220085,Waste Plastic Collecting Sorting Packing And Onselling,29,true,no,,,,,,,,,,no,,,,,,,,no,,,,,,,
30110010,Garage Construction,30,true,no,,,,,,,,,,no,,,,,,,,yes,GP01,,250,100,2000,,AUGP0825
30110030,House Construction Alteration Or Renovation,30,true,no,,,,,,,,,,no,,,,,,,,yes,GP01,,250,100,2000,,AUGP0825
30110040,House Prefabricated Assembly Erection Or Installation - On Site,30,true,no,,,,,,,,,,no,,,,,,,,yes,GP01,,250,100,2000,,AUGP0825
30110045,New Dwellings Construction - Houses,30,true,no,,,,,,,,,,no,,,,,,,,yes,GP01,,250,100,2000,,AUGP0825
30110065,Owner Builder (Except Semi-detached Or Duplex Houses),30,true,no,,,,,,,,,,no,,,,,,,,yes,GP01,,250,100,2000,,AUGP0825
30110070,Project Management - House Construction As Prime Contractor,30,true,no,,,,,,,,,,no,,,,,,,,yes,GP01,,250,100,2000,,AUGP0825
30110075,Property Developer - House Construction,30,true,no,,,,,,,,,,no,,,,,,,,yes,GP01,,250,100,2000,,AUGP0825
30190005,Alteration Or Addition To Residential Buildings (Except Houses),30,true,no,,,,,,,,,,no,,,,,,,,yes,GP01,,250,100,2000,,AUGP0825
30190015,Apartment Construction (not highrise),30,true,no,,,,,,,,,,no,,,,,,,,yes,GP01,,250,100,2000,,AUGP0825
30190020,Duplex House Construction,30,true,no,,,,,,,,,,no,,,,,,,,yes,GP01,,250,100,2000,,AUGP0825
30190030,Flat Construction (not highrise),30,true,no,,,,,,,,,,no,,,,,,,,yes,GP01,,250,100,2000,,AUGP0825
30190035,Flats Construction (not highrise),30,true,no,,,,,,,,,,no,,,,,,,,yes,GP01,,250,100,2000,,AUGP0825
30190045,High-rise Flats Construction,30,true,no,,,,,,,,,,no,,,,,,,,yes,GP01,,250,100,2000,,AUGP0825
30190050,Home Units Construction (Not highrise),30,true,no,,,,,,,,,,no,,,,,,,,yes,GP01,,250,100,2000,,AUGP0825
30190065,Project Management Of Residential Building Construction (Except Houses) As Prime Contractor,30,true,no,,,,,,,,,,no,,,,,,,,yes,GP01,,250,100,2000,,AUGP0825
30190095,Property Developer - Residential Buildings Other Than Houses Construction,30,true,no,,,,,,,,,,no,,,,,,,,yes,GP01,,250,100,2000,,AUGP0825
30190150,Residential Building Construction (Except Houses),30,true,no,,,,,,,,,,no,,,,,,,,yes,GP01,,250,100,2000,,AUGP0825
30190160,Semi-detached House Construction,30,true,no,,,,,,,,,,no,,,,,,,,yes,GP01,,250,100,2000,,AUGP0825
30200015,Commercial Building Construction  (not highrise),30,true,no,,,,,,,,,,no,,,,,,,,yes,GP01,,250,100,2000,,AUGP0825
30200060,Hotels Construction,30,true,no,,,,,,,,,,no,,,,,,,,yes,GP01,,250,100,2000,,AUGP0825
30200065,Industrial Building Construction,30,true,no,,,,,,,,,,no,,,,,,,,yes,GP01,,250,100,2000,,AUGP0825
30200070,Industrial Buildings Construction,30,true,no,,,,,,,,,,no,,,,,,,,yes,GP01,,250,100,2000,,AUGP0825
30200075,Institutional Buildings Construction,30,true,no,,,,,,,,,,no,,,,,,,,yes,GP01,,250,100,2000,,AUGP0825
30200085,Non-residential Building Construction,30,true,no,,,,,,,,,,no,,,,,,,,yes,GP01,,250,100,2000,,AUGP0825
30200100,Office Building Construction,30,true,no,,,,,,,,,,no,,,,,,,,yes,GP01,,250,100,2000,,AUGP0825
30200115,Prefabricated Non-residential Building Assembly Erection Or Installation On-site (Except Sheds Garages Or Carports),30,true,no,,,,,,,,,,no,,,,,,,,yes,GP01,,250,100,2000,,AUGP0825
30200195,Religious Buildings Construction,30,true,no,,,,,,,,,,no,,,,,,,,yes,GP01,,250,100,2000,,AUGP0825
30200205,Renovation Or Alteration Of Non-residential Buildings,30,true,no,,,,,,,,,,no,,,,,,,,yes,GP01,,250,100,2000,,AUGP0825
31010005,Aerodrome Runway Construction,31,true,no,,,,,,,,,,no,,,,,,,,yes,GP01,,250,100,2000,,AUGP0825
31010010,Asphalt Surfacing,31,true,no,,,,,,,,,,no,,,,,,,,yes,GP01,,250,100,2000,,AUGP0825
31010015,Bridge Construction - Including Construction From Prefabricated Components,31,true,no,,,,,,,,,,no,,,,,,,,yes,GP01,,250,100,2000,,AUGP0825
31010025,Civil Engineering - Road Or Bridge Construction,31,true,no,,,,,,,,,,no,,,,,,,,yes,GP01,,250,100,2000,,AUGP0825
31010035,Elevated Highway Construction,31,true,no,,,,,,,,,,no,,,,,,,,yes,GP01,,250,100,2000,,AUGP0825
31010040,Fill Quarrying If Carried Out In Conjunction With Road Or Bridge Construction By The Same Unit,31,true,no,,,,,,,,,,no,,,,,,,,yes,GP01,,250,100,2000,,AUGP0825
31010055,Hot-mix Bituminous Paving Manufacturing And/or Laying,31,true,no,,,,,,,,,,no,,,,,,,,yes,GP01,,250,100,2000,,AUGP0825
31010060,Overpass Construction,31,true,no,,,,,,,,,,no,,,,,,,,yes,GP01,,250,100,2000,,AUGP0825
31010065,Parking Lot Construction (Except Buildings),31,true,no,,,,,,,,,,no,,,,,,,,yes,GP01,,250,100,2000,,AUGP0825
31010080,Repair Highways - Including Maintenance,31,true,no,,,,,,,,,,no,,,,,,,,yes,GP01,,250,100,2000,,AUGP0825
31010085,Repair Of Roads Or Bridges - Including Maintenance,31,true,no,,,,,,,,,,no,,,,,,,,yes,GP01,,250,100,2000,,AUGP0825
31010095,Road Construction Or Sealing,31,true,no,,,,,,,,,,no,,,,,,,,yes,GP01,,250,100,2000,,AUGP0825
31010110,Viaduct Construction,31,true,no,,,,,,,,,,no,,,,,,,,yes,GP01,,250,100,2000,,AUGP0825
31090005,Below Ground Concrete Or Fibreglass Swimming Pool Construction,31,true,no,,,,,,,,,,no,,,,,,,,yes,GP01,,250,100,2000,,AUGP0825
31090015,Below Ground Spa Pool Construction,31,true,no,,,,,,,,,,no,,,,,,,,yes,GP01,,250,100,2000,,AUGP0825
31090020,Bowling Green Construction,31,true,no,,,,,,,,,,no,,,,,,,,yes,GP01,,250,100,2000,,AUGP0825
31090025,Breakwater Construction,31,true,no,,,,,,,,,,no,,,,,,,,yes,GP01,,250,100,2000,,AUGP0825
31090035,Cable Laying,31,true,no,,,,,,,,,,no,,,,,,,,yes,GP01,,250,100,2000,,AUGP0825
31090040,Canal Construction,31,true,no,,,,,,,,,,no,,,,,,,,yes,GP01,,250,100,2000,,AUGP0825
31090045,Communication Transmission Or Distribution Lines Or Towers Construction,31,true,no,,,,,,,,,,no,,,,,,,,yes,GP01,,250,100,2000,,AUGP0825
31090050,Culvert Construction,31,true,no,,,,,,,,,,no,,,,,,,,yes,GP01,,250,100,2000,,AUGP0825
31090055,Dam Construction,31,true,no,,,,,,,,,,no,,,,,,,,yes,GP01,,250,100,2000,,AUGP0825
31090060,Distribution Line Electricity Or Communication Construction,31,true,no,,,,,,,,,,no,,,,,,,,yes,GP01,,250,100,2000,,AUGP0825
31090065,Dock Construction (Except Buildings Or Floating Docks),31,true,no,,,,,,,,,,no,,,,,,,,yes,GP01,,250,100,2000,,AUGP0825
31090070,Dredging - Harbours Or Rivers,31,true,no,,,,,,,,,,no,,,,,,,,yes,GP01,,250,100,2000,,AUGP0825
31090075,Electrical Machinery Heavy Installation - On-site Assembly,31,true,no,,,,,,,,,,no,,,,,,,,yes,GP01,,250,100,2000,,AUGP0825
31090080,Electricity Power Plant Construction (Except Buildings),31,true,no,,,,,,,,,,no,,,,,,,,yes,GP01,,250,100,2000,,AUGP0825
31090090,Flood Control System Construction,31,true,no,,,,,,,,,,no,,,,,,,,yes,GP01,,250,100,2000,,AUGP0825
31090100,Furnace Construction - For Industrial Plants From Prefabricated Components,31,true,no,,,,,,,,,,no,,,,,,,,yes,GP01,,250,100,2000,,AUGP0825
31090110,Gas Main Construction,31,true,no,,,,,,,,,,no,,,,,,,,yes,GP01,,250,100,2000,,AUGP0825
31090115,Generation Station Construction (Except Buildings),31,true,no,,,,,,,,,,no,,,,,,,,yes,GP01,,250,100,2000,,AUGP0825
31090120,Golf Courses Construction,31,true,no,,,,,,,,,,no,,,,,,,,yes,GP01,,250,100,2000,,AUGP0825
31090135,Harbour Works Construction (Except Buildings),31,true,no,,,,,,,,,,no,,,,,,,,yes,GP01,,250,100,2000,,AUGP0825
31090140,Hydro-electric Plant Construction (Except Buildings),31,true,no,,,,,,,,,,no,,,,,,,,yes,GP01,,250,100,2000,,AUGP0825
31090141,Infrastructure Construction N.e.c.,31,true,no,,,,,,,,,,no,,,,,,,,yes,GP01,,250,100,2000,,AUGP0825
31090145,Installation Of Agricultural Drainage Systems,31,true,no,,,,,,,,,,no,,,,,,,,yes,GP01,,250,100,2000,,AUGP0825
31090155,Installation Of Radio Broadcasting Equipment,31,true,yes,ITCL01,3,250,250,1e+06,1,1e+07,AUIT25005;AUIT25018,AUIT25,no,,,,,,,,yes,GP01,,250,100,2000,,AUGP0825
31090160,Installation Of Telegraph Equipment,31,true,yes,ITCL01,3,250,250,1e+06,1,1e+07,AUIT25006,AUIT25,no,,,,,,,,yes,GP01,,250,100,2000,,AUGP0825
31090165,Installation Of Television Broadcasting Equipment,31,true,yes,ITCL01,3,250,250,1e+06,1,1e+07,AUIT25006,AUIT25,no,,,,,,,,yes,GP01,,250,100,2000,,AUGP0825
31090170,Installation Of Telex Equipment,31,true,yes,ITCL01,3,250,250,1e+06,1,1e+07,AUIT25006,AUIT25,no,,,,,,,,yes,GP01,,250,100,2000,,AUGP0825
31090175,Irrigation System Construction,31,true,no,,,,,,,,,,no,,,,,,,,yes,GP01,,250,100,2000,,AUGP0825
31090180,Irrigation System Installation (Except Garden Sprinkler Systems),31,true,no,,,,,,,,,,no,,,,,,,,yes,GP01,,250,100,2000,,AUGP0825
31090185,Jetty Construction,31,true,no,,,,,,,,,,no,,,,,,,,yes,GP01,,250,100,2000,,AUGP0825
31090190,Kiln Construction,31,true,no,,,,,,,,,,no,,,,,,,,yes,GP01,,250,100,2000,,AUGP0825
31090195,Lake Construction,31,true,no,,,,,,,,,,no,,,,,,,,yes,GP01,,250,100,2000,,AUGP0825
31090200,Land Reclamation,31,true,no,,,,,,,,,,no,,,,,,,,yes,GP01,,250,100,2000,,AUGP0825
31090205,Laying Artificial Turf,31,true,no,,,,,,,,,,no,,,,,,,,yes,GP01,,250,100,2000,,AUGP0825
31090210,Marina Construction (Except Buildings),31,true,no,,,,,,,,,,no,,,,,,,,yes,GP01,,250,100,2000,,AUGP0825
31090215,Mine Site Construction,31,true,no,,,,,,,,,,no,,,,,,,,yes,GP01,,250,100,2000,,AUGP0825
31090220,Mobile Phone Tower Construction,31,true,yes,ITCL01,3,250,250,1e+06,1,1e+07,AUIT25006,AUIT25,no,,,,,,,,yes,GP01,,250,100,2000,,AUGP0825
31090225,Mobile Phone Tower Repair And Maintenance,31,true,yes,ITCL01,3,250,250,1e+06,1,1e+07,AUIT25006,AUIT25,no,,,,,,,,yes,GP01,,250,100,2000,,AUGP0825
31090230,Non-building Construction (Except Roads Or Bridges),31,true,no,,,,,,,,,,no,,,,,,,,yes,GP01,,250,100,2000,,AUGP0825
31090235,Off-shore Oil Or Gas Well Production Platform Construction - Not Floating Structures,31,true,no,,,,,,,,,,no,,,,,,,,yes,GP01,,250,100,2000,,AUGP0825
31090240,Oil Refinery Construction (Except Buildings),31,true,no,,,,,,,,,,no,,,,,,,,yes,GP01,,250,100,2000,,AUGP0825
31090245,Oil Refinery Repair And Maintenance,31,true,no,,,,,,,,,,no,,,,,,,,yes,GP01,,250,100,2000,,AUGP0825
31090250,On-site Assembly And Installation Of Heavy Electrical Machinery,31,true,no,,,,,,,,,,no,,,,,,,,yes,GP01,,250,100,2000,,AUGP0825
31090255,On-site Assembly Of Boilers From Prefabricated Components,31,true,no,,,,,,,,,,no,,,,,,,,yes,GP01,,250,100,2000,,AUGP0825
31090260,Oven Construction For Industrial Plants,31,true,no,,,,,,,,,,no,,,,,,,,yes,GP01,,250,100,2000,,AUGP0825
31090265,Petrol Tank Construction,31,true,no,,,,,,,,,,no,,,,,,,,yes,GP01,,250,100,2000,,AUGP0825
31090270,Pier Construction,31,true,no,,,,,,,,,,no,,,,,,,,yes,GP01,,250,100,2000,,AUGP0825
31090285,Pipeline Construction,31,true,no,,,,,,,,,,no,,,,,,,,yes,GP01,,250,100,2000,,AUGP0825
31090290,Port Facilities Construction (Except Buildings),31,true,no,,,,,,,,,,no,,,,,,,,yes,GP01,,250,100,2000,,AUGP0825
31090295,Power Plant Construction (Except Buildings),31,true,no,,,,,,,,,,no,,,,,,,,yes,GP01,,250,100,2000,,AUGP0825
31090305,Power Transformer Servicing,31,true,no,,,,,,,,,,no,,,,,,,,yes,GP01,,250,100,2000,,AUGP0825
31090310,Project Management Of Non-building Construction (Except Roads Or Bridges) As Prime Contractor,31,true,no,,,,,,,,,,no,,,,,,,,yes,GP01,,250,100,2000,,AUGP0825
31090315,Pumping Station Construction (Except Buildings),31,true,no,,,,,,,,,,no,,,,,,,,yes,GP01,,250,100,2000,,AUGP0825
31090320,Radio Or Television Transmitting Towers Construction,31,true,no,,,,,,,,,,no,,,,,,,,yes,GP01,,250,100,2000,,AUGP0825
31090325,Railway Permanent Way Construction,31,true,no,,,,,,,,,,no,,,,,,,,yes,GP01,,250,100,2000,,AUGP0825
31090335,Repair Of Communication Transmission Or Distribution Lines Or Towers - Including Maintenance (Except Special Trade Repair Service),31,true,yes,ITCL01,3,250,250,1e+06,1,1e+07,AUIT25006,AUIT25,no,,,,,,,,yes,GP01,,250,100,2000,,AUGP0825
31090350,Repair Of Gas Mains - Including Maintenance (Except Special Trade Repair Service),31,true,no,,,,,,,,,,no,,,,,,,,yes,GP01,,250,100,2000,,AUGP0825
31090355,Repair Of Heavy Electrical Machinery - Including Maintenance (Except Special Trade Repair Service),31,true,no,,,,,,,,,,no,,,,,,,,yes,GP01,,250,100,2000,,AUGP0825
31090360,Repair Of Industrial Boilers - Including Maintenance (Except Special Trade Repair Service),31,true,no,,,,,,,,,,no,,,,,,,,yes,GP01,,250,100,2000,,AUGP0825
31090365,Repair Of Industrial Furnaces - Including Maintenance (Except Special Trade Repair Service),31,true,no,,,,,,,,,,no,,,,,,,,yes,GP01,,250,100,2000,,AUGP0825
31090370,Repair Of Industrial Kilns - Including Maintenance (Except Special Trade Repair Service),31,true,no,,,,,,,,,,no,,,,,,,,yes,GP01,,250,100,2000,,AUGP0825
31090375,Repair Of Jetties - Including Maintenance (Except Special Trade Repair Service),31,true,no,,,,,,,,,,no,,,,,,,,yes,GP01,,250,100,2000,,AUGP0825
31090385,Repair Of Pumping Stations - Including Maintenance (Except Special Trade Repair Service),31,true,no,,,,,,,,,,no,,,,,,,,yes,GP01,,250,100,2000,,AUGP0825
31090390,Repair Of Radio Broadcasting Infrastructure Equipment,31,true,yes,ITCL01,3,250,250,1e+06,1,1e+07,AUIT25006,AUIT25,no,,,,,,,,yes,GP01,,250,100,2000,,AUGP0825
31090395,Repair Of Railway Or Tramway Permanent Way - Including Maintenance (Except Special Trade Repair Service),31,true,no,,,,,,,,,,no,,,,,,,,yes,GP01,,250,100,2000,,AUGP0825
31090415,Repair Of Telephone Or Telephonic Infrastructure Equipment,31,true,yes,ITCL01,3,250,250,1e+06,1,1e+07,AUIT25006,AUIT25,no,,,,,,,,yes,GP01,,250,100,2000,,AUGP0825
31090420,Repair Of Television Broadcasting Infrastructure Equipment,31,true,yes,ITCL01,3,250,250,1e+06,1,1e+07,AUIT25006,AUIT25,no,,,,,,,,yes,GP01,,250,100,2000,,AUGP0825
31090435,Repair Of Water Storage Dams - Including Maintenance (Except Special Trade Repair Service),31,true,no,,,,,,,,,,no,,,,,,,,yes,GP01,,250,100,2000,,AUGP0825
31090445,Reservoir Construction,31,true,no,,,,,,,,,,no,,,,,,,,yes,GP01,,250,100,2000,,AUGP0825
31090455,River Works Construction,31,true,no,,,,,,,,,,no,,,,,,,,yes,GP01,,250,100,2000,,AUGP0825
31090460,Sewage Or Stormwater Drainage System Construction,31,true,no,,,,,,,,,,no,,,,,,,,yes,GP01,,250,100,2000,,AUGP0825
31090465,Sewage Treatment Plant Construction,31,true,no,,,,,,,,,,no,,,,,,,,yes,GP01,,250,100,2000,,AUGP0825
31090475,Sports Fields Construction,31,true,no,,,,,,,,,,no,,,,,,,,yes,GP01,,250,100,2000,,AUGP0825
31090485,Subway Construction - Rail,31,true,no,,,,,,,,,,no,,,,,,,,yes,GP01,,250,100,2000,,AUGP0825
31090490,Swamp Reclamation,31,true,no,,,,,,,,,,no,,,,,,,,yes,GP01,,250,100,2000,,AUGP0825
31090500,Television Or Radio Transmitting Tower Construction,31,true,no,,,,,,,,,,no,,,,,,,,yes,GP01,,250,100,2000,,AUGP0825
31090505,Tennis Court Construction,31,true,no,,,,,,,,,,no,,,,,,,,yes,GP01,,250,100,2000,,AUGP0825
31090515,Tunnel Construction,31,true,no,,,,,,,,,,no,,,,,,,,yes,GP01,,250,100,2000,,AUGP0825
31090520,Underground Electric Or Telephone Cable Or Wire Installation,31,true,no,,,,,,,,,,no,,,,,,,,yes,GP01,,250,100,2000,,AUGP0825
31090525,Velodrome Construction - Cycle Track,31,true,no,,,,,,,,,,no,,,,,,,,yes,GP01,,250,100,2000,,AUGP0825
31090540,Water Tank Construction (Except Of Structural Steel),31,true,no,,,,,,,,,,no,,,,,,,,yes,GP01,,250,100,2000,,AUGP0825
31090545,Water Towers Construction,31,true,no,,,,,,,,,,no,,,,,,,,yes,GP01,,250,100,2000,,AUGP0825
31090550,Waterway Construction,31,true,no,,,,,,,,,,no,,,,,,,,yes,GP01,,250,100,2000,,AUGP0825
31090555,Weather Station Towers Construction,31,true,no,,,,,,,,,,no,,,,,,,,yes,GP01,,250,100,2000,,AUGP0825
31090560,Weighbridges And Weighing Equipment Installation (Except Shop Or Office Scales),31,true,no,,,,,,,,,,no,,,,,,,,yes,GP01,,250,100,2000,,AUGP0825
31090570,Wharf Construction (Except Wharf Buildings),31,true,no,,,,,,,,,,no,,,,,,,,yes,GP01,,250,100,2000,,AUGP0825
32110005,Land Development Or Subdivision (Except Construction),32,true,no,,,,,,,,,,no,,,,,,,,yes,GP01,,250,100,2000,,AUGP0825
32120045,Bulldozing Service - Site Preparation,32,true,no,,,,,,,,,,no,,,,,,,,yes,GP01,,250,100,2000,,AUGP0825
32120050,Demolition Of Buildings Or Other Structures,32,true,no,,,,,,,,,,no,,,,,,,,yes,GP01,,250,100,2000,,AUGP0825
32120055,Earthmoving,32,true,no,,,,,,,,,,no,,,,,,,,yes,GP01,,250,100,2000,,AUGP0825
32120060,Earthmoving Contracting,32,true,no,,,,,,,,,,no,,,,,,,,yes,GP01,,250,100,2000,,AUGP0825
32120070,Excavation,32,true,no,,,,,,,,,,no,,,,,,,,yes,GP01,,250,100,2000,,AUGP0825
32120080,Explosives Laying,32,true,no,,,,,,,,,,no,,,,,,,,yes,GP01,,250,100,2000,,AUGP0825
32120085,Ground De-watering,32,true,no,,,,,,,,,,no,,,,,,,,yes,GP01,,250,100,2000,,AUGP0825
32120090,Hire Of Earthmoving Plant - With Operator,32,true,no,,,,,,,,,,no,,,,,,,,yes,GP01,,250,100,2000,,AUGP0825
32120100,Land Clearing,32,true,no,,,,,,,,,,no,,,,,,,,yes,GP01,,250,100,2000,,AUGP0825
32120101,Land Clearing (Domestic),32,true,no,,,,,,,,,,no,,,,,,,,yes,GP01,,250,100,2000,,AUGP0825
32120105,Levelling Of Construction Sites,32,true,no,,,,,,,,,,no,,,,,,,,yes,GP01,,250,100,2000,,AUGP0825
32120110,Mine Site Preparation (Except Oil Or Gas),32,true,no,,,,,,,,,,no,,,,,,,,yes,GP01,,250,100,2000,,AUGP0825
32120115,Removal Of Overburden,32,true,no,,,,,,,,,,no,,,,,,,,yes,GP01,,250,100,2000,,AUGP0825
32120125,Rural Land Clearing Service,32,true,no,,,,,,,,,,no,,,,,,,,yes,GP01,,250,100,2000,,AUGP0825
32120135,Site Preparation Services,32,true,no,,,,,,,,,,no,,,,,,,,yes,GP01,,250,100,2000,,AUGP0825
32120140,Trench Digging,32,true,no,,,,,,,,,,no,,,,,,,,yes,GP01,,250,100,2000,,AUGP0825
32210015,Concrete Footpath Construction,32,true,no,,,,,,,,,,no,,,,,,,,yes,GP01,,250,100,2000,,AUGP0825
32210020,Concrete Foundation Construction,32,true,no,,,,,,,,,,no,,,,,,,,yes,GP01,,250,100,2000,,AUGP0825
32210025,Concrete Kerb And Guttering Construction,32,true,no,,,,,,,,,,no,,,,,,,,yes,GP01,,250,100,2000,,AUGP0825
32210030,Concrete Pumping,32,true,no,,,,,,,,,,no,,,,,,,,yes,GP01,,250,100,2000,,AUGP0825
32210031,Concrete Sawing Service,32,true,no,,,,,,,,,,no,,,,,,,,yes,GP01,,250,100,2000,,AUGP0825
32210035,Concrete Work On Construction Projects,32,true,no,,,,,,,,,,no,,,,,,,,yes,GP01,,250,100,2000,,AUGP0825
32210040,Concreting Service,32,true,no,,,,,,,,,,no,,,,,,,,yes,GP01,,250,100,2000,,AUGP0825
32210060,Repair Of Kerbs Gutters Or Other Concrete Structural Products,32,true,no,,,,,,,,,,no,,,,,,,,yes,GP01,,250,100,2000,,AUGP0825
32220005,Bricklaying,32,true,no,,,,,,,,,,no,,,,,,,,yes,GP01,,250,100,2000,,AUGP0825
32220010,Cobble Laying Service,32,true,no,,,,,,,,,,no,,,,,,,,yes,GP01,,250,100,2000,,AUGP0825
32220025,Labouring - Contract Bricklaying,32,true,no,,,,,,,,,,no,,,,,,,,yes,GP01,,250,100,2000,,AUGP0825
32220030,Repair Of Brickwork,32,true,no,,,,,,,,,,no,,,,,,,,yes,GP01,,250,100,2000,,AUGP0825
32220035,Stonework On Construction Projects,32,true,no,,,,,,,,,,no,,,,,,,,yes,GP01,,250,100,2000,,AUGP0825
32230005,Bituminous Roofing Materials Installation,32,true,no,,,,,,,,,,no,,,,,,,,yes,GP01,,250,100,2000,,AUGP0825
32230010,Labouring - Contract Roofing Services,32,true,no,,,,,,,,,,no,,,,,,,,yes,GP01,,250,100,2000,,AUGP0825
32230020,Metal Roof Fixing,32,true,no,,,,,,,,,,no,,,,,,,,yes,GP01,,250,100,2000,,AUGP0825
32230055,Roof Tiling Service,32,true,no,,,,,,,,,,no,,,,,,,,yes,GP01,,250,100,2000,,AUGP0825
32230060,Roofing Materials Installation,32,true,no,,,,,,,,,,no,,,,,,,,yes,GP01,,250,100,2000,,AUGP0825
32240005,Erection Or Installation Of Steel Water Tanks,32,true,no,,,,,,,,,,no,,,,,,,,yes,GP01,,250,100,2000,,AUGP0825
32240015,Labouring - Contract Structural Steel Erection Services,32,true,no,,,,,,,,,,no,,,,,,,,yes,GP01,,250,100,2000,,AUGP0825
32240025,Metal Silos Erection And Installation,32,true,no,,,,,,,,,,no,,,,,,,,yes,GP01,,250,100,2000,,AUGP0825
32240035,Metal Storage Tanks Erection And Installation,32,true,no,,,,,,,,,,no,,,,,,,,yes,GP01,,250,100,2000,,AUGP0825
32240040,Reinforcing Steel Erection,32,true,no,,,,,,,,,,no,,,,,,,,yes,GP01,,250,100,2000,,AUGP0825
32240055,Steel Trusses Or Joists Erection,32,true,no,,,,,,,,,,no,,,,,,,,yes,GP01,,250,100,2000,,AUGP0825
32240060,Structural Steel Erection,32,true,no,,,,,,,,,,no,,,,,,,,yes,GP01,,250,100,2000,,AUGP0825
32240065,Structural Steel Welding Work On Construction Projects,32,true,no,,,,,,,,,,no,,,,,,,,yes,GP01,,250,100,2000,,AUGP0825
32310015,Drain Construction Or Repairing (Except Sewerage Or Stormwater Drainage Systems),32,true,no,,,,,,,,,,no,,,,,,,,yes,GP01,,250,100,2000,,AUGP0825
32310020,Gas Plumbing,32,true,no,,,,,,,,,,no,,,,,,,,yes,GP01,,250,100,2000,,AUGP0825
32310025,Gasfitting Service,32,true,no,,,,,,,,,,no,,,,,,,,yes,GP01,,250,100,2000,,AUGP0825
32310030,Guttering Roof Installation Or Repair,32,true,no,,,,,,,,,,no,,,,,,,,yes,GP01,,250,100,2000,,AUGP0825
32310035,Hot Water System Installation,32,true,no,,,,,,,,,,no,,,,,,,,yes,GP01,,250,100,2000,,AUGP0825
32310041,Plumbers - Industrial,32,true,no,,,,,,,,,,no,,,,,,,,yes,GP01,,250,100,2000,,AUGP0825
32310055,Plumbing (Except Marine),32,true,no,,,,,,,,,,no,,,,,,,,yes,GP01,,250,100,2000,,AUGP0825
32310060,Plumbing Work Arising From The Installation Of Appliances,32,true,no,,,,,,,,,,no,,,,,,,,yes,GP01,,250,100,2000,,AUGP0825
32310075,Repair Of Installed Plumbing - Including Maintenance,32,true,no,,,,,,,,,,no,,,,,,,,yes,GP01,,250,100,2000,,AUGP0825
32310090,Septic Tank Installation - Including Repair,32,true,no,,,,,,,,,,no,,,,,,,,yes,GP01,,250,100,2000,,AUGP0825
32310095,Solar Hot Water System Installation,32,true,no,,,,,,,,,,no,,,,,,,,yes,GP01,,250,100,2000,,AUGP0825
32310101,Waterproofing Contractor,32,true,no,,,,,,,,,,no,,,,,,,,yes,GP01,,250,100,2000,,AUGP0825
32310105,Water Pump Installation,32,true,no,,,,,,,,,,no,,,,,,,,yes,GP01,,250,100,2000,,AUGP0825
32320030,Data Communication Cabling Installation - Buildings Or Other Construction Projects,32,true,yes,ITCL01,3,250,250,1e+06,1,1e+07,AUIT25006,AUIT25,no,,,,,,,,yes,GP01,,250,100,2000,,AUGP0825
32320035,Domestic Exhaust Fan Installation,32,true,no,,,,,,,,,,no,,,,,,,,yes,GP01,,250,100,2000,,AUGP0825
32320045,Electric Light Or Power Installation,32,true,no,,,,,,,,,,no,,,,,,,,yes,GP01,,250,100,2000,,AUGP0825
32320055,Electric Wiring Installation,32,true,no,,,,,,,,,,no,,,,,,,,yes,GP01,,250,100,2000,,AUGP0825
32320065,Electrical Contractor - Construction Industry,32,true,no,,,,,,,,,,no,,,,,,,,yes,GP01,,250,100,2000,,AUGP0825
32320070,Electrical Contractor - Homes,32,true,no,,,,,,,,,,no,,,,,,,,yes,GP01,,250,100,2000,,AUGP0825
32320075,Electrical Contractor - Trade Services,32,true,no,,,,,,,,,,no,,,,,,,,yes,GP01,,250,100,2000,,AUGP0825
32320085,Electrical Garage Doors Repairs And Maintenance,32,true,no,,,,,,,,,,no,,,,,,,,yes,GP01,,250,100,2000,,AUGP0825
32320090,Electrical Installation Work (E.g. Switchboards Circuit Breakers E.t.c.),32,true,yes,ITCL01,3,250,250,1e+06,1,1e+07,AUIT25006,AUIT25,no,,,,,,,,yes,GP01,,250,100,2000,,AUGP0825
32320100,Electrical Wiring Maintenance (Except Electricity Transmission Lines And Towers),32,true,yes,ITCL01,3,250,250,1e+06,1,1e+07,AUIT25006,AUIT25,no,,,,,,,,yes,GP01,,250,100,2000,,AUGP0825
32320120,Household Appliances Installation,32,true,no,,,,,,,,,,no,,,,,,,,yes,GP01,,250,100,2000,,AUGP0825
32320125,Installation Of Antennas,32,true,yes,ITCL01,4,250,250,1e+06,1,1e+07,AUIT25006,AUIT25,no,,,,,,,,yes,GP01,,250,100,2000,,AUGP0825
32320130,Installation Of Antennas To Residential Households,32,true,yes,ITCL01,1,250,250,1e+06,1,1e+07,AUIT25006,AUIT25,no,,,,,,,,yes,GP01,,250,100,2000,,AUGP0825
32320160,Installation Or Maintenance Of Electric Traffic Control Equipment,32,true,yes,ITCL01,3,250,250,1e+06,1,1e+07,AUIT25006,AUIT25,no,,,,,,,,yes,GP01,,250,100,2000,,AUGP0825
32320175,Installation Or Maintenance Of Electrical Wiring On Ships,32,true,yes,ITCL01,3,250,250,1e+06,1,1e+07,AUIT25006,AUIT25,no,,,,,,,,yes,GP01,,250,100,2000,,AUGP0825
32320195,Pay TV Antennae or Satelite Dish Installation,32,true,yes,ITCL01,1,250,250,1e+06,1,1e+07,AUIT25006,AUIT25,no,,,,,,,,yes,GP01,,250,100,2000,,AUGP0825
32320200,Pay TV Installation,32,true,yes,ITCL01,3,250,250,1e+06,1,1e+07,AUIT25006,AUIT25,no,,,,,,,,yes,GP01,,250,100,2000,,AUGP0825
32320210,Cable Installation (Domestic Only),32,true,yes,ITCL01,3,250,250,1e+06,1,1e+07,AUIT25006,AUIT25,no,,,,,,,,yes,GP01,,250,100,2000,,AUGP0825
32320211,Carpenter (excl. Licensed Builders) (Domestic Only),32,true,no,,,,,,,,,,no,,,,,,,,yes,GP01,,250,100,2000,,AUGP0825
32320212,Carpenter (excl. Licensed Builders) (incl. Non-Domestic),32,true,no,,,,,,,,,,no,,,,,,,,yes,GP01,,250,100,2000,,AUGP0825
32320213,Carpet Cleaner (Domestic Only),32,true,no,,,,,,,,,,no,,,,,,,,yes,GP01,,250,100,2000,,AUGP0825
32320214,Carpet Cleaner (incl. Non-Domestic),32,true,no,,,,,,,,,,no,,,,,,,,yes,GP01,,250,100,2000,,AUGP0825
32320215,Cleaner (Domestic Only),32,true,no,,,,,,,,,,no,,,,,,,,yes,GP01,,250,100,2000,,AUGP0825
32320216,Electrician (excl. QLD) (Domestic Only),32,true,no,,,,,,,,,,no,,,,,,,,yes,GP01,,250,100,2000,,AUGP0825
32320217,Electrician (excl. QLD) (incl. Non-Domestic),32,true,no,,,,,,,,,,no,,,,,,,,yes,GP01,,250,100,2000,,AUGP0825
32320218,Garage Door Installation (Domestic Only),32,true,no,,,,,,,,,,no,,,,,,,,yes,GP01,,250,100,2000,,AUGP0825
32320219,Garage Door Installation (incl. Non-Domestic),32,true,no,,,,,,,,,,no,,,,,,,,yes,GP01,,250,100,2000,,AUGP0825
32320220,Gardening Service (Domestic Only),32,true,no,,,,,,,,,,no,,,,,,,,yes,GP01,,250,100,2000,,AUGP0825
32320221,Gardening Service (incl. Non-Domestic),32,true,no,,,,,,,,,,no,,,,,,,,yes,GP01,,250,100,2000,,AUGP0825
32320222,Handyman (Domestic Only),32,true,no,,,,,,,,,,no,,,,,,,,yes,GP01,,250,100,2000,,AUGP0825
32320223,Landscaping (Domestic Only),32,true,no,,,,,,,,,,no,,,,,,,,yes,GP01,,250,100,2000,,AUGP0825
32320224,Landscaping (incl. Non-Domestic),32,true,no,,,,,,,,,,no,,,,,,,,yes,GP01,,250,100,2000,,AUGP0825
32320225,Lawn Mowing Service (Domestic Only),32,true,no,,,,,,,,,,no,,,,,,,,yes,GP01,,250,100,2000,,AUGP0825
32320226,Lawn Mowing Service (incl. Non-Domestic),32,true,no,,,,,,,,,,no,,,,,,,,yes,GP01,,250,100,2000,,AUGP0825
32320227,Locksmith (Domestic Only),32,true,no,,,,,,,,,,no,,,,,,,,yes,GP01,,250,100,2000,,AUGP0825
32320228,Painter / Decorator (Domestic Only),32,true,no,,,,,,,,,,no,,,,,,,,yes,GP01,,250,100,2000,,AUGP0825
32320229,Painter / Decorator (incl. Non-Domestic),32,true,no,,,,,,,,,,no,,,,,,,,yes,GP01,,250,100,2000,,AUGP0825
32320230,Paving Contractor (Domestic Only),32,true,no,,,,,,,,,,no,,,,,,,,yes,GP01,,250,100,2000,,AUGP0825
32320231,Refrigeration Service (Domestic Only),32,true,no,,,,,,,,,,no,,,,,,,,yes,GP01,,250,100,2000,,AUGP0825
32320232,Security Screen Installation (Domestic Only),32,true,no,,,,,,,,,,no,,,,,,,,yes,GP01,,250,100,2000,,AUGP0825
32320233,Sign Writing / Erection,32,true,no,,,,,,,,,,no,,,,,,,,yes,GP01,,250,100,2000,,AUGP0825
32320234,Skylight Installation (Domestic Only),32,true,no,,,,,,,,,,no,,,,,,,,yes,GP01,,250,100,2000,,AUGP0825
32320235,Telecommunications Installation (Domestic Only),32,true,no,,,,,,,,,,no,,,,,,,,yes,GP01,,250,100,2000,,AUGP0825
32320236,Telecommunications Installation (incl. Non-Domestic),32,true,no,,,,,,,,,,no,,,,,,,,yes,GP01,,250,100,2000,,AUGP0825
32320237,Window Cleaner (up to 10m) (Domestic Only),32,true,no,,,,,,,,,,no,,,,,,,,yes,GP01,,250,100,2000,,AUGP0825
32320238,Window Cleaner (up to 10m) (incl. Non-Domestic),32,true,no,,,,,,,,,,no,,,,,,,,yes,GP01,,250,100,2000,,AUGP0825
32330005,Air Conditioning Duct Work Installation,32,true,no,,,,,,,,,,no,,,,,,,,yes,GP01,,250,100,2000,,AUGP0825
32330015,Air Conditioning Equipment Installation (Except Motor Vehicle),32,true,no,,,,,,,,,,no,,,,,,,,yes,GP01,,250,100,2000,,AUGP0825
32330025,Commercial Air Conditioner Installation,32,true,no,,,,,,,,,,no,,,,,,,,yes,GP01,,250,100,2000,,AUGP0825
32330026,Coolroom Construction Service,32,true,no,,,,,,,,,,no,,,,,,,,yes,GP01,,250,100,2000,,AUGP0825
32330030,Coolroom Refrigerator Installation,32,true,no,,,,,,,,,,no,,,,,,,,yes,GP01,,250,100,2000,,AUGP0825
32330045,Heating Equipment Installation (Except Industrial Furnaces),32,true,no,,,,,,,,,,no,,,,,,,,yes,GP01,,250,100,2000,,AUGP0825
32330050,Household Air Conditioner Installation,32,true,no,,,,,,,,,,no,,,,,,,,yes,GP01,,250,100,2000,,AUGP0825
32330070,Oil Heater Installation,32,true,no,,,,,,,,,,no,,,,,,,,yes,GP01,,250,100,2000,,AUGP0825
32330075,Refrigeration Equipment Installation,32,true,no,,,,,,,,,,no,,,,,,,,yes,GP01,,250,100,2000,,AUGP0825
32330090,Ventilation Equipment Installation (Except Motor Vehicle Air Conditioners),32,true,no,,,,,,,,,,no,,,,,,,,yes,GP01,,250,100,2000,,AUGP0825
32340005,Alarm Systems Sales And Installation (Except Motor Vehicle),32,true,yes,ITCL01,4,250,250,1e+06,1,1e+07,,AUIT25,no,,,,,,,,yes,GP01,,250,100,2000,,AUGP0825
32340010,Burglar Alarm Installation (Except Motor Vehicle),32,true,yes,ITCL01,4,250,250,1e+06,1,1e+07,,AUIT25,no,,,,,,,,yes,GP01,,250,100,2000,,AUGP0825
32340020,Closed Circuit Video Surveillance System Installation,32,true,yes,ITCL01,4,250,250,1e+06,1,1e+07,,AUIT25,no,,,,,,,,yes,GP01,,250,100,2000,,AUGP0825
32340031,Fire Extinguisher Servicing Or Maintenance,32,true,no,,,,,,,,,,no,,,,,,,,yes,GP01,,250,100,2000,,AUGP0825
32340035,Fire Protection Detection And Control Systems Installation And Maintenance,32,true,no,,,,,,,,,,no,,,,,,,,yes,GP01,,250,100,2000,,AUGP0825
32340040,Fire Sprinkler Installation,32,true,no,,,,,,,,,,no,,,,,,,,yes,GP01,,250,100,2000,,AUGP0825
32340045,Home Security Systems Sales And Installation,32,true,yes,ITCL01,4,250,250,1e+06,1,1e+07,,AUIT25,no,,,,,,,,yes,GP01,,250,100,2000,,AUGP0825
32340050,Maintenance Of Alarm Systems - On-site,32,true,yes,ITCL01,4,250,250,1e+06,1,1e+07,,AUIT25,no,,,,,,,,yes,GP01,,250,100,2000,,AUGP0825
32340065,Repair Of Installed Fire Or Burglar Security Alarm Systems,32,true,yes,ITCL01,4,250,250,1e+06,1,1e+07,,AUIT25,no,,,,,,,,yes,GP01,,250,100,2000,,AUGP0825
32340075,Security System Installation,32,true,yes,ITCL01,4,250,250,1e+06,1,1e+07,,AUIT25,no,,,,,,,,yes,GP01,,250,100,2000,,AUGP0825
32340105,Smoke Detectors Installation,32,true,no,,,,,,,,,,no,,,,,,,,yes,GP01,,250,100,2000,,AUGP0825
32390005,Acoustic Insulation Materials Installation,32,true,no,,,,,,,,,,no,,,,,,,,yes,GP01,,250,100,2000,,AUGP0825
32390015,Aluminium Security Doors And Security Windows Installation,32,true,no,,,,,,,,,,no,,,,,,,,yes,GP01,,250,100,2000,,AUGP0825
32390025,Awning Blind Or Shutter Installation,32,true,no,,,,,,,,,,no,,,,,,,,yes,GP01,,250,100,2000,,AUGP0825
32390035,Blinds Installation,32,true,no,,,,,,,,,,no,,,,,,,,yes,GP01,,250,100,2000,,AUGP0825
32390045,Curtain Installing,32,true,no,,,,,,,,,,no,,,,,,,,yes,GP01,,250,100,2000,,AUGP0825
32390050,Door Installation,32,true,no,,,,,,,,,,no,,,,,,,,yes,GP01,,250,100,2000,,AUGP0825
32390055,Elevator Installation,32,true,no,,,,,,,,,,no,,,,,,,,yes,GP01,,250,100,2000,,AUGP0825
32390065,Escalator Installation,32,true,no,,,,,,,,,,no,,,,,,,,yes,GP01,,250,100,2000,,AUGP0825
32390070,Fireplace Construction And Installation,32,true,no,,,,,,,,,,no,,,,,,,,yes,GP01,,250,100,2000,,AUGP0825
32390075,Fireplace Restoration Services,32,true,no,,,,,,,,,,no,,,,,,,,yes,GP01,,250,100,2000,,AUGP0825
32390080,Flywire Screen Installation,32,true,no,,,,,,,,,,no,,,,,,,,yes,GP01,,250,100,2000,,AUGP0825
32390095,Insulation Materials Installation,32,true,no,,,,,,,,,,no,,,,,,,,yes,GP01,,250,100,2000,,AUGP0825
32390105,Lift Installation,32,true,no,,,,,,,,,,no,,,,,,,,yes,GP01,,250,100,2000,,AUGP0825
32390110,Office Installation And Fitout Services,32,true,no,,,,,,,,,,no,,,,,,,,yes,GP01,,250,100,2000,,AUGP0825
32390111,Plant Installation,32,true,no,,,,,,,,,,no,,,,,,,,yes,GP01,,250,100,2000,,AUGP0825
32390120,Roller Doors Shutters Or Grilles Installation,32,true,no,,,,,,,,,,no,,,,,,,,yes,GP01,,250,100,2000,,AUGP0825
32390125,Safe Or Vault Installation,32,true,no,,,,,,,,,,no,,,,,,,,yes,GP01,,250,100,2000,,AUGP0825
32390126,Securty Bars Installation,32,true,no,,,,,,,,,,no,,,,,,,,yes,GP01,,250,100,2000,,AUGP0825
32390130,Security Door Installation,32,true,no,,,,,,,,,,no,,,,,,,,yes,GP01,,250,100,2000,,AUGP0825
32410005,Cement Rendering Of Buildings,32,true,no,,,,,,,,,,no,,,,,,,,yes,GP01,,250,100,2000,,AUGP0825
32410010,Decorative Plaster Finishing,32,true,no,,,,,,,,,,no,,,,,,,,yes,GP01,,250,100,2000,,AUGP0825
32410025,Fibrous Plaster Fixing Or Finishing,32,true,no,,,,,,,,,,no,,,,,,,,yes,GP01,,250,100,2000,,AUGP0825
32410045,Labouring - Contract Plastering And Ceiling Services,32,true,no,,,,,,,,,,no,,,,,,,,yes,GP01,,250,100,2000,,AUGP0825
32410060,Plasterer,32,true,no,,,,,,,,,,no,,,,,,,,yes,GP01,,250,100,2000,,AUGP0825
32420005,Cabinet Making - On-site Fabrication,32,true,no,,,,,,,,,,no,,,,,,,,yes,GP01,,250,100,2000,,AUGP0825
32420010,Carpentry,32,true,no,,,,,,,,,,no,,,,,,,,yes,GP01,,250,100,2000,,AUGP0825
32420015,Carpentry Work On Construction Projects,32,true,no,,,,,,,,,,no,,,,,,,,yes,GP01,,250,100,2000,,AUGP0825
32420060,Joinery/cabinet Making - On-site Fabrication,32,true,no,,,,,,,,,,no,,,,,,,,yes,GP01,,250,100,2000,,AUGP0825
32420065,Labouring - Contract Carpentry Services,32,true,no,,,,,,,,,,no,,,,,,,,yes,GP01,,250,100,2000,,AUGP0825
32420095,Shopfittings Manufacturing - Timber Display Cabinets Built At The Clients Premises - On-site Fabrication,32,true,no,,,,,,,,,,no,,,,,,,,yes,GP01,,250,100,2000,,AUGP0825
32420120,Wooden Flooring Installation,32,true,no,,,,,,,,,,no,,,,,,,,yes,GP01,,250,100,2000,,AUGP0825
32420130,Wooden Formwork Fixing,32,true,no,,,,,,,,,,no,,,,,,,,yes,GP01,,250,100,2000,,AUGP0825
32420156,Wood Working Service,32,true,no,,,,,,,,,,no,,,,,,,,yes,GP01,,250,100,2000,,AUGP0825
32420160,Wooden Roof Truss Installation,32,true,no,,,,,,,,,,no,,,,,,,,yes,GP01,,250,100,2000,,AUGP0825
32430005,Carpet Laying,32,true,no,,,,,,,,,,no,,,,,,,,yes,GP01,,250,100,2000,,AUGP0825
32430035,Floor Covering Laying,32,true,no,,,,,,,,,,no,,,,,,,,yes,GP01,,250,100,2000,,AUGP0825
32430045,Floor Sanding,32,true,no,,,,,,,,,,no,,,,,,,,yes,GP01,,250,100,2000,,AUGP0825
32430055,Labouring - Contract Tiling And Carpeting Services,32,true,no,,,,,,,,,,no,,,,,,,,yes,GP01,,250,100,2000,,AUGP0825
32430075,Linoleum Or Linotile Fixing,32,true,no,,,,,,,,,,no,,,,,,,,yes,GP01,,250,100,2000,,AUGP0825
32430080,Mosaic Work On Construction Projects,32,true,no,,,,,,,,,,no,,,,,,,,yes,GP01,,250,100,2000,,AUGP0825
32430090,Slate Flooring Installation,32,true,no,,,,,,,,,,no,,,,,,,,yes,GP01,,250,100,2000,,AUGP0825
32430095,Terrazzo Laying,32,true,no,,,,,,,,,,no,,,,,,,,yes,GP01,,250,100,2000,,AUGP0825
32430096,Tiling - Bathroom,32,true,no,,,,,,,,,,no,,,,,,,,yes,GP01,,250,100,2000,,AUGP0825
32430097,Tiling - Ceramic,32,true,no,,,,,,,,,,no,,,,,,,,yes,GP01,,250,100,2000,,AUGP0825
32430101,Tiling Service,32,true,no,,,,,,,,,,no,,,,,,,,yes,GP01,,250,100,2000,,AUGP0825
32430110,Tiling - Floor,32,true,no,,,,,,,,,,no,,,,,,,,yes,GP01,,250,100,2000,,AUGP0825
32430111,Tile Repairer,32,true,no,,,,,,,,,,no,,,,,,,,yes,GP01,,250,100,2000,,AUGP0825
32430130,Wall Tiling - Using Ceramic Concrete Or Cut Stone Tiles,32,true,no,,,,,,,,,,no,,,,,,,,yes,GP01,,250,100,2000,,AUGP0825
32440010,House Painting,32,true,no,,,,,,,,,,no,,,,,,,,yes,GP01,,250,100,2000,,AUGP0825
32440020,Labouring - Contract Painting And Decorating Services,32,true,no,,,,,,,,,,no,,,,,,,,yes,GP01,,250,100,2000,,AUGP0825
32440030,Painting Of Buildings Or Other Structures,32,true,no,,,,,,,,,,no,,,,,,,,yes,GP01,,250,100,2000,,AUGP0825
32440031,Painting Or Decorating Service,32,true,no,,,,,,,,,,no,,,,,,,,yes,GP01,,250,100,2000,,AUGP0825
32440035,Paper Hanging,32,true,no,,,,,,,,,,no,,,,,,,,yes,GP01,,250,100,2000,,AUGP0825
32440040,Spray Painting Of Buildings Or Other Structures,32,true,no,,,,,,,,,,no,,,,,,,,yes,GP01,,250,100,2000,,AUGP0825
32440045,Wallpapering,32,true,no,,,,,,,,,,no,,,,,,,,yes,GP01,,250,100,2000,,AUGP0825
32450020,Glazier Services,32,true,no,,,,,,,,,,no,,,,,,,,yes,GP01,,250,100,2000,,AUGP0825
32450035,Labouring - Contract Glazing Services,32,true,no,,,,,,,,,,no,,,,,,,,yes,GP01,,250,100,2000,,AUGP0825
32450045,Window Curtain Wall Installation,32,true,no,,,,,,,,,,no,,,,,,,,yes,GP01,,250,100,2000,,AUGP0825
32450050,Window Frame Installation,32,true,no,,,,,,,,,,no,,,,,,,,yes,GP01,,250,100,2000,,AUGP0825
32450055,Window Installation,32,true,no,,,,,,,,,,no,,,,,,,,yes,GP01,,250,100,2000,,AUGP0825
32450060,Window Insulation Fixing,32,true,no,,,,,,,,,,no,,,,,,,,yes,GP01,,250,100,2000,,AUGP0825
32910025,Fencing Contractor,32,true,no,,,,,,,,,,no,,,,,,,,yes,GP01,,250,100,2000,,AUGP0825
32910030,Garden And Streetscape Planting,32,true,no,,,,,,,,,,no,,,,,,,,yes,GP01,,250,100,2000,,AUGP0825
32910035,Garden Design Implementation,32,true,no,,,,,,,,,,no,,,,,,,,yes,GP01,,250,100,2000,,AUGP0825
32910040,Garden Drainage System Installation (Except Agricultural),32,true,no,,,,,,,,,,no,,,,,,,,yes,GP01,,250,100,2000,,AUGP0825
32910045,Garden Sprinkler System Installation (Except Irrigation Systems),32,true,no,,,,,,,,,,no,,,,,,,,yes,GP01,,250,100,2000,,AUGP0825
32910055,Landscape Construction,32,true,no,,,,,,,,,,no,,,,,,,,yes,GP01,,250,100,2000,,AUGP0825
32910065,Landscape Gardening,32,true,no,,,,,,,,,,no,,,,,,,,yes,GP01,,250,100,2000,,AUGP0825
32910075,Lawn Construction,32,true,no,,,,,,,,,,no,,,,,,,,yes,GP01,,250,100,2000,,AUGP0825
32910105,Rockery Work,32,true,no,,,,,,,,,,no,,,,,,,,yes,GP01,,250,100,2000,,AUGP0825
32910106,Tree Lopping Or Tree Surgeon,32,true,no,,,,,,,,,,no,,,,,,,,yes,GP01,,250,100,2000,,AUGP0825
32920005,Construction Machinery Hiring With Operator (Except Earthmoving Equipment),32,true,no,,,,,,,,,,no,,,,,,,,yes,GP01,,250,100,2000,,AUGP0825
32920010,Crane Hiring With Operator,32,true,no,,,,,,,,,,no,,,,,,,,yes,GP01,,250,100,2000,,AUGP0825
32990005,Above Ground Swimming Pool Construction Or Installation,32,true,no,,,,,,,,,,no,,,,,,,,yes,GP01,,250,100,2000,,AUGP0825
32990010,Application Of Peebblecrete Surface,32,true,no,,,,,,,,,,no,,,,,,,,yes,GP01,,250,100,2000,,AUGP0825
32990015,Application To Wooden Floors Of Sealants And Other Special Purpose Treatments (Except Paints),32,true,no,,,,,,,,,,no,,,,,,,,yes,GP01,,250,100,2000,,AUGP0825
32990020,Billboard Construction/erection,32,true,no,,,,,,,,,,no,,,,,,,,yes,GP01,,250,100,2000,,AUGP0825
32990021,Builder (Repair Or Alterations To Non-Residential Buildings,32,true,no,,,,,,,,,,no,,,,,,,,yes,GP01,,250,100,2000,,AUGP0825
32990025,Clothes Hoist Installation,32,true,no,,,,,,,,,,no,,,,,,,,yes,GP01,,250,100,2000,,AUGP0825
32990030,Conveyor Belt Fitting On Site,32,true,no,,,,,,,,,,no,,,,,,,,yes,GP01,,250,100,2000,,AUGP0825
32990040,Drilling Contractors - Construction,32,true,no,,,,,,,,,,no,,,,,,,,yes,GP01,,250,100,2000,,AUGP0825
32990045,Erection Of Precast Concrete Panels At Construction Sites,32,true,no,,,,,,,,,,no,,,,,,,,yes,GP01,,250,100,2000,,AUGP0825
32990050,Fibreglass Coating Of Concrete Structures,32,true,no,,,,,,,,,,no,,,,,,,,yes,GP01,,250,100,2000,,AUGP0825
32990065,"General Maintenance - Domestic Only - Excluding Gas, Plumbing And Electrical Works",32,true,no,,,,,,,,,,no,,,,,,,,yes,GP01,,250,100,2000,,AUGP0825
32990071,"Handyman Service (Excluding Gas, Plumbing And Electrical Works)",32,true,no,,,,,,,,,,no,,,,,,,,yes,GP01,,250,100,2000,,AUGP0825
32990075,House Levelling,32,true,no,,,,,,,,,,no,,,,,,,,yes,GP01,,250,100,2000,,AUGP0825
32990080,House Lifting,32,true,no,,,,,,,,,,no,,,,,,,,yes,GP01,,250,100,2000,,AUGP0825
32990085,House Reblocking Or Underpinning,32,true,no,,,,,,,,,,no,,,,,,,,yes,GP01,,250,100,2000,,AUGP0825
32990090,House Removal - Complete Service Covering Lifting Transport And Relocation,32,true,no,,,,,,,,,,no,,,,,,,,yes,GP01,,250,100,2000,,AUGP0825
32990095,Installation Of Non-electric Traffic Control Equipment,32,true,no,,,,,,,,,,no,,,,,,,,yes,GP01,,250,100,2000,,AUGP0825
32990106,General Labourer,32,true,no,,,,,,,,,,no,,,,,,,,yes,GP01,,250,100,2000,,AUGP0825
32990120,Lane Marking Service - Roadways Carparks Asphalt Surfaces Etc,32,true,no,,,,,,,,,,no,,,,,,,,yes,GP01,,250,100,2000,,AUGP0825
32990125,Light Bulb Fitting Service,32,true,no,,,,,,,,,,no,,,,,,,,yes,GP01,,250,100,2000,,AUGP0825
32990135,Metal Wall Cladding Fixing To Buildings,32,true,no,,,,,,,,,,no,,,,,,,,yes,GP01,,250,100,2000,,AUGP0825
32990150,Other Special Trade Contract Work,32,true,no,,,,,,,,,,no,,,,,,,,yes,GP01,,250,100,2000,,AUGP0825
32990155,Petrol Bowser Installation,32,true,no,,,,,,,,,,no,,,,,,,,yes,GP01,,250,100,2000,,AUGP0825
32990160,Relocatable House Services - Sale Transport And Installation As A Package,32,true,no,,,,,,,,,,no,,,,,,,,yes,GP01,,250,100,2000,,AUGP0825
32990170,Sand Or Other Abrasive Blasting Of Building Exteriors,32,true,no,,,,,,,,,,no,,,,,,,,yes,GP01,,250,100,2000,,AUGP0825
32990175,Scaffolding Construction,32,true,no,,,,,,,,,,no,,,,,,,,yes,GP01,,250,100,2000,,AUGP0825
32990180,Shark Net Installation And Maintenance,32,true,no,,,,,,,,,,no,,,,,,,,yes,GP01,,250,100,2000,,AUGP0825
32990185,Steam Cleaning Of Building Exteriors,32,true,no,,,,,,,,,,no,,,,,,,,yes,GP01,,250,100,2000,,AUGP0825
32990190,Underwater Construction Services,32,true,no,,,,,,,,,,no,,,,,,,,yes,GP01,,250,100,2000,,AUGP0825
32990195,Painting Of Numbers On Sidewalks,32,true,no,,,,,,,,,,no,,,,,,,,yes,GP01,,250,100,2000,,AUGP0825
32990200,Water Bore Drilling,32,true,no,,,,,,,,,,no,,,,,,,,yes,GP01,,250,100,2000,,AUGP0825
32990210,Waterproofing Of Buildings,32,true,no,,,,,,,,,,no,,,,,,,,yes,GP01,,250,100,2000,,AUGP0825
33110005,Wool Wholesaling,33,true,no,,,,,,,,,,no,,,,,,,,yes,GP01,,250,100,2000,,AUGP0825
33120010,Cereal Grain Wholesaling,33,true,no,,,,,,,,,,no,,,,,,,,yes,GP01,,250,100,2000,,AUGP0825
33190040,Farm Produce Wholesaling (Except Wool Or Cereal Grain),33,true,no,,,,,,,,,,no,,,,,,,,yes,GP01,,250,100,2000,,AUGP0825
33190050,Flower Cut Wholesaling,33,true,no,,,,,,,,,,no,,,,,,,,yes,GP01,,250,100,2000,,AUGP0825
33190060,Hay Wholesaling,33,true,no,,,,,,,,,,no,,,,,,,,yes,GP01,,250,100,2000,,AUGP0825
33190065,Hide Wholesaling,33,true,no,,,,,,,,,,no,,,,,,,,yes,GP01,,250,100,2000,,AUGP0825
33190080,Landscape Supplies Wholesaling - Nursery Stock,33,true,no,,,,,,,,,,no,,,,,,,,yes,GP01,,250,100,2000,,AUGP0825
33190085,Leather Wholesaling,33,true,no,,,,,,,,,,no,,,,,,,,yes,GP01,,250,100,2000,,AUGP0825
33190125,Livestock Wholesaling,33,true,no,,,,,,,,,,no,,,,,,,,yes,GP01,,250,100,2000,,AUGP0825
33190130,Manure Wholesaling,33,true,no,,,,,,,,,,no,,,,,,,,yes,GP01,,250,100,2000,,AUGP0825
33190135,Meat Meal Wholesaling,33,true,no,,,,,,,,,,no,,,,,,,,yes,GP01,,250,100,2000,,AUGP0825
33190140,Nursery Stock Wholesaling,33,true,no,,,,,,,,,,no,,,,,,,,yes,GP01,,250,100,2000,,AUGP0825
33190146,Orchard Supplies Wholesaling N.e.c.,33,true,no,,,,,,,,,,no,,,,,,,,yes,GP01,,250,100,2000,,AUGP0825
33190185,Seed Farm Or Garden Wholesaling,33,true,no,,,,,,,,,,no,,,,,,,,yes,GP01,,250,100,2000,,AUGP0825
33190195,Skins Wholesaling,33,true,no,,,,,,,,,,no,,,,,,,,yes,GP01,,250,100,2000,,AUGP0825
33190200,Stock Feed Wholesaling,33,true,no,,,,,,,,,,no,,,,,,,,yes,GP01,,250,100,2000,,AUGP0825
33190210,Sugar Raw Wholesaling,33,true,no,,,,,,,,,,no,,,,,,,,yes,GP01,,250,100,2000,,AUGP0825
33190215,Tallow Wholesaling,33,true,no,,,,,,,,,,no,,,,,,,,yes,GP01,,250,100,2000,,AUGP0825
33190220,Tobacco Leaf Wholesaling,33,true,no,,,,,,,,,,no,,,,,,,,yes,GP01,,250,100,2000,,AUGP0825
33190225,Tree Or Shrub Potted Wholesaling,33,true,no,,,,,,,,,,no,,,,,,,,yes,GP01,,250,100,2000,,AUGP0825
33190235,Vegetable Oil Meal Wholesaling,33,true,no,,,,,,,,,,no,,,,,,,,yes,GP01,,250,100,2000,,AUGP0825
33210005,Bitumen Wholesaling,33,true,no,,,,,,,,,,no,,,,,,,,yes,GP01,,250,100,2000,,AUGP0825
33210006,"Bitumen, Oil And Greases Wholesaling",33,true,no,,,,,,,,,,no,,,,,,,,yes,GP01,,250,100,2000,,AUGP0825
33210015,Crude Oil Wholesaling,33,true,no,,,,,,,,,,no,,,,,,,,yes,GP01,,250,100,2000,,AUGP0825
33210020,Crude Petroleum Wholesaling,33,true,no,,,,,,,,,,no,,,,,,,,yes,GP01,,250,100,2000,,AUGP0825
33210025,Diesel Oil Wholesaling,33,true,no,,,,,,,,,,no,,,,,,,,yes,GP01,,250,100,2000,,AUGP0825
33210030,Distillate Wholesaling,33,true,no,,,,,,,,,,no,,,,,,,,yes,GP01,,250,100,2000,,AUGP0825
33210040,Fuel Oil Wholesaling,33,true,no,,,,,,,,,,no,,,,,,,,yes,GP01,,250,100,2000,,AUGP0825
33210045,Heating Oil Dealing - Wholesaling,33,true,no,,,,,,,,,,no,,,,,,,,yes,GP01,,250,100,2000,,AUGP0825
33210055,Kerosene Wholesaling,33,true,no,,,,,,,,,,no,,,,,,,,yes,GP01,,250,100,2000,,AUGP0825
33210060,L.p.g. Dealing - Wholesaling In Bulk Or In Containers,33,true,no,,,,,,,,,,no,,,,,,,,yes,GP01,,250,100,2000,,AUGP0825
33210065,Liquefied Petroleum Gas - Lpg Wholesaling In Bulk Or In Containers,33,true,no,,,,,,,,,,no,,,,,,,,yes,GP01,,250,100,2000,,AUGP0825
33210075,Oil Or Grease Industrial Or Lubricating Wholesaling,33,true,no,,,,,,,,,,no,,,,,,,,yes,GP01,,250,100,2000,,AUGP0825
33210080,Paraffin Wholesaling,33,true,no,,,,,,,,,,no,,,,,,,,yes,GP01,,250,100,2000,,AUGP0825
33210090,Petrol Wholesaling,33,true,no,,,,,,,,,,no,,,,,,,,yes,GP01,,250,100,2000,,AUGP0825
33210095,Petroleum Product Wholesaling,33,true,no,,,,,,,,,,no,,,,,,,,yes,GP01,,250,100,2000,,AUGP0825
33220015,Bearing Metal Wholesaling,33,true,no,,,,,,,,,,no,,,,,,,,yes,GP01,,250,100,2000,,AUGP0825
33220025,Briquette Wholesaling,33,true,no,,,,,,,,,,no,,,,,,,,yes,GP01,,250,100,2000,,AUGP0825
33220040,Charcoal Wholesaling,33,true,no,,,,,,,,,,no,,,,,,,,yes,GP01,,250,100,2000,,AUGP0825
33220041,Coal Tar Wholesaling,33,true,no,,,,,,,,,,no,,,,,,,,yes,GP01,,250,100,2000,,AUGP0825
33220045,Coal Wholesaling,33,true,no,,,,,,,,,,no,,,,,,,,yes,GP01,,250,100,2000,,AUGP0825
33220050,Coke Wholesaling,33,true,no,,,,,,,,,,no,,,,,,,,yes,GP01,,250,100,2000,,AUGP0825
33220051,Coal Or Coke Wholesaling,33,true,no,,,,,,,,,,no,,,,,,,,yes,GP01,,250,100,2000,,AUGP0825
33220060,Crude Salt Wholesaling,33,true,no,,,,,,,,,,no,,,,,,,,yes,GP01,,250,100,2000,,AUGP0825
33220075,Gold And Silver Merchants (Except Monetary Gold Or Silver),33,true,no,,,,,,,,,,no,,,,,,,,yes,GP01,,250,100,2000,,AUGP0825
33220080,Ground Phosphate Rock Wholesaling,33,true,no,,,,,,,,,,no,,,,,,,,yes,GP01,,250,100,2000,,AUGP0825
33220090,Iron Ore Wholesaling,33,true,no,,,,,,,,,,no,,,,,,,,yes,GP01,,250,100,2000,,AUGP0825
33220120,Metal Scrap Wholesaling,33,true,no,,,,,,,,,,no,,,,,,,,yes,GP01,,250,100,2000,,AUGP0825
33220135,Metallic Ore Wholesaling,33,true,no,,,,,,,,,,no,,,,,,,,yes,GP01,,250,100,2000,,AUGP0825
33220140,Metals Wholesaling,33,true,no,,,,,,,,,,no,,,,,,,,yes,GP01,,250,100,2000,,AUGP0825
33220145,Mineral Earths Wholesaling,33,true,no,,,,,,,,,,no,,,,,,,,yes,GP01,,250,100,2000,,AUGP0825
33220150,Mineral Wholesaling,33,true,no,,,,,,,,,,no,,,,,,,,yes,GP01,,250,100,2000,,AUGP0825
33220165,Precious Metal Scrap Dealing - Wholesaling,33,true,no,,,,,,,,,,no,,,,,,,,yes,GP01,,250,100,2000,,AUGP0825
33220170,Silica Wholesaling,33,true,no,,,,,,,,,,no,,,,,,,,yes,GP01,,250,100,2000,,AUGP0825
33220175,Steel Alloys Wholesaling,33,true,no,,,,,,,,,,no,,,,,,,,yes,GP01,,250,100,2000,,AUGP0825
33220210,Steel Wholesaling,33,true,no,,,,,,,,,,no,,,,,,,,yes,GP01,,250,100,2000,,AUGP0825
33230005,Abrasive Cleanser Wholesaling,33,true,no,,,,,,,,,,no,,,,,,,,yes,GP01,,250,100,2000,,AUGP0825
33230010,Acid Wholesaling,33,true,no,,,,,,,,,,no,,,,,,,,yes,GP01,,250,100,2000,,AUGP0825
33230015,Adhesive Wholesaling,33,true,no,,,,,,,,,,no,,,,,,,,yes,GP01,,250,100,2000,,AUGP0825
33230020,Agricultural Chemical Wholesaling,33,true,no,,,,,,,,,,no,,,,,,,,yes,GP01,,250,100,2000,,AUGP0825
33230030,Alcohol Industrial Wholesaling,33,true,no,,,,,,,,,,no,,,,,,,,yes,GP01,,250,100,2000,,AUGP0825
33230045,Bleaching Compound Wholesaling,33,true,no,,,,,,,,,,no,,,,,,,,yes,GP01,,250,100,2000,,AUGP0825
33230050,Chemical Colour Wholesaling,33,true,no,,,,,,,,,,no,,,,,,,,yes,GP01,,250,100,2000,,AUGP0825
33230075,Detergent Industrial Wholesaling,33,true,no,,,,,,,,,,no,,,,,,,,yes,GP01,,250,100,2000,,AUGP0825
33230080,Dry-cleaning Preparation Wholesaling,33,true,no,,,,,,,,,,no,,,,,,,,yes,GP01,,250,100,2000,,AUGP0825
33230090,Dyes Wholesaling,33,true,no,,,,,,,,,,no,,,,,,,,yes,GP01,,250,100,2000,,AUGP0825
33230105,Explosive Wholesaling (Except Ammunition),33,true,no,,,,,,,,,,no,,,,,,,,yes,GP01,,250,100,2000,,AUGP0825
33230110,Fertiliser Wholesaling,33,true,no,,,,,,,,,,no,,,,,,,,yes,GP01,,250,100,2000,,AUGP0825
33230120,Gas Industrial Wholesaling (Except Liquefied Petroleum Gas),33,true,no,,,,,,,,,,no,,,,,,,,yes,GP01,,250,100,2000,,AUGP0825
33230125,Gelatine Wholesaling,33,true,no,,,,,,,,,,no,,,,,,,,yes,GP01,,250,100,2000,,AUGP0825
33230145,Industrial Chemicals Wholesaling,33,true,no,,,,,,,,,,no,,,,,,,,yes,GP01,,250,100,2000,,AUGP0825
33230165,Laboratory Chemicals Wholesaling,33,true,no,,,,,,,,,,no,,,,,,,,yes,GP01,,250,100,2000,,AUGP0825
33230170,Lavender Oil Wholesaling,33,true,no,,,,,,,,,,no,,,,,,,,yes,GP01,,250,100,2000,,AUGP0825
33230175,Liquefied Gas Wholesaling (Except Liquefied Petroleum Gas),33,true,no,,,,,,,,,,no,,,,,,,,yes,GP01,,250,100,2000,,AUGP0825
33230180,Marine Oil Wholesaling,33,true,no,,,,,,,,,,no,,,,,,,,yes,GP01,,250,100,2000,,AUGP0825
33230185,Match Wholesaling,33,true,no,,,,,,,,,,no,,,,,,,,yes,GP01,,250,100,2000,,AUGP0825
33230190,Methylated Spirit Wholesaling,33,true,no,,,,,,,,,,no,,,,,,,,yes,GP01,,250,100,2000,,AUGP0825
33230195,Oil Treating Compound Wholesaling,33,true,no,,,,,,,,,,no,,,,,,,,yes,GP01,,250,100,2000,,AUGP0825
33230200,Oils Or Fats Wholesaling (Except Tallow Lard Or Cooking Oils Or Fats),33,true,no,,,,,,,,,,no,,,,,,,,yes,GP01,,250,100,2000,,AUGP0825
33230215,Pesticide Wholesaling,33,true,no,,,,,,,,,,no,,,,,,,,yes,GP01,,250,100,2000,,AUGP0825
33230220,Photographic Chemical Wholesaling,33,true,no,,,,,,,,,,no,,,,,,,,yes,GP01,,250,100,2000,,AUGP0825
33230225,Pigment Wholesaling,33,true,no,,,,,,,,,,no,,,,,,,,yes,GP01,,250,100,2000,,AUGP0825
33230235,Plastic Film Sheeting Wholesaling,33,true,no,,,,,,,,,,no,,,,,,,,yes,GP01,,250,100,2000,,AUGP0825
33230240,Plasticiser Wholesaling,33,true,no,,,,,,,,,,no,,,,,,,,yes,GP01,,250,100,2000,,AUGP0825
33230245,Polish Wholesaling,33,true,no,,,,,,,,,,no,,,,,,,,yes,GP01,,250,100,2000,,AUGP0825
33230255,Pyrethrin Wholesaling,33,true,no,,,,,,,,,,no,,,,,,,,yes,GP01,,250,100,2000,,AUGP0825
33230275,Soap Industrial Wholesaling,33,true,no,,,,,,,,,,no,,,,,,,,yes,GP01,,250,100,2000,,AUGP0825
33230280,Synthetic Resin Wholesaling,33,true,no,,,,,,,,,,no,,,,,,,,yes,GP01,,250,100,2000,,AUGP0825
33230285,Synthetic Rubber Wholesaling,33,true,no,,,,,,,,,,no,,,,,,,,yes,GP01,,250,100,2000,,AUGP0825
33230290,Tanning Requisite Wholesaling,33,true,no,,,,,,,,,,no,,,,,,,,yes,GP01,,250,100,2000,,AUGP0825
33230295,Tea-tree Oil Wholesaling,33,true,no,,,,,,,,,,no,,,,,,,,yes,GP01,,250,100,2000,,AUGP0825
33230305,Water Proofing Compound Wholesaling,33,true,no,,,,,,,,,,no,,,,,,,,yes,GP01,,250,100,2000,,AUGP0825
33310026,Open Air Storage Of Timber,33,true,no,,,,,,,,,,no,,,,,,,,yes,GP01,,250,100,2000,,AUGP0825
33310030,Plywood Wholesaling,33,true,no,,,,,,,,,,no,,,,,,,,yes,GP01,,250,100,2000,,AUGP0825
33310040,Timber Dealing - Wholesaling (Except Firewood),33,true,no,,,,,,,,,,no,,,,,,,,yes,GP01,,250,100,2000,,AUGP0825
33310055,Veneer Wood Wholesaling,33,true,no,,,,,,,,,,no,,,,,,,,yes,GP01,,250,100,2000,,AUGP0825
33320020,Bathroom Or Toilet Fitting Wholesaling,33,true,no,,,,,,,,,,no,,,,,,,,yes,GP01,,250,100,2000,,AUGP0825
33320040,Downpipe Or Guttering Wholesaling,33,true,no,,,,,,,,,,no,,,,,,,,yes,GP01,,250,100,2000,,AUGP0825
33320045,Gas Fitting Wholesaling,33,true,no,,,,,,,,,,no,,,,,,,,yes,GP01,,250,100,2000,,AUGP0825
33320050,Hot Water System Wholesaling,33,true,no,,,,,,,,,,no,,,,,,,,yes,GP01,,250,100,2000,,AUGP0825
33320055,Pipes And Pipe Fitting Wholesaling,33,true,no,,,,,,,,,,no,,,,,,,,yes,GP01,,250,100,2000,,AUGP0825
33320060,Plumber's Fitting Wholesaling,33,true,no,,,,,,,,,,no,,,,,,,,yes,GP01,,250,100,2000,,AUGP0825
33320070,Plumbers Hand Tools Wholesaling,33,true,no,,,,,,,,,,no,,,,,,,,yes,GP01,,250,100,2000,,AUGP0825
33320115,Water Tank Wholesaling,33,true,no,,,,,,,,,,no,,,,,,,,yes,GP01,,250,100,2000,,AUGP0825
33390005,Abrasive Wholesaling (Except Abrasive Cleansers),33,true,no,,,,,,,,,,no,,,,,,,,yes,GP01,,250,100,2000,,AUGP0825
33390010,Asbestos Cement Sheets Pipes Or Boards Wholesaling,33,true,no,,,,,,,,,,no,,,,,,,,yes,GP01,,250,100,2000,,AUGP0825
33390015,Awning Wholesaling (Except Textile),33,true,no,,,,,,,,,,no,,,,,,,,yes,GP01,,250,100,2000,,AUGP0825
33390035,Bricks Dealing - Wholesaling,33,true,no,,,,,,,,,,no,,,,,,,,yes,GP01,,250,100,2000,,AUGP0825
33390065,Building Material Dealing - Wholesaling,33,true,no,,,,,,,,,,no,,,,,,,,yes,GP01,,250,100,2000,,AUGP0825
33390095,Cement Wholesaling,33,true,no,,,,,,,,,,no,,,,,,,,yes,GP01,,250,100,2000,,AUGP0825
33390100,Ceramic Floor Or Wall Tile Wholesaling,33,true,no,,,,,,,,,,no,,,,,,,,yes,GP01,,250,100,2000,,AUGP0825
33390105,Clothes Hoist Wholesaling,33,true,no,,,,,,,,,,no,,,,,,,,yes,GP01,,250,100,2000,,AUGP0825
33390110,Domestic Hardware Wholesaling,33,true,no,,,,,,,,,,no,,,,,,,,yes,GP01,,250,100,2000,,AUGP0825
33390115,Door Or Window Wholesaling,33,true,no,,,,,,,,,,no,,,,,,,,yes,GP01,,250,100,2000,,AUGP0825
33390120,Earthenware Construction Good Wholesaling,33,true,no,,,,,,,,,,no,,,,,,,,yes,GP01,,250,100,2000,,AUGP0825
33390125,Fence Post Wholesaling (Except Timber),33,true,no,,,,,,,,,,no,,,,,,,,yes,GP01,,250,100,2000,,AUGP0825
33390130,Fencing Wire Wholesaling,33,true,no,,,,,,,,,,no,,,,,,,,yes,GP01,,250,100,2000,,AUGP0825
33390135,Fibreglass Spa Pool Wholesaling,33,true,no,,,,,,,,,,no,,,,,,,,yes,GP01,,250,100,2000,,AUGP0825
33390150,Galvanised Iron Product Wholesaling,33,true,no,,,,,,,,,,no,,,,,,,,yes,GP01,,250,100,2000,,AUGP0825
33390155,Garden Tool Wholesaling,33,true,no,,,,,,,,,,no,,,,,,,,yes,GP01,,250,100,2000,,AUGP0825
33390185,Hand Tool Wholesaling - Including Power Operated,33,true,no,,,,,,,,,,no,,,,,,,,yes,GP01,,250,100,2000,,AUGP0825
33390186,Hardware Wholesaling,33,true,no,,,,,,,,,,no,,,,,,,,yes,GP01,,250,100,2000,,AUGP0825
33390195,Insulating Material Wholesaling,33,true,no,,,,,,,,,,no,,,,,,,,yes,GP01,,250,100,2000,,AUGP0825
33390220,Lock Wholesaling,33,true,no,,,,,,,,,,no,,,,,,,,yes,GP01,,250,100,2000,,AUGP0825
33390230,Mineral Turpentine Wholesaling,33,true,no,,,,,,,,,,no,,,,,,,,yes,GP01,,250,100,2000,,AUGP0825
33390240,Nails Wholesaling,33,true,no,,,,,,,,,,no,,,,,,,,yes,GP01,,250,100,2000,,AUGP0825
33390245,Nuts And Bolts Wholesaling,33,true,no,,,,,,,,,,no,,,,,,,,yes,GP01,,250,100,2000,,AUGP0825
33390255,Paint Wholesaling,33,true,no,,,,,,,,,,no,,,,,,,,yes,GP01,,250,100,2000,,AUGP0825
33390265,Plaster Wholesaling,33,true,no,,,,,,,,,,no,,,,,,,,yes,GP01,,250,100,2000,,AUGP0825
33390270,Plastic Decorative Laminated Sheet Wholesaling,33,true,no,,,,,,,,,,no,,,,,,,,yes,GP01,,250,100,2000,,AUGP0825
33390280,Plastic Wood Wholesaling,33,true,no,,,,,,,,,,no,,,,,,,,yes,GP01,,250,100,2000,,AUGP0825
33390290,Reinforcing Wire Wholesaling,33,true,no,,,,,,,,,,no,,,,,,,,yes,GP01,,250,100,2000,,AUGP0825
33390295,Roller Shutter Wholesaling,33,true,no,,,,,,,,,,no,,,,,,,,yes,GP01,,250,100,2000,,AUGP0825
33390305,Roofing Material Wholesaling,33,true,no,,,,,,,,,,no,,,,,,,,yes,GP01,,250,100,2000,,AUGP0825
33390310,Sand Wholesaling,33,true,no,,,,,,,,,,no,,,,,,,,yes,GP01,,250,100,2000,,AUGP0825
33390315,Sanitary Ware Wholesaling,33,true,no,,,,,,,,,,no,,,,,,,,yes,GP01,,250,100,2000,,AUGP0825
33390320,Screening Wire Wholesaling,33,true,no,,,,,,,,,,no,,,,,,,,yes,GP01,,250,100,2000,,AUGP0825
33390325,Screens Window Wholesaling,33,true,no,,,,,,,,,,no,,,,,,,,yes,GP01,,250,100,2000,,AUGP0825
33390330,Screws Wholesaling,33,true,no,,,,,,,,,,no,,,,,,,,yes,GP01,,250,100,2000,,AUGP0825
33390335,Sheet Or Plate Glass Wholesaling,33,true,no,,,,,,,,,,no,,,,,,,,yes,GP01,,250,100,2000,,AUGP0825
33390350,Stonecutter's Tool Wholesaling,33,true,no,,,,,,,,,,no,,,,,,,,yes,GP01,,250,100,2000,,AUGP0825
33390360,Swimming Pool Below Ground Fibreglass Wholesaling,33,true,no,,,,,,,,,,no,,,,,,,,yes,GP01,,250,100,2000,,AUGP0825
33390380,Wall Or Ceiling Board Wholesaling,33,true,no,,,,,,,,,,no,,,,,,,,yes,GP01,,250,100,2000,,AUGP0825
33390385,Wallpaper Wholesaling,33,true,no,,,,,,,,,,no,,,,,,,,yes,GP01,,250,100,2000,,AUGP0825
33390400,Wire Netting Wholesaling,33,true,no,,,,,,,,,,no,,,,,,,,yes,GP01,,250,100,2000,,AUGP0825
33390405,Wire Or Cable Wholesaling (Except Electric Cable),33,true,no,,,,,,,,,,no,,,,,,,,yes,GP01,,250,100,2000,,AUGP0825
33390410,Wire Rope Wholesaling,33,true,no,,,,,,,,,,no,,,,,,,,yes,GP01,,250,100,2000,,AUGP0825
33390415,Woodworking Tool Wholesaling,33,true,no,,,,,,,,,,no,,,,,,,,yes,GP01,,250,100,2000,,AUGP0825
34110015,Agricultural Machinery Wholesaling,34,true,no,,,,,,,,,,no,,,,,,,,yes,GP01,,250,100,2000,,AUGP0825
34110030,Construction Machinery Or Equipment Wholesaling New Or Used,34,true,no,,,,,,,,,,no,,,,,,,,yes,GP01,,250,100,2000,,AUGP0825
34110060,Farm Machinery Wholesaling (Except Pumps Or Compressors),34,true,no,,,,,,,,,,no,,,,,,,,yes,GP01,,250,100,2000,,AUGP0825
34110075,Lawn Mower Wholesaling,34,true,no,,,,,,,,,,no,,,,,,,,yes,GP01,,250,100,2000,,AUGP0825
34110085,Parts Agricultural Or Construction Machinery Wholesaling,34,true,no,,,,,,,,,,no,,,,,,,,yes,GP01,,250,100,2000,,AUGP0825
34110100,Windmill Wholesaling,34,true,no,,,,,,,,,,no,,,,,,,,yes,GP01,,250,100,2000,,AUGP0825
34190005,Bookbinding Machinery Or Equipment Wholesaling,34,true,no,,,,,,,,,,no,,,,,,,,yes,GP01,,250,100,2000,,AUGP0825
34190010,Brick Or Tile Making Machinery Or Equipment Wholesaling,34,true,no,,,,,,,,,,no,,,,,,,,yes,GP01,,250,100,2000,,AUGP0825
34190025,Distilling Equipment Wholesaling,34,true,no,,,,,,,,,,no,,,,,,,,yes,GP01,,250,100,2000,,AUGP0825
34190030,Dry-cleaning Machinery Or Equipment Wholesaling,34,true,no,,,,,,,,,,no,,,,,,,,yes,GP01,,250,100,2000,,AUGP0825
34190035,Food Processing Machinery Or Equipment Wholesaling,34,true,no,,,,,,,,,,no,,,,,,,,yes,GP01,,250,100,2000,,AUGP0825
34190040,Forging Machinery Or Equipment Wholesaling,34,true,no,,,,,,,,,,no,,,,,,,,yes,GP01,,250,100,2000,,AUGP0825
34190055,Foundry Machinery Or Equipment Wholesaling,34,true,no,,,,,,,,,,no,,,,,,,,yes,GP01,,250,100,2000,,AUGP0825
34190060,Industrial Sewing Machine Wholesaling,34,true,no,,,,,,,,,,no,,,,,,,,yes,GP01,,250,100,2000,,AUGP0825
34190065,Leather Working Machinery Or Equipment Wholesaling,34,true,no,,,,,,,,,,no,,,,,,,,yes,GP01,,250,100,2000,,AUGP0825
34190080,Machine Tools Wholesaling - Including Attachments Parts Or Accessories,34,true,no,,,,,,,,,,no,,,,,,,,yes,GP01,,250,100,2000,,AUGP0825
34190090,Mechanical Handling Equipment Wholesaling,34,true,no,,,,,,,,,,no,,,,,,,,yes,GP01,,250,100,2000,,AUGP0825
34190095,Metalworking Machinery Wholesaling,34,true,no,,,,,,,,,,no,,,,,,,,yes,GP01,,250,100,2000,,AUGP0825
34190100,Milk Processing Machinery Or Equipment Wholesaling,34,true,no,,,,,,,,,,no,,,,,,,,yes,GP01,,250,100,2000,,AUGP0825
34190105,Mining Machinery Or Equipment Wholesaling,34,true,no,,,,,,,,,,no,,,,,,,,yes,GP01,,250,100,2000,,AUGP0825
34190115,Ore Crushing Machinery Or Equipment Wholesaling,34,true,no,,,,,,,,,,no,,,,,,,,yes,GP01,,250,100,2000,,AUGP0825
34190125,Paper Making Machinery Or Equipment Wholesaling,34,true,no,,,,,,,,,,no,,,,,,,,yes,GP01,,250,100,2000,,AUGP0825
34190135,Petrol Pump Sales,34,true,no,,,,,,,,,,no,,,,,,,,yes,GP01,,250,100,2000,,AUGP0825
34190140,Printing Machinery Or Equipment Wholesaling (Except Computer Peripherals),34,true,no,,,,,,,,,,no,,,,,,,,yes,GP01,,250,100,2000,,AUGP0825
34190145,Rubber Making Or Working Machinery Or Equipment Wholesaling,34,true,no,,,,,,,,,,no,,,,,,,,yes,GP01,,250,100,2000,,AUGP0825
34190170,Tanning Machinery Or Equipment Wholesaling,34,true,no,,,,,,,,,,no,,,,,,,,yes,GP01,,250,100,2000,,AUGP0825
34190175,Textile Working Machinery Or Equipment Wholesaling,34,true,no,,,,,,,,,,no,,,,,,,,yes,GP01,,250,100,2000,,AUGP0825
34190180,Water Purification Equipment Wholesaling,34,true,no,,,,,,,,,,no,,,,,,,,yes,GP01,,250,100,2000,,AUGP0825
34190185,Welding Machinery Or Equipment Non-electric Wholesaling,34,true,no,,,,,,,,,,no,,,,,,,,yes,GP01,,250,100,2000,,AUGP0825
34190190,Woodworking Machinery Or Equipment Wholesaling,34,true,no,,,,,,,,,,no,,,,,,,,yes,GP01,,250,100,2000,,AUGP0825
34910005,Aeronautical Equipment Wholesaling,34,true,yes,ITCL01,15,250,250,1e+06,1,1e+07,,AUIT25,no,,,,,,,,yes,GP01,,250,100,2000,,AUGP0825
34910030,Draughting Instrument Wholesaling,34,true,yes,ITCL01,1,250,250,1e+06,1,1e+07,,AUIT25,no,,,,,,,,yes,GP01,,250,100,2000,,AUGP0825
34910035,Echo Sounding Equipment Wholesaling,34,true,yes,ITCL01,1,250,250,1e+06,1,1e+07,,AUIT25,no,,,,,,,,yes,GP01,,250,100,2000,,AUGP0825
34910040,Eyewear Wholesaling,34,true,no,,,,,,,,,,no,,,,,,,,yes,GP01,,250,100,2000,,AUGP0825
34910065,Medical Equipment Wholesaling,34,true,yes,ITCL01,20,1000,1000,1e+06,1,1e+07,AUIT25007;AUIT25011,AUIT25,no,,,,,,,,yes,GP01,,250,100,2000,,AUGP0825
34910085,Nautical Instruments Wholesaling,34,true,yes,ITCL01,18,1000,1000,1e+06,1,1e+07,,AUIT25,no,,,,,,,,yes,GP01,,250,100,2000,,AUGP0825
34910090,Navigation Equipment Wholesaling,34,true,yes,ITCL01,18,1000,1000,1e+06,1,1e+07,,AUIT25,no,,,,,,,,yes,GP01,,250,100,2000,,AUGP0825
34910115,Professional Equipment Wholesaling,34,true,no,,,,,,,,,,no,,,,,,,,yes,GP01,,250,100,2000,,AUGP0825
34910120,Scientific Equipment Wholesaling,34,true,yes,ITCL01,12,250,250,1e+06,1,1e+07,,AUIT25,no,,,,,,,,yes,GP01,,250,100,2000,,AUGP0825
34910145,Surveying Instrument Wholesaling,34,true,no,,,,,,,,,,no,,,,,,,,yes,GP01,,250,100,2000,,AUGP0825
34910155,X-ray Equipment Or Film Wholesaling,34,true,no,,,,,,,,,,no,,,,,,,,yes,GP01,,250,100,2000,,AUGP0825
34920005,Blank Compact Disc - Cd - Wholesaling,34,true,yes,ITCL01,1,250,250,1e+06,1,1e+07,,AUIT25,no,,,,,,,,yes,GP01,,250,100,2000,,AUGP0825
34920010,Blank Computer Disc Wholesaling,34,true,yes,ITCL01,1,250,250,1e+06,1,1e+07,,AUIT25,no,,,,,,,,yes,GP01,,250,100,2000,,AUGP0825
34920020,Blank Digital Versatile Disc - Dvd - Wholesaling,34,true,yes,ITCL01,1,250,250,1e+06,1,1e+07,,AUIT25,no,,,,,,,,yes,GP01,,250,100,2000,,AUGP0825
34920025,Computer Game Wholesaling,34,true,yes,ITCL01,1,250,250,1e+06,1,1e+07,,AUIT25,no,,,,,,,,yes,GP01,,250,100,2000,,AUGP0825
34920030,Computer Games Console Wholesaling,34,true,yes,ITCL01,1,250,250,1e+06,1,1e+07,,AUIT25,no,,,,,,,,yes,GP01,,250,100,2000,,AUGP0825
34920045,Computer Peripheral Wholesaling,34,true,yes,ITCL01,1,250,250,1e+06,1,1e+07,,AUIT25,no,,,,,,,,yes,GP01,,250,100,2000,,AUGP0825
34920050,Computer Software Wholesaling,34,true,yes,ITCL01,1,250,250,1e+06,1,1e+07,,AUIT25,no,,,,,,,,yes,GP01,,250,100,2000,,AUGP0825
34920055,Computer Wholesaling,34,true,yes,ITCL01,1,250,250,1e+06,1,1e+07,,AUIT25,no,,,,,,,,yes,GP01,,250,100,2000,,AUGP0825
34920075,Laser Printer Wholesaling,34,true,yes,ITCL01,1,250,250,1e+06,1,1e+07,,AUIT25,no,,,,,,,,yes,GP01,,250,100,2000,,AUGP0825
34930015,Communication Equipment Wholesaling,34,true,yes,ITCL01,1,250,250,1e+06,1,1e+07,,AUIT25,no,,,,,,,,yes,GP01,,250,100,2000,,AUGP0825
34930020,Communications Equipment Industrial Wholesaling,34,true,yes,ITCL01,1,250,250,1e+06,1,1e+07,,AUIT25,no,,,,,,,,yes,GP01,,250,100,2000,,AUGP0825
34930025,Computer Modem Wholesaling,34,true,yes,ITCL01,1,250,250,1e+06,1,1e+07,,AUIT25,no,,,,,,,,yes,GP01,,250,100,2000,,AUGP0825
34930035,Electronic Telephone Security Device Wholesaling,34,true,yes,ITCL01,1,250,250,1e+06,1,1e+07,,AUIT25,no,,,,,,,,yes,GP01,,250,100,2000,,AUGP0825
34930065,Mobile Phone Battery Wholesaling,34,true,yes,ITCL01,1,250,250,1e+06,1,1e+07,,AUIT25,no,,,,,,,,yes,GP01,,250,100,2000,,AUGP0825
34930130,Telephone Or Telegraph Equipment Wholesaling,34,true,yes,ITCL01,1,250,250,1e+06,1,1e+07,,AUIT25,no,,,,,,,,yes,GP01,,250,100,2000,,AUGP0825
34940125,Electric Fittings Wholesaling,34,true,yes,ITCL01,1,250,250,1e+06,1,1e+07,,AUIT25,no,,,,,,,,yes,GP01,,250,100,2000,,AUGP0825
34940145,Electric Light Fittings Wholesaling,34,true,no,,,,,,,,,,no,,,,,,,,yes,GP01,,250,100,2000,,AUGP0825
34940166,Electrical Equipment Wholesaling,34,true,yes,ITCL01,1,250,250,1e+06,1,1e+07,,AUIT25,no,,,,,,,,yes,GP01,,250,100,2000,,AUGP0825
34940170,Electrical Distribution Equipment Wholesaling,34,true,yes,ITCL01,1,250,250,1e+06,1,1e+07,,AUIT25,no,,,,,,,,yes,GP01,,250,100,2000,,AUGP0825
34940175,Electrical Measuring Or Testing Instrument Wholesaling,34,true,yes,ITCL01,1,250,250,1e+06,1,1e+07,,AUIT25,no,,,,,,,,yes,GP01,,250,100,2000,,AUGP0825
34940180,Electrical Switchgear Wholesaling,34,true,yes,ITCL01,1,250,250,1e+06,1,1e+07,,AUIT25,no,,,,,,,,yes,GP01,,250,100,2000,,AUGP0825
34940200,Electronic Gambling Machine Wholesaling,34,true,no,,,,,,,,,,no,,,,,,,,yes,GP01,,250,100,2000,,AUGP0825
34940205,Electronic Video Game Wholesaling - Coin-operated,34,true,yes,ITCL01,1,250,250,1e+06,1,1e+07,,AUIT25,no,,,,,,,,yes,GP01,,250,100,2000,,AUGP0825
34940230,Household Appliance Wholesaling,34,true,yes,ITCL01,1,250,250,1e+06,1,1e+07,,AUIT25,no,,,,,,,,yes,GP01,,250,100,2000,,AUGP0825
34940275,Household Electric Kitchen Appliance Wholesaling,34,true,no,,1,,,,,,,,no,,,,,,,,yes,GP01,,250,100,2000,,AUGP0825
34940335,Household Sound Recording Equipment Wholesaling,34,true,yes,ITCL01,1,250,250,1e+06,1,1e+07,,AUIT25,no,,,,,,,,yes,GP01,,250,100,2000,,AUGP0825
34940355,Household Stoves Or Heaters Wholesaling,34,true,no,,,,,,,,,,no,,,,,,,,yes,GP01,,250,100,2000,,AUGP0825
34940365,Household Washing Machine Wholesaling,34,true,no,,,,,,,,,,no,,,,,,,,yes,GP01,,250,100,2000,,AUGP0825
34940415,Photocopying Machine Wholesaling,34,true,yes,ITCL01,1,250,250,1e+06,1,1e+07,,AUIT25,no,,,,,,,,yes,GP01,,250,100,2000,,AUGP0825
34940430,Photographic Equipment Wholesaling - Electric Or Electronic,34,true,yes,ITCL01,1,250,250,1e+06,1,1e+07,,AUIT25,no,,,,,,,,yes,GP01,,250,100,2000,,AUGP0825
34940470,Radio Receiving Set Wholesaling,34,true,yes,ITCL01,1,250,250,1e+06,1,1e+07,,AUIT25,no,,,,,,,,yes,GP01,,250,100,2000,,AUGP0825
34940485,Refrigeration Equipment Wholesaling,34,true,no,,,,,,,,,,no,,,,,,,,yes,GP01,,250,100,2000,,AUGP0825
34940505,Sewing Machine Wholesaling (Except Industrial),34,true,no,,,,,,,,,,no,,,,,,,,yes,GP01,,250,100,2000,,AUGP0825
34940530,Sound Recording Or Reproducing Equipment Wholesaling,34,true,yes,ITCL01,1,250,250,1e+06,1,1e+07,,AUIT25,no,,,,,,,,yes,GP01,,250,100,2000,,AUGP0825
34940540,Switchgear Electrical Wholesaling,34,true,yes,ITCL01,1,250,250,1e+06,1,1e+07,,AUIT25,no,,,,,,,,yes,GP01,,250,100,2000,,AUGP0825
34940550,Television Set Wholesaling,34,true,yes,ITCL01,1,250,250,1e+06,1,1e+07,,AUIT25,no,,,,,,,,yes,GP01,,250,100,2000,,AUGP0825
34940560,Vacuum Cleaner Wholesaling,34,true,no,,,,,,,,,,no,,,,,,,,yes,GP01,,250,100,2000,,AUGP0825
34940600,Welding Equipment Electrical Wholesaling,34,true,no,,,,,,,,,,no,,,,,,,,yes,GP01,,250,100,2000,,AUGP0825
34940605,Wholesaling Office Machines - Electrical Or Electronic (Except Telecommunication Goods),34,true,yes,ITCL01,1,250,250,1e+06,1,1e+07,,AUIT25,no,,,,,,,,yes,GP01,,250,100,2000,,AUGP0825
34990005,Air Conditioning Equipment Non-electric Wholesaling,34,true,no,,,,,,,,,,no,,,,,,,,yes,GP01,,250,100,2000,,AUGP0825
34990010,Air Or Gas Compressor Wholesaling,34,true,no,,,,,,,,,,no,,,,,,,,yes,GP01,,250,100,2000,,AUGP0825
34990015,Aircraft Wholesaling,34,true,no,,,,,,,,,,no,,,,,,,,yes,GP01,,250,100,2000,,AUGP0825
34990020,Bearing Wholesaling,34,true,no,,,,,,,,,,no,,,,,,,,yes,GP01,,250,100,2000,,AUGP0825
34990025,Binocular Wholesaling,34,true,no,,,,,,,,,,no,,,,,,,,yes,GP01,,250,100,2000,,AUGP0825
34990030,Boat Wholesaling,34,true,no,,,,,,,,,,no,,,,,,,,yes,GP01,,250,100,2000,,AUGP0825
34990035,Business Machines Or Equipment Wholesaling (Except Furniture Or Computing Equipment),34,true,yes,ITCL01,1,250,250,1e+06,1,1e+07,,AUIT25,no,,,,,,,,yes,GP01,,250,100,2000,,AUGP0825
34990040,Chemical Machinery Or Equipment Wholesaling,34,true,no,,,,,,,,,,no,,,,,,,,yes,GP01,,250,100,2000,,AUGP0825
34990050,Commercial Or Industrial Space Heating System Wholesaling (Except Electric),34,true,no,,,,,,,,,,no,,,,,,,,yes,GP01,,250,100,2000,,AUGP0825
34990055,Compressor Air Or Gas Wholesaling,34,true,no,,,,,,,,,,no,,,,,,,,yes,GP01,,250,100,2000,,AUGP0825
34990060,Display And Notice Boards Wholesaling,34,true,no,,,,,,,,,,no,,,,,,,,yes,GP01,,250,100,2000,,AUGP0825
34990080,Fire Protection Equipment Wholesaling,34,true,no,,,,,,,,,,no,,,,,,,,yes,GP01,,250,100,2000,,AUGP0825
34990085,Furnace Or Furnace Equipment Industrial Wholesaling (Except Electrical),34,true,no,,,,,,,,,,no,,,,,,,,yes,GP01,,250,100,2000,,AUGP0825
34990090,Gas Generator Or Equipment Wholesaling,34,true,no,,,,,,,,,,no,,,,,,,,yes,GP01,,250,100,2000,,AUGP0825
34990095,Gas Heater Wholesaling,34,true,no,,,,,,,,,,no,,,,,,,,yes,GP01,,250,100,2000,,AUGP0825
34990100,Hairdressers Equipment Wholesaling,34,true,no,,,,,,,,,,no,,,,,,,,yes,GP01,,250,100,2000,,AUGP0825
34990115,Household Gas Stove Wholesaling,34,true,no,,,,,,,,,,no,,,,,,,,yes,GP01,,250,100,2000,,AUGP0825
34990120,Household Kerosene Heater Wholesaling,34,true,no,,,,,,,,,,no,,,,,,,,yes,GP01,,250,100,2000,,AUGP0825
34990130,Household Scales Wholesaling (Except Electrical Or Electronic),34,true,no,,,,,,,,,,no,,,,,,,,yes,GP01,,250,100,2000,,AUGP0825
34990135,Hydraulic Hose And Fittings Wholesaling,34,true,no,,,,,,,,,,no,,,,,,,,yes,GP01,,250,100,2000,,AUGP0825
34990140,Industrial Brush Wholesaling,34,true,no,,,,,,,,,,no,,,,,,,,yes,GP01,,250,100,2000,,AUGP0825
34990141,Industrial Machinery Or Equipment Wholesaling N.e.c.,34,true,no,,,,,,,,,,no,,,,,,,,yes,GP01,,250,100,2000,,AUGP0825
34990150,Internal Combustion Engine Wholesaling (Except Motor Vehicle Engines),34,true,no,,,,,,,,,,no,,,,,,,,yes,GP01,,250,100,2000,,AUGP0825
34990155,Jetski Part Wholesaling,34,true,no,,,,,,,,,,no,,,,,,,,yes,GP01,,250,100,2000,,AUGP0825
34990160,Jetski Wholesaling,34,true,no,,,,,,,,,,no,,,,,,,,yes,GP01,,250,100,2000,,AUGP0825
34990170,Laundry Machinery Or Equipment Wholesaling (Except Domestic),34,true,no,,,,,,,,,,no,,,,,,,,yes,GP01,,250,100,2000,,AUGP0825
34990175,Lubricating Machinery Or Equipment Wholesaling,34,true,no,,,,,,,,,,no,,,,,,,,yes,GP01,,250,100,2000,,AUGP0825
34990180,Marine Engines Wholesaling,34,true,no,,,,,,,,,,no,,,,,,,,yes,GP01,,250,100,2000,,AUGP0825
34990185,Material Handling Equipment Wholesaling,34,true,no,,,,,,,,,,no,,,,,,,,yes,GP01,,250,100,2000,,AUGP0825
34990190,Office Machines Or Equipment Wholesaling (Except Furniture Or Electrical Or Electronic Equipment),34,true,yes,ITCL01,1,250,250,1e+06,1,1e+07,,AUIT25,no,,,,,,,,yes,GP01,,250,100,2000,,AUGP0825
34990200,Oil Heater Wholesaling,34,true,no,,,,,,,,,,no,,,,,,,,yes,GP01,,250,100,2000,,AUGP0825
34990210,Photocopier Cartridge Wholesaling,34,true,yes,ITCL01,1,250,250,1e+06,1,1e+07,,AUIT25,no,,,,,,,,yes,GP01,,250,100,2000,,AUGP0825
34990215,Photocopier Toner Wholesaling,34,true,yes,ITCL01,1,250,250,1e+06,1,1e+07,,AUIT25,no,,,,,,,,yes,GP01,,250,100,2000,,AUGP0825
34990230,Photographic Supply Wholesaling,34,true,yes,ITCL01,1,250,250,1e+06,1,1e+07,,AUIT25,no,,,,,,,,yes,GP01,,250,100,2000,,AUGP0825
34990235,Polishing Machine Wholesaling (Except Household),34,true,no,,,,,,,,,,no,,,,,,,,yes,GP01,,250,100,2000,,AUGP0825
34990245,Pumping Machinery Or Equipment Wholesaling,34,true,no,,,,,,,,,,no,,,,,,,,yes,GP01,,250,100,2000,,AUGP0825
34990260,Vending Machine Wholesaling - Non-refrigerated,34,true,no,,,,,,,,,,no,,,,,,,,yes,GP01,,250,100,2000,,AUGP0825
34990265,Weighing Machinery Wholesaling,34,true,no,,,,,,,,,,no,,,,,,,,yes,GP01,,250,100,2000,,AUGP0825
34990275,Wire Working Machinery Or Equipment Wholesaling,34,true,no,,,,,,,,,,no,,,,,,,,yes,GP01,,250,100,2000,,AUGP0825
35010005,Car Dealer - Wholesale - New And/or Used,35,true,no,,,,,,,,,,no,,,,,,,,yes,GP01,,250,100,2000,,AUGP0825
35010025,New Motor Vehicle Wholesaling,35,true,no,,,,,,,,,,no,,,,,,,,yes,GP01,,250,100,2000,,AUGP0825
35010045,Used Motor Vehicle Wholesaling,35,true,no,,,,,,,,,,no,,,,,,,,yes,GP01,,250,100,2000,,AUGP0825
35020010,Bus Wholesaling,35,true,no,,,,,,,,,,no,,,,,,,,yes,GP01,,250,100,2000,,AUGP0825
35020015,Commercial Vehicle Dealing - Wholesaling - New Or Used,35,true,no,,,,,,,,,,no,,,,,,,,yes,GP01,,250,100,2000,,AUGP0825
35020030,Truck Wholesaling - New Or Used,35,true,no,,,,,,,,,,no,,,,,,,,yes,GP01,,250,100,2000,,AUGP0825
35030015,Caravan Wholesaling,35,true,no,,,,,,,,,,no,,,,,,,,yes,GP01,,250,100,2000,,AUGP0825
35030025,Horse Float Wholesaling,35,true,no,,,,,,,,,,no,,,,,,,,yes,GP01,,250,100,2000,,AUGP0825
35030030,Mobile Homes Or Cabins Wholesaling,35,true,no,,,,,,,,,,no,,,,,,,,yes,GP01,,250,100,2000,,AUGP0825
35030035,Motor Cycle Wholesaling,35,true,no,,,,,,,,,,no,,,,,,,,yes,GP01,,250,100,2000,,AUGP0825
35030055,Scooter Wholesaling,35,true,no,,,,,,,,,,no,,,,,,,,yes,GP01,,250,100,2000,,AUGP0825
35030060,Trailer Wholesaling,35,true,no,,,,,,,,,,no,,,,,,,,yes,GP01,,250,100,2000,,AUGP0825
35040005,Automotive Air Conditioning Wholesaling,35,true,no,,,,,,,,,,no,,,,,,,,yes,GP01,,250,100,2000,,AUGP0825
35040010,Automotive Battery Wholesaling,35,true,no,,,,,,,,,,no,,,,,,,,yes,GP01,,250,100,2000,,AUGP0825
35040011,Automotive Components Wholesaling,35,true,no,,,,,,,,,,no,,,,,,,,yes,GP01,,250,100,2000,,AUGP0825
35040020,Car Phone Wholesaling,35,true,yes,ITCL01,1,250,250,1e+06,1,1e+07,,AUIT25,no,,,,,,,,yes,GP01,,250,100,2000,,AUGP0825
35040025,Car Radio Or Cd-player Wholesaling,35,true,yes,ITCL01,1,250,250,1e+06,1,1e+07,,AUIT25,no,,,,,,,,yes,GP01,,250,100,2000,,AUGP0825
35040081,Motor Vehicle Paint Wholesaling,35,true,no,,,,,,,,,,no,,,,,,,,yes,GP01,,250,100,2000,,AUGP0825
35040095,Motor Vehicle Parts Wholesaling - New,35,true,no,,,,,,,,,,no,,,,,,,,yes,GP01,,250,100,2000,,AUGP0825
35040121,Tow Bar And Bull Bar Wholesaling,35,true,no,,,,,,,,,,no,,,,,,,,yes,GP01,,250,100,2000,,AUGP0825
35040130,Tyre Wholesaling,35,true,no,,,,,,,,,,no,,,,,,,,yes,GP01,,250,100,2000,,AUGP0825
35050030,Motor Vehicle Dismantling,35,true,no,,,,,,,,,,no,,,,,,,,yes,GP01,,250,100,2000,,AUGP0825
35050065,Second Hand Motor Vehicle Parts Wholesaling,35,true,no,,,,,,,,,,no,,,,,,,,yes,GP01,,250,100,2000,,AUGP0825
36010005,General Line Grocery Wholesaling,36,true,no,,,,,,,,,,no,,,,,,,,yes,GP01,,250,100,2000,,AUGP0825
36020005,Bacon Wholesaling,36,true,no,,,,,,,,,,no,,,,,,,,yes,GP01,,250,100,2000,,AUGP0825
36020025,Ham Wholesaling (Except Canned),36,true,no,,,,,,,,,,no,,,,,,,,yes,GP01,,250,100,2000,,AUGP0825
36020030,Kangaroo Meat Wholesaling,36,true,no,,,,,,,,,,no,,,,,,,,yes,GP01,,250,100,2000,,AUGP0825
36020035,Meat Wholesaling (Except Canned),36,true,no,,,,,,,,,,no,,,,,,,,yes,GP01,,250,100,2000,,AUGP0825
36020040,Poultry Meat Wholesaling (Except Canned),36,true,no,,,,,,,,,,no,,,,,,,,yes,GP01,,250,100,2000,,AUGP0825
36020050,Rabbit Meat Wholesaling (Except Canned),36,true,no,,,,,,,,,,no,,,,,,,,yes,GP01,,250,100,2000,,AUGP0825
36020055,Sausage Wholesaling (Except Canned),36,true,no,,,,,,,,,,no,,,,,,,,yes,GP01,,250,100,2000,,AUGP0825
36020060,Smallgoods Wholesaling (Except Canned),36,true,no,,,,,,,,,,no,,,,,,,,yes,GP01,,250,100,2000,,AUGP0825
36020065,Wholesale Butchers,36,true,no,,,,,,,,,,no,,,,,,,,yes,GP01,,250,100,2000,,AUGP0825
36030005,Butter Wholesaling,36,true,no,,,,,,,,,,no,,,,,,,,yes,GP01,,250,100,2000,,AUGP0825
36030010,Cheese Wholesaling,36,true,no,,,,,,,,,,no,,,,,,,,yes,GP01,,250,100,2000,,AUGP0825
36030015,Cream Wholesaling (Except Canned),36,true,no,,,,,,,,,,no,,,,,,,,yes,GP01,,250,100,2000,,AUGP0825
36030020,Dairy Product Wholesaling (Except Canned),36,true,no,,,,,,,,,,no,,,,,,,,yes,GP01,,250,100,2000,,AUGP0825
36030030,Ice Cream Wholesaling,36,true,no,,,,,,,,,,no,,,,,,,,yes,GP01,,250,100,2000,,AUGP0825
36030040,Milk Wholesaling (Except Canned),36,true,no,,,,,,,,,,no,,,,,,,,yes,GP01,,250,100,2000,,AUGP0825
36040005,Crustacean Wholesaling - Including Processed (Except Canned),36,true,no,,,,,,,,,,no,,,,,,,,yes,GP01,,250,100,2000,,AUGP0825
36040006,Dried Fish Wholesaling,36,true,no,,,,,,,,,,no,,,,,,,,yes,GP01,,250,100,2000,,AUGP0825
36040015,Fish Wholesaling (Except Canned),36,true,no,,,,,,,,,,no,,,,,,,,yes,GP01,,250,100,2000,,AUGP0825
36040020,Fresh Or Frozen Oysters Wholesaling,36,true,no,,,,,,,,,,no,,,,,,,,yes,GP01,,250,100,2000,,AUGP0825
36040035,Mollusc Wholesaling - Including Processed (Except Canned),36,true,no,,,,,,,,,,no,,,,,,,,yes,GP01,,250,100,2000,,AUGP0825
36040075,Seafood Fresh Or Frozen Wholesaling,36,true,no,,,,,,,,,,no,,,,,,,,yes,GP01,,250,100,2000,,AUGP0825
36040076,Smoked Fish Wholesaling,36,true,no,,,,,,,,,,no,,,,,,,,yes,GP01,,250,100,2000,,AUGP0825
36050020,Fresh Fruit Wholesaling,36,true,no,,,,,,,,,,no,,,,,,,,yes,GP01,,250,100,2000,,AUGP0825
36050030,Fresh Vegetables Wholesaling,36,true,no,,,,,,,,,,no,,,,,,,,yes,GP01,,250,100,2000,,AUGP0825
36060010,Alcoholic Beverage Wholesaling,36,true,no,,,,,,,,,,no,,,,,,,,yes,GP01,,250,100,2000,,AUGP0825
36060025,Beer Wholesaling,36,true,no,,,,,,,,,,no,,,,,,,,yes,GP01,,250,100,2000,,AUGP0825
36060070,Liquor Wholesaling,36,true,no,,,,,,,,,,no,,,,,,,,yes,GP01,,250,100,2000,,AUGP0825
36060085,Spirits Wholesaling,36,true,no,,,,,,,,,,no,,,,,,,,yes,GP01,,250,100,2000,,AUGP0825
36060095,Tobacco Products Wholesaling (Except Leaf Tobacco),36,true,no,,,,,,,,,,no,,,,,,,,yes,GP01,,250,100,2000,,AUGP0825
36060105,Wine Wholesaling,36,true,no,,,,,,,,,,no,,,,,,,,yes,GP01,,250,100,2000,,AUGP0825
36090005,Aerated Or Carbonated Cordial Wholesaling,36,true,no,,,,,,,,,,no,,,,,,,,yes,GP01,,250,100,2000,,AUGP0825
36090015,Aerated Water Wholesaling,36,true,no,,,,,,,,,,no,,,,,,,,yes,GP01,,250,100,2000,,AUGP0825
36090030,Biscuit Wholesaling,36,true,no,,,,,,,,,,no,,,,,,,,yes,GP01,,250,100,2000,,AUGP0825
36090045,Breakfast Cereal Foods Wholesaling,36,true,no,,,,,,,,,,no,,,,,,,,yes,GP01,,250,100,2000,,AUGP0825
36090065,Canned Food Wholesaling,36,true,no,,,,,,,,,,no,,,,,,,,yes,GP01,,250,100,2000,,AUGP0825
36090120,Cereal Food Wholesaling,36,true,no,,,,,,,,,,no,,,,,,,,yes,GP01,,250,100,2000,,AUGP0825
36090130,Chinese Groceries Wholesaling,36,true,no,,,,,,,,,,no,,,,,,,,yes,GP01,,250,100,2000,,AUGP0825
36090135,Chocolate Confectionery Wholesaling,36,true,no,,,,,,,,,,no,,,,,,,,yes,GP01,,250,100,2000,,AUGP0825
36090140,Coffee Wholesaling,36,true,no,,,,,,,,,,no,,,,,,,,yes,GP01,,250,100,2000,,AUGP0825
36090145,Condiment Wholesaling,36,true,no,,,,,,,,,,no,,,,,,,,yes,GP01,,250,100,2000,,AUGP0825
36090150,Confectionery Wholesaling,36,true,no,,,,,,,,,,no,,,,,,,,yes,GP01,,250,100,2000,,AUGP0825
36090155,Cooking Oil Or Fat Wholesaling,36,true,no,,,,,,,,,,no,,,,,,,,yes,GP01,,250,100,2000,,AUGP0825
36090160,Cordial Wholesaling,36,true,no,,,,,,,,,,no,,,,,,,,yes,GP01,,250,100,2000,,AUGP0825
36090195,Dried Fruit Wholesaling,36,true,no,,,,,,,,,,no,,,,,,,,yes,GP01,,250,100,2000,,AUGP0825
36090201,Eastern Foods Wholesaling,36,true,no,,,,,,,,,,no,,,,,,,,yes,GP01,,250,100,2000,,AUGP0825
36090205,Egg And Egg Product Wholesaling,36,true,no,,,,,,,,,,no,,,,,,,,yes,GP01,,250,100,2000,,AUGP0825
36090236,Food Wholesaling N.e.c.,36,true,no,,,,,,,,,,no,,,,,,,,yes,GP01,,250,100,2000,,AUGP0825
36090245,Fruit Juice Wholesaling,36,true,no,,,,,,,,,,no,,,,,,,,yes,GP01,,250,100,2000,,AUGP0825
36090260,Health Food Wholesaling,36,true,no,,,,,,,,,,no,,,,,,,,yes,GP01,,250,100,2000,,AUGP0825
36090266,Herbs And Spices Wholesaling,36,true,no,,,,,,,,,,no,,,,,,,,yes,GP01,,250,100,2000,,AUGP0825
36090270,Honey Wholesaling,36,true,no,,,,,,,,,,no,,,,,,,,yes,GP01,,250,100,2000,,AUGP0825
36090280,Jam Wholesaling,36,true,no,,,,,,,,,,no,,,,,,,,yes,GP01,,250,100,2000,,AUGP0825
36090305,Margarine Wholesaling,36,true,no,,,,,,,,,,no,,,,,,,,yes,GP01,,250,100,2000,,AUGP0825
36090310,Milk Dried Condensed Or Concentrated Wholesaling,36,true,no,,,,,,,,,,no,,,,,,,,yes,GP01,,250,100,2000,,AUGP0825
36090315,Milled Or Polished Rice Wholesaling,36,true,no,,,,,,,,,,no,,,,,,,,yes,GP01,,250,100,2000,,AUGP0825
36090320,Nuts Wholesaling - Roasted Salted Or Sugar Coated,36,true,no,,,,,,,,,,no,,,,,,,,yes,GP01,,250,100,2000,,AUGP0825
36090355,Potato Crisp Wholesaling,36,true,no,,,,,,,,,,no,,,,,,,,yes,GP01,,250,100,2000,,AUGP0825
36090365,Preserved Fruit Or Vegetable Wholesaling,36,true,no,,,,,,,,,,no,,,,,,,,yes,GP01,,250,100,2000,,AUGP0825
36090405,Salt Household Wholesaling,36,true,no,,,,,,,,,,no,,,,,,,,yes,GP01,,250,100,2000,,AUGP0825
36090410,Sauce Wholesaling,36,true,no,,,,,,,,,,no,,,,,,,,yes,GP01,,250,100,2000,,AUGP0825
36090415,Seafood Canned Wholesaling,36,true,no,,,,,,,,,,no,,,,,,,,yes,GP01,,250,100,2000,,AUGP0825
36090425,Soft Drink Wholesaling,36,true,no,,,,,,,,,,no,,,,,,,,yes,GP01,,250,100,2000,,AUGP0825
36090445,Spice Wholesaling,36,true,no,,,,,,,,,,no,,,,,,,,yes,GP01,,250,100,2000,,AUGP0825
36090460,Tea Wholesaling,36,true,no,,,,,,,,,,no,,,,,,,,yes,GP01,,250,100,2000,,AUGP0825
36090480,Vinegar Wholesaling,36,true,no,,,,,,,,,,no,,,,,,,,yes,GP01,,250,100,2000,,AUGP0825
36090485,Yeast Wholesaling,36,true,no,,,,,,,,,,no,,,,,,,,yes,GP01,,250,100,2000,,AUGP0825
37110005,Awning Textile Wholesaling,37,true,no,,,,,,,,,,no,,,,,,,,yes,GP01,,250,100,2000,,AUGP0825
37110010,Bag Or Sack Textile Wholesaling,37,true,no,,,,,,,,,,no,,,,,,,,yes,GP01,,250,100,2000,,AUGP0825
37110020,Blanket Wholesaling,37,true,no,,,,,,,,,,no,,,,,,,,yes,GP01,,250,100,2000,,AUGP0825
37110025,Blind Textile Wholesaling,37,true,no,,,,,,,,,,no,,,,,,,,yes,GP01,,250,100,2000,,AUGP0825
37110035,Canvas Goods Wholesaling (Except Clothing Or Footwear),37,true,no,,,,,,,,,,no,,,,,,,,yes,GP01,,250,100,2000,,AUGP0825
37110040,Cordage Wholesaling,37,true,no,,,,,,,,,,no,,,,,,,,yes,GP01,,250,100,2000,,AUGP0825
37110045,Dress Materials Wholesaling,37,true,no,,,,,,,,,,no,,,,,,,,yes,GP01,,250,100,2000,,AUGP0825
37110050,Elasticised Fabrics Wholesaling,37,true,no,,,,,,,,,,no,,,,,,,,yes,GP01,,250,100,2000,,AUGP0825
37110055,Fabric Textile Wholesaling,37,true,no,,,,,,,,,,no,,,,,,,,yes,GP01,,250,100,2000,,AUGP0825
37110060,Felt Wholesaling (Except Floor Coverings),37,true,no,,,,,,,,,,no,,,,,,,,yes,GP01,,250,100,2000,,AUGP0825
37110065,Fibreglass Fabric Wholesaling,37,true,no,,,,,,,,,,no,,,,,,,,yes,GP01,,250,100,2000,,AUGP0825
37110080,Haberdashery Wholesaling,37,true,no,,,,,,,,,,no,,,,,,,,yes,GP01,,250,100,2000,,AUGP0825
37110085,Household Linen Wholesaling,37,true,no,,,,,,,,,,no,,,,,,,,yes,GP01,,250,100,2000,,AUGP0825
37110100,Lace Wholesaling,37,true,no,,,,,,,,,,no,,,,,,,,yes,GP01,,250,100,2000,,AUGP0825
37110110,Manchester Wholesaling,37,true,no,,,,,,,,,,no,,,,,,,,yes,GP01,,250,100,2000,,AUGP0825
37110125,Netting Textile Wholesaling,37,true,no,,,,,,,,,,no,,,,,,,,yes,GP01,,250,100,2000,,AUGP0825
37110135,Pillows Or Cushions Wholesaling,37,true,no,,,,,,,,,,no,,,,,,,,yes,GP01,,250,100,2000,,AUGP0825
37110140,Rope Wholesaling (Except Wire Rope),37,true,no,,,,,,,,,,no,,,,,,,,yes,GP01,,250,100,2000,,AUGP0825
37110145,Sail Cloth Wholesaling,37,true,no,,,,,,,,,,no,,,,,,,,yes,GP01,,250,100,2000,,AUGP0825
37110155,Sewing Thread Wholesaling,37,true,no,,,,,,,,,,no,,,,,,,,yes,GP01,,250,100,2000,,AUGP0825
37110160,Soft Furnishings Wholesaling,37,true,no,,,,,,,,,,no,,,,,,,,yes,GP01,,250,100,2000,,AUGP0825
37110165,String Wholesaling,37,true,no,,,,,,,,,,no,,,,,,,,yes,GP01,,250,100,2000,,AUGP0825
37110170,Tarpaulin Wholesaling,37,true,no,,,,,,,,,,no,,,,,,,,yes,GP01,,250,100,2000,,AUGP0825
37110175,Tent Wholesaling,37,true,no,,,,,,,,,,no,,,,,,,,yes,GP01,,250,100,2000,,AUGP0825
37110200,Textile Goods Wholesaling (Except Clothing Or Footwear),37,true,no,,,,,,,,,,no,,,,,,,,yes,GP01,,250,100,2000,,AUGP0825
37110210,Textile Trimmings Wholesaling,37,true,no,,,,,,,,,,no,,,,,,,,yes,GP01,,250,100,2000,,AUGP0825
37110245,Yarn Wholesaling,37,true,no,,,,,,,,,,no,,,,,,,,yes,GP01,,250,100,2000,,AUGP0825
37120025,Childrenswear Wholesaling,37,true,no,,,,,,,,,,no,,,,,,,,yes,GP01,,250,100,2000,,AUGP0825
37120030,Clothing Wholesaling,37,true,no,,,,,,,,,,no,,,,,,,,yes,GP01,,250,100,2000,,AUGP0825
37120045,Footwear Wholesaling,37,true,no,,,,,,,,,,no,,,,,,,,yes,GP01,,250,100,2000,,AUGP0825
37120060,Fur Clothing Wholesaling,37,true,no,,,,,,,,,,no,,,,,,,,yes,GP01,,250,100,2000,,AUGP0825
37120090,Hosiery Wholesaling,37,true,no,,,,,,,,,,no,,,,,,,,yes,GP01,,250,100,2000,,AUGP0825
37120115,Industrial Or Protective Clothing Wholesaling,37,true,no,,,,,,,,,,no,,,,,,,,yes,GP01,,250,100,2000,,AUGP0825
37120120,Infants And Babies Clothing Wholesaling,37,true,no,,,,,,,,,,no,,,,,,,,yes,GP01,,250,100,2000,,AUGP0825
37120125,Jeans Wholesaling,37,true,no,,,,,,,,,,no,,,,,,,,yes,GP01,,250,100,2000,,AUGP0825
37120130,Knitted Clothing Wholesaling,37,true,no,,,,,,,,,,no,,,,,,,,yes,GP01,,250,100,2000,,AUGP0825
37120135,Leather Clothing Wholesaling,37,true,no,,,,,,,,,,no,,,,,,,,yes,GP01,,250,100,2000,,AUGP0825
37120140,Lingerie Wholesaling,37,true,no,,,,,,,,,,no,,,,,,,,yes,GP01,,250,100,2000,,AUGP0825
37120150,Menswear Wholesaling,37,true,no,,,,,,,,,,no,,,,,,,,yes,GP01,,250,100,2000,,AUGP0825
37120155,Millinery Wholesaling,37,true,no,,,,,,,,,,no,,,,,,,,yes,GP01,,250,100,2000,,AUGP0825
37120225,Sports Clothing Wholesaling,37,true,no,,,,,,,,,,no,,,,,,,,yes,GP01,,250,100,2000,,AUGP0825
37120265,Underwear Wholesaling,37,true,no,,,,,,,,,,no,,,,,,,,yes,GP01,,250,100,2000,,AUGP0825
37200050,Cosmetic Wholesaling,37,true,no,,,,,,,,,,no,,,,,,,,yes,GP01,,250,100,2000,,AUGP0825
37200055,Dental Supplies Wholesaling (Except Equipment),37,true,no,,,,,,,,,,no,,,,,,,,yes,GP01,,250,100,2000,,AUGP0825
37200060,Detergent Wholesaling,37,true,no,,,,,,,,,,no,,,,,,,,yes,GP01,,250,100,2000,,AUGP0825
37200075,Drug Wholesaling,37,true,no,,,,,,,,,,no,,,,,,,,yes,GP01,,250,100,2000,,AUGP0825
37200100,Hairdressers Preparations Wholesaling,37,true,no,,,,,,,,,,no,,,,,,,,yes,GP01,,250,100,2000,,AUGP0825
37200130,Perfume Wholesaling,37,true,no,,,,,,,,,,no,,,,,,,,yes,GP01,,250,100,2000,,AUGP0825
37200140,Pharmaceutical Preparations Wholesaling,37,true,no,,,,,,,,,,no,,,,,,,,yes,GP01,,250,100,2000,,AUGP0825
37200155,Soap Wholesaling,37,true,no,,,,,,,,,,no,,,,,,,,yes,GP01,,250,100,2000,,AUGP0825
37200170,Toiletry Wholesaling,37,true,no,,,,,,,,,,no,,,,,,,,yes,GP01,,250,100,2000,,AUGP0825
37200185,Veterinary Medicine Wholesaling,37,true,no,,,,,,,,,,no,,,,,,,,yes,GP01,,250,100,2000,,AUGP0825
37310010,Beds Wholesaling,37,true,no,,,,,,,,,,no,,,,,,,,yes,GP01,,250,100,2000,,AUGP0825
37310015,Blind Wholesaling (Except Textile),37,true,no,,,,,,,,,,no,,,,,,,,yes,GP01,,250,100,2000,,AUGP0825
37310025,Carpet Wholesaling,37,true,no,,,,,,,,,,no,,,,,,,,yes,GP01,,250,100,2000,,AUGP0825
37310040,Floor Rug Wholesaling,37,true,no,,,,,,,,,,no,,,,,,,,yes,GP01,,250,100,2000,,AUGP0825
37310045,Floor Tile Wholesaling (Except Ceramic),37,true,no,,,,,,,,,,no,,,,,,,,yes,GP01,,250,100,2000,,AUGP0825
37310046,Flooring And Carpets Wholesaling,37,true,no,,,,,,,,,,no,,,,,,,,yes,GP01,,250,100,2000,,AUGP0825
37310050,Furniture Wholesaling,37,true,no,,,,,,,,,,no,,,,,,,,yes,GP01,,250,100,2000,,AUGP0825
37310061,"Indian, Persian Or Oriental Rugs Wholesaling",37,true,no,,,,,,,,,,no,,,,,,,,yes,GP01,,250,100,2000,,AUGP0825
37310070,Linoleum Wholesaling,37,true,no,,,,,,,,,,no,,,,,,,,yes,GP01,,250,100,2000,,AUGP0825
37310080,Mattress Wholesaling,37,true,no,,,,,,,,,,no,,,,,,,,yes,GP01,,250,100,2000,,AUGP0825
37310081,Metal Furniture Wholesaling,37,true,no,,,,,,,,,,no,,,,,,,,yes,GP01,,250,100,2000,,AUGP0825
37310082,Non-Metal Furniture Wholesaling,37,true,no,,,,,,,,,,no,,,,,,,,yes,GP01,,250,100,2000,,AUGP0825
37310085,Office Furniture Wholesaling,37,true,no,,,,,,,,,,no,,,,,,,,yes,GP01,,250,100,2000,,AUGP0825
37310086,Oriental Carpet Wholesaling,37,true,no,,,,,,,,,,no,,,,,,,,yes,GP01,,250,100,2000,,AUGP0825
37320005,Clock Wholesaling,37,true,no,,,,,,,,,,no,,,,,,,,yes,GP01,,250,100,2000,,AUGP0825
37320010,Costume Jewellery Wholesaling,37,true,no,,,,,,,,,,no,,,,,,,,yes,GP01,,250,100,2000,,AUGP0825
37320015,Gemstone Wholesaling,37,true,no,,,,,,,,,,no,,,,,,,,yes,GP01,,250,100,2000,,AUGP0825
37320020,Jewellery Wholesaling,37,true,no,,,,,,,,,,no,,,,,,,,yes,GP01,,250,100,2000,,AUGP0825
37320021,"Jewellery, Silverware, Goldware And Watch Wholesaling",37,true,no,,,,,,,,,,no,,,,,,,,yes,GP01,,250,100,2000,,AUGP0825
37320035,Precious Metals Wholesaling (Except Monetary Gold),37,true,no,,,,,,,,,,no,,,,,,,,yes,GP01,,250,100,2000,,AUGP0825
37320045,Religious Silverware Or Goldware Wholesaling,37,true,no,,,,,,,,,,no,,,,,,,,yes,GP01,,250,100,2000,,AUGP0825
37320050,Silverware Wholesaling,37,true,no,,,,,,,,,,no,,,,,,,,yes,GP01,,250,100,2000,,AUGP0825
37320055,Watch Or Clock Part Wholesaling,37,true,no,,,,,,,,,,no,,,,,,,,yes,GP01,,250,100,2000,,AUGP0825
37320060,Watch Wholesaling,37,true,no,,,,,,,,,,no,,,,,,,,yes,GP01,,250,100,2000,,AUGP0825
37330005,Brushware Wholesaling,37,true,no,,,,,,,,,,no,,,,,,,,yes,GP01,,250,100,2000,,AUGP0825
37330010,Candle Wholesaling,37,true,no,,,,,,,,,,no,,,,,,,,yes,GP01,,250,100,2000,,AUGP0825
37330020,Chinaware Wholesaling,37,true,no,,,,,,,,,,no,,,,,,,,yes,GP01,,250,100,2000,,AUGP0825
37330025,Cooking Utensil Wholesaling (Except Electric Appliances),37,true,no,,,,,,,,,,no,,,,,,,,yes,GP01,,250,100,2000,,AUGP0825
37330030,Crockery Wholesaling,37,true,no,,,,,,,,,,no,,,,,,,,yes,GP01,,250,100,2000,,AUGP0825
37330035,Cutlery Wholesaling,37,true,no,,,,,,,,,,no,,,,,,,,yes,GP01,,250,100,2000,,AUGP0825
37330040,Enamelware Wholesaling,37,true,no,,,,,,,,,,no,,,,,,,,yes,GP01,,250,100,2000,,AUGP0825
37330045,Glassware Wholesaling,37,true,no,,,,,,,,,,no,,,,,,,,yes,GP01,,250,100,2000,,AUGP0825
37330060,Household Ceramic Giftware Wholesaling,37,true,no,,,,,,,,,,no,,,,,,,,yes,GP01,,250,100,2000,,AUGP0825
37330070,Household Goods Wholesaling (Except Floor Coverings Furniture Or Household Appliances),37,true,no,,,,,,,,,,no,,,,,,,,yes,GP01,,250,100,2000,,AUGP0825
37330095,Kitchenware Wholesaling,37,true,no,,,,,,,,,,no,,,,,,,,yes,GP01,,250,100,2000,,AUGP0825
37330110,Tableware Wholesaling,37,true,no,,,,,,,,,,no,,,,,,,,yes,GP01,,250,100,2000,,AUGP0825
37340005,Ammunition Wholesaling,37,true,no,,,,,,,,,,no,,,,,,,,yes,GP01,,250,100,2000,,AUGP0825
37340025,Bicycle Wholesaling,37,true,no,,,,,,,,,,no,,,,,,,,yes,GP01,,250,100,2000,,AUGP0825
37340030,Camping Equipment Wholesaling (Except Tents),37,true,no,,,,,,,,,,no,,,,,,,,yes,GP01,,250,100,2000,,AUGP0825
37340045,Firearm Wholesaling,37,true,no,,,,,,,,,,no,,,,,,,,yes,GP01,,250,100,2000,,AUGP0825
37340050,Fireworks Wholesaling,37,true,no,,,,,,,,,,no,,,,,,,,yes,GP01,,250,100,2000,,AUGP0825
37340075,Golf Equipment Wholesaling (Except Clothing Or Footwear),37,true,no,,,,,,,,,,no,,,,,,,,yes,GP01,,250,100,2000,,AUGP0825
37340085,Gym Equipment Wholesaling,37,true,no,,,,,,,,,,no,,,,,,,,yes,GP01,,250,100,2000,,AUGP0825
37340090,Hobby Equipment Wholesaling (Except Tools),37,true,no,,,,,,,,,,no,,,,,,,,yes,GP01,,250,100,2000,,AUGP0825
37340115,Playground Equipment Wholesaling,37,true,no,,,,,,,,,,no,,,,,,,,yes,GP01,,250,100,2000,,AUGP0825
37340125,Skateboard Wholesaling,37,true,no,,,,,,,,,,no,,,,,,,,yes,GP01,,250,100,2000,,AUGP0825
37340130,Ski Equipment Wholesaling (Except Clothing Or Footwear),37,true,no,,,,,,,,,,no,,,,,,,,yes,GP01,,250,100,2000,,AUGP0825
37340135,Skin Diving Equipment Wholesaling,37,true,no,,,,,,,,,,no,,,,,,,,yes,GP01,,250,100,2000,,AUGP0825
37340140,Office Machines Or Equipment Wholesaling (Except Furniture Or Electrical Or Electronic Equipment),37,true,yes,ITCL01,1,250,250,1e+06,1,1e+07,,AUIT25,no,,,,,,,,yes,GP01,,250,100,2000,,AUGP0825
37340160,Toy Wholesaling,37,true,no,,,,,,,,,,no,,,,,,,,yes,GP01,,250,100,2000,,AUGP0825
37340170,Water Ski Equipment Wholesaling,37,true,no,,,,,,,,,,no,,,,,,,,yes,GP01,,250,100,2000,,AUGP0825
37350005,Book Wholesaling,37,true,no,,,,,,,,,,no,,,,,,,,yes,GP01,,250,100,2000,,AUGP0825
37350015,Magazine Wholesaling,37,true,no,,,,,,,,,,no,,,,,,,,yes,GP01,,250,100,2000,,AUGP0825
37350020,Newspaper Wholesaling,37,true,no,,,,,,,,,,no,,,,,,,,yes,GP01,,250,100,2000,,AUGP0825
37350030,Periodical Wholesaling,37,true,no,,,,,,,,,,no,,,,,,,,yes,GP01,,250,100,2000,,AUGP0825
37360005,Account Book Wholesaling,37,true,no,,,,,,,,,,no,,,,,,,,yes,GP01,,250,100,2000,,AUGP0825
37360010,Calendar Wholesaling,37,true,no,,,,,,,,,,no,,,,,,,,yes,GP01,,250,100,2000,,AUGP0825
37360015,Carbon Paper Wholesaling,37,true,no,,,,,,,,,,no,,,,,,,,yes,GP01,,250,100,2000,,AUGP0825
37360020,Cardboard Wholesaling,37,true,no,,,,,,,,,,no,,,,,,,,yes,GP01,,250,100,2000,,AUGP0825
37360070,Paper Bag Wholesaling,37,true,no,,,,,,,,,,no,,,,,,,,yes,GP01,,250,100,2000,,AUGP0825
37360071,Paper Product Wholesaling,37,true,no,,,,,,,,,,no,,,,,,,,yes,GP01,,250,100,2000,,AUGP0825
37360080,Paper Sack Wholesaling,37,true,no,,,,,,,,,,no,,,,,,,,yes,GP01,,250,100,2000,,AUGP0825
37360090,Paper Wholesaling,37,true,no,,,,,,,,,,no,,,,,,,,yes,GP01,,250,100,2000,,AUGP0825
37360125,Stationery Wholesaling,37,true,no,,,,,,,,,,no,,,,,,,,yes,GP01,,250,100,2000,,AUGP0825
37390005,Adhesive Cellulose Tape Wholesaling,37,true,no,,,,,,,,,,no,,,,,,,,yes,GP01,,250,100,2000,,AUGP0825
37390010,Antiques Wholesaling,37,true,no,,,,,,,,,,no,,,,,,,,yes,GP01,,250,100,2000,,AUGP0825
37390030,Artists Supplies Wholesaling,37,true,no,,,,,,,,,,no,,,,,,,,yes,GP01,,250,100,2000,,AUGP0825
37390040,Cake Decoration Wholesaling,37,true,no,,,,,,,,,,no,,,,,,,,yes,GP01,,250,100,2000,,AUGP0825
37390045,Can Metal Wholesaling,37,true,no,,,,,,,,,,no,,,,,,,,yes,GP01,,250,100,2000,,AUGP0825
37390050,Cask Wholesaling,37,true,no,,,,,,,,,,no,,,,,,,,yes,GP01,,250,100,2000,,AUGP0825
37390060,Chandlery - Ship Supplies,37,true,no,,,,,,,,,,no,,,,,,,,yes,GP01,,250,100,2000,,AUGP0825
37390065,Coffin Wholesaling,37,true,no,,,,,,,,,,no,,,,,,,,yes,GP01,,250,100,2000,,AUGP0825
37390070,Container Wholesaling (Except Of Paper Or Paperboard),37,true,no,,,,,,,,,,no,,,,,,,,yes,GP01,,250,100,2000,,AUGP0825
37390080,Crate Wooden Wholesaling,37,true,no,,,,,,,,,,no,,,,,,,,yes,GP01,,250,100,2000,,AUGP0825
37390105,Firewood Wholesaling,37,true,no,,,,,,,,,,no,,,,,,,,yes,GP01,,250,100,2000,,AUGP0825
37390110,Fur Dyed Or Dressed Wholesaling,37,true,no,,,,,,,,,,no,,,,,,,,yes,GP01,,250,100,2000,,AUGP0825
37390115,Glass Container Wholesaling,37,true,no,,,,,,,,,,no,,,,,,,,yes,GP01,,250,100,2000,,AUGP0825
37390150,Leather Good Wholesaling (Except Clothing Or Footwear),37,true,no,,,,,,,,,,no,,,,,,,,yes,GP01,,250,100,2000,,AUGP0825
37390155,Luggage Wholesaling,37,true,no,,,,,,,,,,no,,,,,,,,yes,GP01,,250,100,2000,,AUGP0825
37390170,Musical Instrument Wholesaling,37,true,no,,,,,,,,,,no,,,,,,,,yes,GP01,,250,100,2000,,AUGP0825
37390175,Non-metal Waste And Scrap Wholesaling,37,true,no,,,,,,,,,,no,,,,,,,,yes,GP01,,250,100,2000,,AUGP0825
37390190,Pet Food Wholesaling,37,true,no,,,,,,,,,,no,,,,,,,,yes,GP01,,250,100,2000,,AUGP0825
37390195,Pets Wholesaling,37,true,no,,,,,,,,,,no,,,,,,,,yes,GP01,,250,100,2000,,AUGP0825
37390210,Pool Cleaning Equipment Wholesaling,37,true,no,,,,,,,,,,no,,,,,,,,yes,GP01,,250,100,2000,,AUGP0825
37390225,Pre-recorded Entertainment Media Wholesaling,37,true,yes,ITCL01,1,250,250,1e+06,1,1e+07,,AUIT25,no,,,,,,,,yes,GP01,,250,100,2000,,AUGP0825
37390245,Second Hand Goods Wholesaling (Except Motor Vehicles And Motor Vehicle Parts),37,true,no,,,,,,,,,,no,,,,,,,,yes,GP01,,250,100,2000,,AUGP0825
37390260,Sheet Music Wholesaling,37,true,no,,,,,,,,,,no,,,,,,,,yes,GP01,,250,100,2000,,AUGP0825
37390285,Travel Goods Wholesaling,37,true,no,,,,,,,,,,no,,,,,,,,yes,GP01,,250,100,2000,,AUGP0825
37390320,Waste Rubber Wholesaling,37,true,no,,,,,,,,,,no,,,,,,,,yes,GP01,,250,100,2000,,AUGP0825
37390321,Wholesaling N.e.c.,37,true,no,,,,,,,,,,no,,,,,,,,yes,GP01,,250,100,2000,,AUGP0825
38000005,Antiques Auctioning Service,38,true,no,,,,,,,,,,no,,,,,,,,yes,GP01,,250,100,2000,,AUGP0825
38000010,Auction Rooms Operation,38,true,no,,,,,,,,,,no,,,,,,,,yes,GP01,,250,100,2000,,AUGP0825
38000020,Auctioning Livestock,38,true,no,,,,,,,,,,no,,,,,,,,yes,GP01,,250,100,2000,,AUGP0825
38000040,Auctioning Of Used Motor Vehicles,38,true,no,,,,,,,,,,no,,,,,,,,yes,GP01,,250,100,2000,,AUGP0825
38000050,Auctioning Service (Except Real Estate),38,true,no,,,,,,,,,,no,,,,,,,,yes,GP01,,250,100,2000,,AUGP0825
38000095,Other Goods Wholesale Broking,38,true,no,,,,,,,,,,no,,,,,,,,yes,GP01,,250,100,2000,,AUGP0825
67120005,Agricultural Land Renting Or Leasing,67,true,no,,,,,,,,,,no,,,,,,,,yes,GP01,,250,100,2000,,AUGP0825
98000103,Agricultural / Environmental Expert Witness,98,true,no,,,,,,,,,,no,,,,,,,,yes,GP01,,250,100,2000,,AUGP0825
39110005,Car Dealer - Retailing - New And/or Used,39,true,no,,,,,,,,,,no,,,,,,,,yes,GP01,,250,100,2000,,AUGP0825
39110010,New Car Retailing,39,true,no,,,,,,,,,,no,,,,,,,,yes,GP01,,250,100,2000,,AUGP0825
39110020,Second Hand Car Retailing,39,true,no,,,,,,,,,,no,,,,,,,,yes,GP01,,250,100,2000,,AUGP0825
39120005,All Terrain Vehicle Retailing,39,true,no,,,,,,,,,,no,,,,,,,,yes,GP01,,250,100,2000,,AUGP0825
39120010,Go-kart Motorised Retailing,39,true,no,,,,,,,,,,no,,,,,,,,yes,GP01,,250,100,2000,,AUGP0825
39120030,Motorised Minibike Retailing,39,true,no,,,,,,,,,,no,,,,,,,,yes,GP01,,250,100,2000,,AUGP0825
39120035,New Or Used Motor Cycle Or Scooter Retailing,39,true,no,,,,,,,,,,no,,,,,,,,yes,GP01,,250,100,2000,,AUGP0825
39130010,Caravan Retailing,39,true,no,,,,,,,,,,no,,,,,,,,yes,GP01,,250,100,2000,,AUGP0825
39130015,Horse Float Retailing,39,true,no,,,,,,,,,,no,,,,,,,,yes,GP01,,250,100,2000,,AUGP0825
39130025,Mobile Homes Or Cabins Retailing,39,true,no,,,,,,,,,,no,,,,,,,,yes,GP01,,250,100,2000,,AUGP0825
39130030,Trailer Retailing (Except Boat Trailers),39,true,no,,,,,,,,,,no,,,,,,,,yes,GP01,,250,100,2000,,AUGP0825
39130035,Used Caravan Retailing,39,true,no,,,,,,,,,,no,,,,,,,,yes,GP01,,250,100,2000,,AUGP0825
39210005,Automotive Air Conditioning Retailing,39,true,no,,,,,,,,,,no,,,,,,,,yes,GP01,,250,100,2000,,AUGP0825
39210010,Automotive Battery Retailing,39,true,no,,,,,,,,,,no,,,,,,,,yes,GP01,,250,100,2000,,AUGP0825
39210015,Car Radio Or Cd-player Retailing,39,true,no,,,,,,,,,,no,,,,,,,,yes,GP01,,250,100,2000,,AUGP0825
39210025,Caravan Battery Retailing,39,true,no,,,,,,,,,,no,,,,,,,,yes,GP01,,250,100,2000,,AUGP0825
39210050,Motor Vehicle Accessory Retailing,39,true,no,,,,,,,,,,no,,,,,,,,yes,GP01,,250,100,2000,,AUGP0825
39220005,Motor Cycle Or Scooter Tyre And Tube Retailing,39,true,no,,,,,,,,,,no,,,,,,,,yes,GP01,,250,100,2000,,AUGP0825
39220015,Sale Of Motor Vehicle Tyres And Tubes,39,true,no,,,,,,,,,,no,,,,,,,,yes,GP01,,250,100,2000,,AUGP0825
40000015,Automotive Cng Retailing,40,true,no,,,,,,,,,,no,,,,,,,,yes,GP01,,250,100,2000,,AUGP0825
40000025,Diesel Oil Retailing,40,true,no,,,,,,,,,,no,,,,,,,,yes,GP01,,250,100,2000,,AUGP0825
40000030,Distillate Retailing,40,true,no,,,,,,,,,,no,,,,,,,,yes,GP01,,250,100,2000,,AUGP0825
40000035,Engine Oil Retailing,40,true,no,,,,,,,,,,no,,,,,,,,yes,GP01,,250,100,2000,,AUGP0825
40000040,Kerosene Retailing,40,true,no,,,,,,,,,,no,,,,,,,,yes,GP01,,250,100,2000,,AUGP0825
40000045,LPG Automotive Retailing,40,true,no,,,,,,,,,,no,,,,,,,,yes,GP01,,250,100,2000,,AUGP0825
40000050,Lubricating Oil Or Grease Retailing,40,true,no,,,,,,,,,,no,,,,,,,,yes,GP01,,250,100,2000,,AUGP0825
40000056,Service Station Operation - With Mechanical Workshop,40,true,no,,,,,,,,,,no,,,,,,,,yes,GP01,,250,100,2000,,AUGP0825
40000057,Service Station Operation - With Car Wash,40,true,no,,,,,,,,,,no,,,,,,,,yes,GP01,,250,100,2000,,AUGP0825
40000058,Road House and Service Station,40,true,no,,,,,,,,,,no,,,,,,,,yes,GP01,,250,100,2000,,AUGP0825
40000060,Service Station Operation - Mainly Petrol Retailing,40,true,no,,,,,,,,,,no,,,,,,,,yes,GP01,,250,100,2000,,AUGP0825
41100005,Convenience Store Operation,41,true,no,,,,,,,,,,no,,,,,,,,yes,GP01,,250,100,2000,,AUGP0825
41100010,Corner Store Operation,41,true,no,,,,,,,,,,no,,,,,,,,yes,GP01,,250,100,2000,,AUGP0825
41100015,General Store - Mainly Supermarket,41,true,no,,,,,,,,,,no,,,,,,,,yes,GP01,,250,100,2000,,AUGP0825
41100020,General Store Operation - Mainly Grocery,41,true,no,,,,,,,,,,no,,,,,,,,yes,GP01,,250,100,2000,,AUGP0825
41100035,Grocery Retailing,41,true,no,,,,,,,,,,no,,,,,,,,yes,GP01,,250,100,2000,,AUGP0825
41100040,Grocery Supermarket Operation,41,true,no,,,,,,,,,,no,,,,,,,,yes,GP01,,250,100,2000,,AUGP0825
41100045,Milk Bar Operation - Predominantly Groceries,41,true,no,,,,,,,,,,no,,,,,,,,yes,GP01,,250,100,2000,,AUGP0825
41210005,Butcher's Shop Operation - Retailing,41,true,no,,,,,,,,,,no,,,,,,,,yes,GP01,,250,100,2000,,AUGP0825
41210010,Fish Fresh Retailing,41,true,no,,,,,,,,,,no,,,,,,,,yes,GP01,,250,100,2000,,AUGP0825
41210015,Meat Retailing (Except Canned Meat),41,true,no,,,,,,,,,,no,,,,,,,,yes,GP01,,250,100,2000,,AUGP0825
41210025,Poultry Fresh Retailing,41,true,no,,,,,,,,,,no,,,,,,,,yes,GP01,,250,100,2000,,AUGP0825
41210035,Seafood Fresh Retailing,41,true,no,,,,,,,,,,no,,,,,,,,yes,GP01,,250,100,2000,,AUGP0825
41220005,Fresh Fruit Or Vegetables Retailing,41,true,no,,,,,,,,,,no,,,,,,,,yes,GP01,,250,100,2000,,AUGP0825
41220010,Fruit Fresh Retailing,41,true,no,,,,,,,,,,no,,,,,,,,yes,GP01,,250,100,2000,,AUGP0825
41220020,Retail Greengrocery Operation,41,true,no,,,,,,,,,,no,,,,,,,,yes,GP01,,250,100,2000,,AUGP0825
41230005,Alcoholic Beverage Retailing - For Consumption Off The Premises Only,41,true,no,,,,,,,,,,no,,,,,,,,yes,GP01,,250,100,2000,,AUGP0825
41230025,Liquor Retailing - For Consumption Off The Premises,41,true,no,,,,,,,,,,no,,,,,,,,yes,GP01,,250,100,2000,,AUGP0825
41230040,Wine Retailing - For Consumption Off The Premises,41,true,no,,,,,,,,,,no,,,,,,,,yes,GP01,,250,100,2000,,AUGP0825
41290010,Bakery Products Retailing - Not Manufactured At Same Premises,41,true,no,,,,,,,,,,no,,,,,,,,yes,GP01,,250,100,2000,,AUGP0825
41290015,Biscuit Retailing - Not Manufactured On The Same Premises,41,true,no,,,,,,,,,,no,,,,,,,,yes,GP01,,250,100,2000,,AUGP0825
41290020,Bread Retailing - Not Manufactured On The Same Premises,41,true,no,,,,,,,,,,no,,,,,,,,yes,GP01,,250,100,2000,,AUGP0825
41290025,Bread Vendor - Not Manufactured On The Same Premises,41,true,no,,,,,,,,,,no,,,,,,,,yes,GP01,,250,100,2000,,AUGP0825
41290030,Cake Retailing - Not Manufactured On The Same Premises,41,true,no,,,,,,,,,,no,,,,,,,,yes,GP01,,250,100,2000,,AUGP0825
41290046,Cheesecake Retailing,41,true,no,,,,,,,,,,no,,,,,,,,yes,GP01,,250,100,2000,,AUGP0825
41290050,Confectionery Retailing,41,true,no,,,,,,,,,,no,,,,,,,,yes,GP01,,250,100,2000,,AUGP0825
41290060,Delicatessen Operation,41,true,no,,,,,,,,,,no,,,,,,,,yes,GP01,,250,100,2000,,AUGP0825
41290066,Eastern Foods Retailing,41,true,no,,,,,,,,,,no,,,,,,,,yes,GP01,,250,100,2000,,AUGP0825
41290105,Gourmet Shops,41,true,no,,,,,,,,,,no,,,,,,,,yes,GP01,,250,100,2000,,AUGP0825
41290110,Health Foods Retailing,41,true,no,,,,,,,,,,no,,,,,,,,yes,GP01,,250,100,2000,,AUGP0825
41290115,Herb Retailing,41,true,no,,,,,,,,,,no,,,,,,,,yes,GP01,,250,100,2000,,AUGP0825
41290125,Non-alcoholic Beverage Retailing,41,true,no,,,,,,,,,,no,,,,,,,,yes,GP01,,250,100,2000,,AUGP0825
41290145,Pie Retailing - Not Manufactured On The Same Premises Or For Immediate Consumption,41,true,no,,,,,,,,,,no,,,,,,,,yes,GP01,,250,100,2000,,AUGP0825
41290160,Smallgoods Retailing,41,true,no,,,,,,,,,,no,,,,,,,,yes,GP01,,250,100,2000,,AUGP0825
41290161,Specialised Food Retailing N.e.c.,41,true,no,,,,,,,,,,no,,,,,,,,yes,GP01,,250,100,2000,,AUGP0825
42110005,Antique Reproduction Furniture Retailing,42,true,no,,,,,,,,,,no,,,,,,,,yes,GP01,,250,100,2000,,AUGP0825
42110010,Awning Retailing,42,true,no,,,,,,,,,,no,,,,,,,,yes,GP01,,250,100,2000,,AUGP0825
42110015,Beds Retailing,42,true,no,,,,,,,,,,no,,,,,,,,yes,GP01,,250,100,2000,,AUGP0825
42110020,Blind Retailing,42,true,no,,,,,,,,,,no,,,,,,,,yes,GP01,,250,100,2000,,AUGP0825
42110035,Household Furniture Retailing,42,true,no,,,,,,,,,,no,,,,,,,,yes,GP01,,250,100,2000,,AUGP0825
42110045,Mattress Retailing,42,true,no,,,,,,,,,,no,,,,,,,,yes,GP01,,250,100,2000,,AUGP0825
42120010,Carpet Retailing,42,true,no,,,,,,,,,,no,,,,,,,,yes,GP01,,250,100,2000,,AUGP0825
42120015,Cork Floor Tile Retailing,42,true,no,,,,,,,,,,no,,,,,,,,yes,GP01,,250,100,2000,,AUGP0825
42120020,Floor Covering Retailing (Except Ceramic Floor Tiles),42,true,no,,,,,,,,,,no,,,,,,,,yes,GP01,,250,100,2000,,AUGP0825
42120025,Floor Rug Retailing,42,true,no,,,,,,,,,,no,,,,,,,,yes,GP01,,250,100,2000,,AUGP0825
42120030,Floor Tile Retailing - Lino Vinyl Cork Carpet Or Rubber,42,true,no,,,,,,,,,,no,,,,,,,,yes,GP01,,250,100,2000,,AUGP0825
42120040,Linoleum Retailing,42,true,no,,,,,,,,,,no,,,,,,,,yes,GP01,,250,100,2000,,AUGP0825
42120041,Oriental Carpets Retail,42,true,no,,,,,,,,,,no,,,,,,,,yes,GP01,,250,100,2000,,AUGP0825
42120045,Parquetry Retailing,42,true,no,,,,,,,,,,no,,,,,,,,yes,GP01,,250,100,2000,,AUGP0825
42130011,China Or Glassware Retailing,42,true,no,,,,,,,,,,no,,,,,,,,yes,GP01,,250,100,2000,,AUGP0825
42130015,Cooking Utensil Retailing (Except Electric),42,true,no,,,,,,,,,,no,,,,,,,,yes,GP01,,250,100,2000,,AUGP0825
42130020,Crockery Retailing,42,true,no,,,,,,,,,,no,,,,,,,,yes,GP01,,250,100,2000,,AUGP0825
42130025,Cutlery Retailing,42,true,no,,,,,,,,,,no,,,,,,,,yes,GP01,,250,100,2000,,AUGP0825
42130030,Enamelware Retailing,42,true,no,,,,,,,,,,no,,,,,,,,yes,GP01,,250,100,2000,,AUGP0825
42130035,Glassware Retailing,42,true,no,,,,,,,,,,no,,,,,,,,yes,GP01,,250,100,2000,,AUGP0825
42130040,Household Brushware Retailing,42,true,no,,,,,,,,,,no,,,,,,,,yes,GP01,,250,100,2000,,AUGP0825
42130045,Household Knives Retailing (Except Electric Appliances),42,true,no,,,,,,,,,,no,,,,,,,,yes,GP01,,250,100,2000,,AUGP0825
42130055,Houseware Retailing,42,true,no,,,,,,,,,,no,,,,,,,,yes,GP01,,250,100,2000,,AUGP0825
42130065,Kitchenware Retailing,42,true,no,,,,,,,,,,no,,,,,,,,yes,GP01,,250,100,2000,,AUGP0825
42130075,Plastic Container Retailing,42,true,no,,,,,,,,,,no,,,,,,,,yes,GP01,,250,100,2000,,AUGP0825
42130080,Silverware Retailing,42,true,no,,,,,,,,,,no,,,,,,,,yes,GP01,,250,100,2000,,AUGP0825
42140015,Curtain Retailing,42,true,no,,,,,,,,,,no,,,,,,,,yes,GP01,,250,100,2000,,AUGP0825
42140025,Dressmaking Requisites Retailing,42,true,no,,,,,,,,,,no,,,,,,,,yes,GP01,,250,100,2000,,AUGP0825
42140030,"Fabric, Textile, Retailing",42,true,no,,,,,,,,,,no,,,,,,,,yes,GP01,,250,100,2000,,AUGP0825
42140040,Haberdashery Retailing,42,true,no,,,,,,,,,,no,,,,,,,,yes,GP01,,250,100,2000,,AUGP0825
42140045,Household Linen Retailing,42,true,no,,,,,,,,,,no,,,,,,,,yes,GP01,,250,100,2000,,AUGP0825
42140050,Household Textile Retailing,42,true,no,,,,,,,,,,no,,,,,,,,yes,GP01,,250,100,2000,,AUGP0825
42140065,Manchester Goods Retailing,42,true,no,,,,,,,,,,no,,,,,,,,yes,GP01,,250,100,2000,,AUGP0825
42140066,Fabric And Other Soft Good Retailing,42,true,no,,,,,,,,,,no,,,,,,,,yes,GP01,,250,100,2000,,AUGP0825
42140095,Soft Furnishing Retailing,42,true,no,,,,,,,,,,no,,,,,,,,yes,GP01,,250,100,2000,,AUGP0825
42140105,Yarn Retailing,42,true,no,,,,,,,,,,no,,,,,,,,yes,GP01,,250,100,2000,,AUGP0825
42210005,Air Conditioner Retailing,42,true,no,,,,,,,,,,no,,,,,,,,yes,GP01,,250,100,2000,,AUGP0825
42210010,Appliance Electric Retailing,42,true,no,,,,,,,,,,no,,,,,,,,yes,GP01,,250,100,2000,,AUGP0825
42210015,Barbecue Retailing,42,true,no,,,,,,,,,,no,,,,,,,,yes,GP01,,250,100,2000,,AUGP0825
42210020,Camera Retailing,42,true,no,,,,,,,,,,no,,,,,,,,yes,GP01,,250,100,2000,,AUGP0825
42210055,Domestic Security System Retailing (Except With Installation),42,true,yes,ITCL01,1,250,250,1e+06,1,1e+07,,AUIT25,no,,,,,,,,yes,GP01,,250,100,2000,,AUGP0825
42210085,Fan Electric Retailing,42,true,no,,,,,,,,,,no,,,,,,,,yes,GP01,,250,100,2000,,AUGP0825
42210090,Floor Polisher Electric Retailing,42,true,no,,,,,,,,,,no,,,,,,,,yes,GP01,,250,100,2000,,AUGP0825
42210100,Heating Equipment Electric Or Gas Retailing,42,true,no,,,,,,,,,,no,,,,,,,,yes,GP01,,250,100,2000,,AUGP0825
42210115,Household Appliance Retailing,42,true,no,,,,,,,,,,no,,,,,,,,yes,GP01,,250,100,2000,,AUGP0825
42210120,Household Electric Cooking Utensils Retailing,42,true,no,,,,,,,,,,no,,,,,,,,yes,GP01,,250,100,2000,,AUGP0825
42210140,Household Electric Heating Equipment Retailing,42,true,no,,,,,,,,,,no,,,,,,,,yes,GP01,,250,100,2000,,AUGP0825
42210185,Household Freezer Retailing,42,true,no,,,,,,,,,,no,,,,,,,,yes,GP01,,250,100,2000,,AUGP0825
42210190,Household Fridge Retailing,42,true,no,,,,,,,,,,no,,,,,,,,yes,GP01,,250,100,2000,,AUGP0825
42210195,Household Gas Heating Appliance Retailing,42,true,no,,,,,,,,,,no,,,,,,,,yes,GP01,,250,100,2000,,AUGP0825
42210215,Household Kerosene Heater Retailing,42,true,no,,,,,,,,,,no,,,,,,,,yes,GP01,,250,100,2000,,AUGP0825
42210225,Household Microwave Oven Retailing,42,true,no,,,,,,,,,,no,,,,,,,,yes,GP01,,250,100,2000,,AUGP0825
42210230,Household Oil Heater Retailing,42,true,no,,,,,,,,,,no,,,,,,,,yes,GP01,,250,100,2000,,AUGP0825
42210240,Household Refrigerator Retailing,42,true,no,,,,,,,,,,no,,,,,,,,yes,GP01,,250,100,2000,,AUGP0825
42210245,Household Sewing Machine Retailing,42,true,no,,,,,,,,,,no,,,,,,,,yes,GP01,,250,100,2000,,AUGP0825
42210260,Household Sound Reproducing Equipment Retailing,42,true,yes,ITCL01,1,250,250,1e+06,1,1e+07,,AUIT25,no,,,,,,,,yes,GP01,,250,100,2000,,AUGP0825
42210275,Household Stove Retailing,42,true,no,,,,,,,,,,no,,,,,,,,yes,GP01,,250,100,2000,,AUGP0825
42210280,Household Washing Machine Retailing,42,true,no,,,,,,,,,,no,,,,,,,,yes,GP01,,250,100,2000,,AUGP0825
42210285,Household Whitegoods Retailing,42,true,no,,,,,,,,,,no,,,,,,,,yes,GP01,,250,100,2000,,AUGP0825
42210290,Knitting Machine Retailing,42,true,no,,,,,,,,,,no,,,,,,,,yes,GP01,,250,100,2000,,AUGP0825
42210295,Mobile Phone Battery Retailing,42,true,yes,ITCL01,1,250,250,1e+06,1,1e+07,,AUIT25,no,,,,,,,,yes,GP01,,250,100,2000,,AUGP0825
42210311,Mobile Phone And Accessories Retail,42,true,yes,ITCL01,1,250,250,1e+06,1,1e+07,,AUIT25,no,,,,,,,,yes,GP01,,250,100,2000,,AUGP0825
42210330,Photographic Equipment Retailing,42,true,yes,ITCL01,1,250,250,1e+06,1,1e+07,,AUIT25,no,,,,,,,,yes,GP01,,250,100,2000,,AUGP0825
42210335,Pocket Calculator Electronic Retailing,42,true,yes,ITCL01,1,250,250,1e+06,1,1e+07,,AUIT25,no,,,,,,,,yes,GP01,,250,100,2000,,AUGP0825
42210340,Projector Retailing,42,true,yes,ITCL01,1,250,250,1e+06,1,1e+07,,AUIT25,no,,,,,,,,yes,GP01,,250,100,2000,,AUGP0825
42210345,Radio Receiving Set Retailing (Except Car Radios),42,true,yes,ITCL01,1,250,250,1e+06,1,1e+07,,AU0825,no,,,,,,,,yes,GP01,,250,100,2000,,AUGP0825
42210365,Shaver Electric Retailing,42,true,no,,,,,,,,,,no,,,,,,,,yes,GP01,,250,100,2000,,AUGP0825
42210370,Smoke Alarm Detectors Retailing,42,true,no,,,,,,,,,,no,,,,,,,,yes,GP01,,250,100,2000,,AUGP0825
42210385,Stove Retailing,42,true,no,,,,,,,,,,no,,,,,,,,yes,GP01,,250,100,2000,,AUGP0825
42210395,Telephone Retailing Including Mobile Phones,42,true,yes,ITCL01,1,250,250,1e+06,1,1e+07,,AU0825,no,,,,,,,,yes,GP01,,250,100,2000,,AUGP0825
42210400,Television Antennae Retailing,42,true,yes,ITCL01,1,250,250,1e+06,1,1e+07,,AU0825,no,,,,,,,,yes,GP01,,250,100,2000,,AUGP0825
42210415,Vacuum Cleaner Retailing,42,true,no,,,,,,,,,,no,,,,,,,,yes,GP01,,250,100,2000,,AUGP0825
42210420,Video Camera Retailing,42,true,yes,ITCL01,1,250,250,1e+06,1,1e+07,,AU0825,no,,,,,,,,yes,GP01,,250,100,2000,,AUGP0825
42220020,Computer Hardware Retailing,42,true,yes,ITCL01,1,250,250,1e+06,1,1e+07,,AU0825,no,,,,,,,,yes,GP01,,250,100,2000,,AUGP0825
42220040,Computer Software Retailing (Except Computer Games),42,true,yes,ITCL01,1,250,250,1e+06,1,1e+07,,AU0825,no,,,,,,,,yes,GP01,,250,100,2000,,AUGP0825
42290005,Dry Cell Battery Retailing,42,true,no,,,,,,,,,,no,,,,,,,,yes,GP01,,250,100,2000,,AUGP0825
42290015,Electric Lighting Retailing,42,true,no,,,,,,,,,,no,,,,,,,,yes,GP01,,250,100,2000,,AUGP0825
42290020,Karaoke Equipment Retailing,42,true,yes,ITCL01,1,250,250,1e+06,1,1e+07,,AU0825,no,,,,,,,,yes,GP01,,250,100,2000,,AUGP0825
42310010,Bathroom Or Toilet Fittings Retailing,42,true,no,,,,,,,,,,no,,,,,,,,yes,GP01,,250,100,2000,,AUGP0825
42310035,Ceramic Floor Or Wall Tile Retailing,42,true,no,,,,,,,,,,no,,,,,,,,yes,GP01,,250,100,2000,,AUGP0825
42310045,Domestic Hardware Retailing,42,true,no,,,,,,,,,,no,,,,,,,,yes,GP01,,250,100,2000,,AUGP0825
42310065,Garden Tool Retailing,42,true,no,,,,,,,,,,no,,,,,,,,yes,GP01,,250,100,2000,,AUGP0825
42310100,Hardware Retailing,42,true,no,,,,,,,,,,no,,,,,,,,yes,GP01,,250,100,2000,,AUGP0825
42310125,Lawn Mower Retailing,42,true,no,,,,,,,,,,no,,,,,,,,yes,GP01,,250,100,2000,,AUGP0825
42310150,Paint Retailing,42,true,no,,,,,,,,,,no,,,,,,,,yes,GP01,,250,100,2000,,AUGP0825
42310196,Power Tools Retailing,42,true,no,,,,,,,,,,no,,,,,,,,yes,GP01,,250,100,2000,,AUGP0825
42310255,Timber Retailing,42,true,no,,,,,,,,,,no,,,,,,,,yes,GP01,,250,100,2000,,AUGP0825
42310260,Tool Retailing,42,true,no,,,,,,,,,,no,,,,,,,,yes,GP01,,250,100,2000,,AUGP0825
42310275,Wallpaper Retailing,42,true,no,,,,,,,,,,no,,,,,,,,yes,GP01,,250,100,2000,,AUGP0825
42320005,Bulb Flower Retailing,42,true,no,,,,,,,,,,no,,,,,,,,yes,GP01,,250,100,2000,,AUGP0825
42320010,Fertiliser Retailing,42,true,no,,,,,,,,,,no,,,,,,,,yes,GP01,,250,100,2000,,AUGP0825
42320020,Flower Tubers Retailing,42,true,no,,,,,,,,,,no,,,,,,,,yes,GP01,,250,100,2000,,AUGP0825
42320025,Garden Nursery Retailing,42,true,no,,,,,,,,,,no,,,,,,,,yes,GP01,,250,100,2000,,AUGP0825
42320030,Garden Ornament Retailing,42,true,no,,,,,,,,,,no,,,,,,,,yes,GP01,,250,100,2000,,AUGP0825
42320035,Garden Plant Retailing,42,true,no,,,,,,,,,,no,,,,,,,,yes,GP01,,250,100,2000,,AUGP0825
42320050,Landscape Supplies Retailing (Except Sand Gravel And Other Building Supplies),42,true,no,,,,,,,,,,no,,,,,,,,yes,GP01,,250,100,2000,,AUGP0825
42320055,Nursery Stock Retailing,42,true,no,,,,,,,,,,no,,,,,,,,yes,GP01,,250,100,2000,,AUGP0825
42320060,Pesticide Retailing,42,true,no,,,,,,,,,,no,,,,,,,,yes,GP01,,250,100,2000,,AUGP0825
42320065,Plant Pots Retailing,42,true,no,,,,,,,,,,no,,,,,,,,yes,GP01,,250,100,2000,,AUGP0825
42320070,Plant Garden Retailing,42,true,no,,,,,,,,,,no,,,,,,,,yes,GP01,,250,100,2000,,AUGP0825
42320090,Seed Garden Retailing,42,true,no,,,,,,,,,,no,,,,,,,,yes,GP01,,250,100,2000,,AUGP0825
42320095,Seedling Retailing,42,true,no,,,,,,,,,,no,,,,,,,,yes,GP01,,250,100,2000,,AUGP0825
42320100,Shrub Or Tree Retailing,42,true,no,,,,,,,,,,no,,,,,,,,yes,GP01,,250,100,2000,,AUGP0825
42410015,Bicycle Retailing,42,true,no,,,,,,,,,,no,,,,,,,,yes,GP01,,250,100,2000,,AUGP0825
42410020,Camping Equipment Retailing,42,true,no,,,,,,,,,,no,,,,,,,,yes,GP01,,250,100,2000,,AUGP0825
42410040,Firearm Retailing,42,true,no,,,,,,,,,,no,,,,,,,,yes,GP01,,250,100,2000,,AUGP0825
42410045,Fishing Equipment Retailing (Except Clothing Or Footwear),42,true,no,,,,,,,,,,no,,,,,,,,yes,GP01,,250,100,2000,,AUGP0825
42410055,Fitness Equipment Retailing,42,true,no,,,,,,,,,,no,,,,,,,,yes,GP01,,250,100,2000,,AUGP0825
42410065,Golfing Equipment Retailing,42,true,no,,,,,,,,,,no,,,,,,,,yes,GP01,,250,100,2000,,AUGP0825
42410085,Gymnasium Equipment Retailing,42,true,no,,,,,,,,,,no,,,,,,,,yes,GP01,,250,100,2000,,AUGP0825
42410125,Ski Equipment Retailing (Except Clothing Or Footwear),42,true,no,,,,,,,,,,no,,,,,,,,yes,GP01,,250,100,2000,,AUGP0825
42410140,Snow Ski Retailing,42,true,no,,,,,,,,,,no,,,,,,,,yes,GP01,,250,100,2000,,AUGP0825
42410150,Sporting Goods Retailing (Except Clothing Or Footwear),42,true,no,,,,,,,,,,no,,,,,,,,yes,GP01,,250,100,2000,,AUGP0825
42410180,Water Ski Equipment Retailing,42,true,no,,,,,,,,,,no,,,,,,,,yes,GP01,,250,100,2000,,AUGP0825
42410185,Wet Suits Retailing,42,true,no,,,,,,,,,,no,,,,,,,,yes,GP01,,250,100,2000,,AUGP0825
42420036,Entertainment Media Retailing,42,true,yes,ITCL01,1,250,250,1e+06,1,1e+07,,AU0825,no,,,,,,,,yes,GP01,,250,100,2000,,AUGP0825
42420045,Phonograph Record Retailing,42,true,yes,ITCL01,1,250,250,1e+06,1,1e+07,,AU0825,no,,,,,,,,yes,GP01,,250,100,2000,,AUGP0825
42420055,Recorded Music Retailing,42,true,yes,ITCL01,1,250,250,1e+06,1,1e+07,,AU0825,no,,,,,,,,yes,GP01,,250,100,2000,,AUGP0825
42420065,Video Cassette Retailing,42,true,yes,ITCL01,1,250,250,1e+06,1,1e+07,,AU0825,no,,,,,,,,yes,GP01,,250,100,2000,,AUGP0825
42430010,Doll Retailing,42,true,no,,,,,,,,,,no,,,,,,,,yes,GP01,,250,100,2000,,AUGP0825
42430020,Games Retailing (Except Television Computer Or Video),42,true,no,,,,,,,,,,no,,,,,,,,yes,GP01,,250,100,2000,,AUGP0825
42430030,Hobby Shop Operation,42,true,no,,,,,,,,,,no,,,,,,,,yes,GP01,,250,100,2000,,AUGP0825
42430035,Hobby Supplies Retailing (Except Artists Supplies),42,true,no,,,,,,,,,,no,,,,,,,,yes,GP01,,250,100,2000,,AUGP0825
42430056,Toy And Hobby Retailing,42,true,no,,,,,,,,,,no,,,,,,,,yes,GP01,,250,100,2000,,AUGP0825
42440005,Book Retailing,42,true,no,,,,,,,,,,no,,,,,,,,yes,GP01,,250,100,2000,,AUGP0825
42440011,Bookshop With Cafe,42,true,no,,,,,,,,,,no,,,,,,,,yes,GP01,,250,100,2000,,AUGP0825
42440015,Magazine Retailing,42,true,no,,,,,,,,,,no,,,,,,,,yes,GP01,,250,100,2000,,AUGP0825
42440020,Newsagent Operation,42,true,no,,,,,,,,,,no,,,,,,,,yes,GP01,,250,100,2000,,AUGP0825
42440025,Newspaper Retailing,42,true,no,,,,,,,,,,no,,,,,,,,yes,GP01,,250,100,2000,,AUGP0825
42440030,Periodical Retailing,42,true,no,,,,,,,,,,no,,,,,,,,yes,GP01,,250,100,2000,,AUGP0825
42450005,Boat Retailing - Including Used,42,true,no,,,,,,,,,,no,,,,,,,,yes,GP01,,250,100,2000,,AUGP0825
42450010,Boat Trailer Retailing,42,true,no,,,,,,,,,,no,,,,,,,,yes,GP01,,250,100,2000,,AUGP0825
42450030,Marine Accessory Retailing,42,true,no,,,,,,,,,,no,,,,,,,,yes,GP01,,250,100,2000,,AUGP0825
42450040,Outboard Motor Retailing,42,true,no,,,,,,,,,,no,,,,,,,,yes,GP01,,250,100,2000,,AUGP0825
42450045,Sailing Or Nautical Accessory Retailing,42,true,no,,,,,,,,,,no,,,,,,,,yes,GP01,,250,100,2000,,AUGP0825
42450050,Yacht Retailing,42,true,no,,,,,,,,,,no,,,,,,,,yes,GP01,,250,100,2000,,AUGP0825
42510005,Babywear Retailing,42,true,no,,,,,,,,,,no,,,,,,,,yes,GP01,,250,100,2000,,AUGP0825
42510020,Bridal Gown Retailing,42,true,no,,,,,,,,,,no,,,,,,,,yes,GP01,,250,100,2000,,AUGP0825
42510025,Clothing Accessory Retailing,42,true,no,,,,,,,,,,no,,,,,,,,yes,GP01,,250,100,2000,,AUGP0825
42510030,Clothing Retailing,42,true,no,,,,,,,,,,no,,,,,,,,yes,GP01,,250,100,2000,,AUGP0825
42510040,Fashion Boutique Operation,42,true,no,,,,,,,,,,no,,,,,,,,yes,GP01,,250,100,2000,,AUGP0825
42510045,Fashion Wear Retailing,42,true,no,,,,,,,,,,no,,,,,,,,yes,GP01,,250,100,2000,,AUGP0825
42510050,Foundation Garment Retailing,42,true,no,,,,,,,,,,no,,,,,,,,yes,GP01,,250,100,2000,,AUGP0825
42510060,Fur Clothing Retailing,42,true,no,,,,,,,,,,no,,,,,,,,yes,GP01,,250,100,2000,,AUGP0825
42510070,Glove Retailing,42,true,no,,,,,,,,,,no,,,,,,,,yes,GP01,,250,100,2000,,AUGP0825
42510080,Hats Retailing,42,true,no,,,,,,,,,,no,,,,,,,,yes,GP01,,250,100,2000,,AUGP0825
42510090,Hosiery Retailing,42,true,no,,,,,,,,,,no,,,,,,,,yes,GP01,,250,100,2000,,AUGP0825
42510095,Jeans Retailing,42,true,no,,,,,,,,,,no,,,,,,,,yes,GP01,,250,100,2000,,AUGP0825
42510100,Knitted Clothing Retailing,42,true,no,,,,,,,,,,no,,,,,,,,yes,GP01,,250,100,2000,,AUGP0825
42510105,Ladieswear Retailing,42,true,no,,,,,,,,,,no,,,,,,,,yes,GP01,,250,100,2000,,AUGP0825
42510110,Leather Apparel Retailing,42,true,no,,,,,,,,,,no,,,,,,,,yes,GP01,,250,100,2000,,AUGP0825
42510120,Lingerie Retailing,42,true,no,,,,,,,,,,no,,,,,,,,yes,GP01,,250,100,2000,,AUGP0825
42510125,Menswear Retailing,42,true,no,,,,,,,,,,no,,,,,,,,yes,GP01,,250,100,2000,,AUGP0825
42510130,Millinery Retailing,42,true,no,,,,,,,,,,no,,,,,,,,yes,GP01,,250,100,2000,,AUGP0825
42510150,Protective Clothing Retailing,42,true,no,,,,,,,,,,no,,,,,,,,yes,GP01,,250,100,2000,,AUGP0825
42510195,Sportswear Retailing,42,true,no,,,,,,,,,,no,,,,,,,,yes,GP01,,250,100,2000,,AUGP0825
42510210,Uniform Retailing - Clothing,42,true,no,,,,,,,,,,no,,,,,,,,yes,GP01,,250,100,2000,,AUGP0825
42510215,Womenswear Retailing,42,true,no,,,,,,,,,,no,,,,,,,,yes,GP01,,250,100,2000,,AUGP0825
42520005,Boot Retailing,42,true,no,,,,,,,,,,no,,,,,,,,yes,GP01,,250,100,2000,,AUGP0825
42520010,Footwear Retailing,42,true,no,,,,,,,,,,no,,,,,,,,yes,GP01,,250,100,2000,,AUGP0825
42520015,Footwear Store Operation,42,true,no,,,,,,,,,,no,,,,,,,,yes,GP01,,250,100,2000,,AUGP0825
42520020,Shoe Retailing,42,true,no,,,,,,,,,,no,,,,,,,,yes,GP01,,250,100,2000,,AUGP0825
42520025,Slipper Retailing,42,true,no,,,,,,,,,,no,,,,,,,,yes,GP01,,250,100,2000,,AUGP0825
42520030,Sports Footwear Retailing,42,true,no,,,,,,,,,,no,,,,,,,,yes,GP01,,250,100,2000,,AUGP0825
42530005,Costume Jewellery Retailing (Except By Direct Selling),42,true,no,,,,,,,,,,no,,,,,,,,yes,GP01,,250,100,2000,,AUGP0825
42530010,Jewellery Retailing (Except Second Hand Or By Direct Selling),42,true,no,,,,,,,,,,no,,,,,,,,yes,GP01,,250,100,2000,,AUGP0825
42530015,Precious Metals Retailing (Except Monetary Gold),42,true,no,,,,,,,,,,no,,,,,,,,yes,GP01,,250,100,2000,,AUGP0825
42530020,Trophy Retailing,42,true,no,,,,,,,,,,no,,,,,,,,yes,GP01,,250,100,2000,,AUGP0825
42530025,Watch Retailing,42,true,no,,,,,,,,,,no,,,,,,,,yes,GP01,,250,100,2000,,AUGP0825
42590005,Brief Case Retailing (Except By Direct Selling),42,true,no,,,,,,,,,,no,,,,,,,,yes,GP01,,250,100,2000,,AUGP0825
42590015,Hairpiece Retailing,42,true,no,,,,,,,,,,no,,,,,,,,yes,GP01,,250,100,2000,,AUGP0825
42590020,Handbag Retailing,42,true,no,,,,,,,,,,no,,,,,,,,yes,GP01,,250,100,2000,,AUGP0825
42590030,Leather Goods Retailing (Except Apparel Clothing And Footwear),42,true,no,,,,,,,,,,no,,,,,,,,yes,GP01,,250,100,2000,,AUGP0825
42590035,Luggage Retailing (Except By Direct Selling),42,true,no,,,,,,,,,,no,,,,,,,,yes,GP01,,250,100,2000,,AUGP0825
42590045,Sunglass Retailing,42,true,no,,,,,,,,,,yes,AHCL01,AH01,100,150,$1m PI $10m PL,,AUAH25,yes,GP01,,250,100,2000,,AUGP0825
42590050,Umbrella Retailing,42,true,no,,,,,,,,,,no,,,,,,,,yes,GP01,,250,100,2000,,AUGP0825
42600005,Department Store Operation,42,true,no,,,,,,,,,,no,,,,,,,,yes,GP01,,250,100,2000,,AUGP0825
42710005,Bandages/dressings Retailing - Medical,42,true,no,,,,,,,,,,no,,,,,,,,yes,GP01,,250,100,2000,,AUGP0825
42710006,Chemist Operation,42,true,no,,,,,,,,,,yes,AHCL02,AH15,100,450,$1m PI $10m PL,,AUAH25,yes,GP01,,250,100,2000,,AUGP0825
42710010,Cosmetics Retailing - Other Than By Direct Selling,42,true,no,,,,,,,,,,yes,AHCL01,AH01,100,150,$1m PI $10m PL,AUAH0006,AUAH25,yes,GP01,,250,100,2000,,AUGP0825
42710025,Drugs Retailing,42,true,no,,,,,,,,,,yes,AHCL02,AH15,100,450,$1m PI $10m PL,,AUAH25,yes,GP01,,250,100,2000,,AUGP0825
42710030,Medicinal Prescriptions Dispensing,42,true,no,,,,,,,,,,yes,AHCL02,AH15,100,450,$1m PI $10m PL,,AUAH25,yes,GP01,,250,100,2000,,AUGP0825
42710040,Medicine Retailing,42,true,no,,,,,,,,,,yes,AHCL02,AH15,100,450,$1m PI $10m PL,,AUAH25,yes,GP01,,250,100,2000,,AUGP0825
42710045,Patent Medicines Retailing - Other Than By Direct Selling,42,true,no,,,,,,,,,,yes,AHCL02,AH15,100,450,$1m PI $10m PL,,AUAH25,yes,GP01,,250,100,2000,,AUGP0825
42710050,Perfume Retailing - Other Than By Direct Selling,42,true,no,,,,,,,,,,no,,,,,,,,yes,GP01,,250,100,2000,,AUGP0825
42710060,Pharmacy Retailing Operation,42,true,no,,,,,,,,,,yes,AHCL02,AH15,100,450,$1m PI $10m PL,,AUAH25,yes,GP01,,250,100,2000,,AUGP0825
42710095,Toiletry Retailing,42,true,no,,,,,,,,,,no,,,,,,,,yes,GP01,,250,100,2000,,AUGP0825
42720005,Artists' Supplies Retailing,42,true,no,,,,,,,,,,no,,,,,,,,yes,GP01,,250,100,2000,,AUGP0825
42720030,Stationery Retailing,42,true,no,,,,,,,,,,no,,,,,,,,yes,GP01,,250,100,2000,,AUGP0825
42720035,Writing Material Retailing,42,true,no,,,,,,,,,,no,,,,,,,,yes,GP01,,250,100,2000,,AUGP0825
42730010,Antiques Retailing,42,true,no,,,,,,,,,,no,,,,,,,,yes,GP01,,250,100,2000,,AUGP0825
42730025,Coin Retailing,42,true,no,,,,,,,,,,no,,,,,,,,yes,GP01,,250,100,2000,,AUGP0825
42730030,Disposal Store Operation Mainly Second Hand Or Used,42,true,no,,,,,,,,,,no,,,,,,,,yes,GP01,,250,100,2000,,AUGP0825
42730045,Pawnbroking,42,true,no,,,,,,,,,,no,,,,,,,,yes,GP01,,250,100,2000,,AUGP0825
42730055,Second Hand Books Retailing,42,true,no,,,,,,,,,,no,,,,,,,,yes,GP01,,250,100,2000,,AUGP0825
42730060,Second Hand Clothes Retailing,42,true,no,,,,,,,,,,no,,,,,,,,yes,GP01,,250,100,2000,,AUGP0825
42730065,Second Hand Furniture Retailing,42,true,no,,,,,,,,,,no,,,,,,,,yes,GP01,,250,100,2000,,AUGP0825
42730070,Second Hand Goods Retailing (Except Motor Vehicles),42,true,no,,,,,,,,,,no,,,,,,,,yes,GP01,,250,100,2000,,AUGP0825
42730071,Second Hand Goods Dealer,42,true,no,,,,,,,,,,no,,,,,,,,yes,GP01,,250,100,2000,,AUGP0825
42730075,Second Hand Jewellery Retailing,42,true,no,,,,,,,,,,no,,,,,,,,yes,GP01,,250,100,2000,,AUGP0825
42730095,Stamp Retailing,42,true,no,,,,,,,,,,no,,,,,,,,yes,GP01,,250,100,2000,,AUGP0825
42740015,Dried Flower Retailing,42,true,no,,,,,,,,,,no,,,,,,,,yes,GP01,,250,100,2000,,AUGP0825
42740020,Florist Retailing Operation,42,true,no,,,,,,,,,,no,,,,,,,,yes,GP01,,250,100,2000,,AUGP0825
42790010,Adult Shop Operation,42,true,no,,,,,,,,,,no,,,,,,,,yes,GP01,,250,100,2000,,AUGP0825
42790015,Aquarium Retailing,42,true,no,,,,,,,,,,no,,,,,,,,yes,GP01,,250,100,2000,,AUGP0825
42790020,Art And Craft Retailing,42,true,no,,,,,,,,,,no,,,,,,,,yes,GP01,,250,100,2000,,AUGP0825
42790025,Art Dealers Retailing (Except By Direct Selling),42,true,no,,,,,,,,,,no,,,,,,,,yes,GP01,,250,100,2000,,AUGP0825
42790030,Art Gallery Operation - Retailing,42,true,no,,,,,,,,,,no,,,,,,,,yes,GP01,,250,100,2000,,AUGP0825
42790050,Briquette Retailing,42,true,no,,,,,,,,,,no,,,,,,,,yes,GP01,,250,100,2000,,AUGP0825
42790055,Candle Retailing,42,true,no,,,,,,,,,,no,,,,,,,,yes,GP01,,250,100,2000,,AUGP0825
42790075,Clock Retailing,42,true,no,,,,,,,,,,no,,,,,,,,yes,GP01,,250,100,2000,,AUGP0825
42790076,Clock And Watch Repair,42,true,no,,,,,,,,,,no,,,,,,,,yes,GP01,,250,100,2000,,AUGP0825
42790080,Coal Retailing,42,true,no,,,,,,,,,,no,,,,,,,,yes,GP01,,250,100,2000,,AUGP0825
42790085,Coke Retailing,42,true,no,,,,,,,,,,no,,,,,,,,yes,GP01,,250,100,2000,,AUGP0825
42790110,Discount Store Operation,42,true,no,,,,,,,,,,no,,,,,,,,yes,GP01,,250,100,2000,,AUGP0825
42790120,Disposal Store Operation Mainly New,42,true,no,,,,,,,,,,no,,,,,,,,yes,GP01,,250,100,2000,,AUGP0825
42790125,Duty Free Store,42,true,no,,,,,,,,,,no,,,,,,,,yes,GP01,,250,100,2000,,AUGP0825
42790135,Firewood Cutting And Retailing (Except By Direct Selling),42,true,no,,,,,,,,,,no,,,,,,,,yes,GP01,,250,100,2000,,AUGP0825
42790145,Fireworks Retailing (Except By Direct Selling),42,true,no,,,,,,,,,,no,,,,,,,,yes,GP01,,250,100,2000,,AUGP0825
42790155,Gift Shop Operation (Except Adult/sex Shop),42,true,no,,,,,,,,,,no,,,,,,,,yes,GP01,,250,100,2000,,AUGP0825
42790160,Greeting Card Retailing (Except As Part Of A Newsagent Operation),42,true,no,,,,,,,,,,no,,,,,,,,yes,GP01,,250,100,2000,,AUGP0825
42790185,Ice Retailing (Except By Direct Selling),42,true,no,,,,,,,,,,no,,,,,,,,yes,GP01,,250,100,2000,,AUGP0825
42790195,Map Retailing (Except As Part Of A Newsagent Operation),42,true,no,,,,,,,,,,no,,,,,,,,yes,GP01,,250,100,2000,,AUGP0825
42790200,Mirror Frame Retailing,42,true,no,,,,,,,,,,no,,,,,,,,yes,GP01,,250,100,2000,,AUGP0825
42790205,Monetary Gold Retailing,42,true,no,,,,,,,,,,no,,,,,,,,yes,GP01,,250,100,2000,,AUGP0825
42790210,Musical Instrument Retailing (Except By Direct Selling),42,true,no,,,,,,,,,,no,,,,,,,,yes,GP01,,250,100,2000,,AUGP0825
42790215,Musical Instrument Strings Retailing (Except By Direct Selling),42,true,no,,,,,,,,,,no,,,,,,,,yes,GP01,,250,100,2000,,AUGP0825
42790216,Other Retailing - N.e.c.,42,true,no,,,,,,,,,,no,,,,,,,,yes,GP01,,250,100,2000,,AUGP0825
42790235,Pets Retailing,42,true,no,,,,,,,,,,no,,,,,,,,yes,GP01,,250,100,2000,,AUGP0825
42790240,Photo Framing Retailing - Making And/or Fitting Customised Frames (Except Mass Production),42,true,no,,,,,,,,,,no,,,,,,,,yes,GP01,,250,100,2000,,AUGP0825
42790245,Photographic Chemical Retailing,42,true,no,,,,,,,,,,no,,,,,,,,yes,GP01,,250,100,2000,,AUGP0825
42790250,Photographic Film Or Paper Retailing,42,true,no,,,,,,,,,,no,,,,,,,,yes,GP01,,250,100,2000,,AUGP0825
42790260,Picture Frame Retailing,42,true,no,,,,,,,,,,no,,,,,,,,yes,GP01,,250,100,2000,,AUGP0825
42790265,Picture Framing Retailing - Making And/or Fitting Customised Frames (Except Mass Production),42,true,no,,,,,,,,,,no,,,,,,,,yes,GP01,,250,100,2000,,AUGP0825
42790275,Postcard Retailing (Except As Part Of A Newsagent Operation),42,true,no,,,,,,,,,,no,,,,,,,,yes,GP01,,250,100,2000,,AUGP0825
42790285,Religious Goods Retailing (Except Books),42,true,no,,,,,,,,,,no,,,,,,,,yes,GP01,,250,100,2000,,AUGP0825
42790300,Sex Shop Operation,42,true,no,,,,,,,,,,no,,,,,,,,yes,GP01,,250,100,2000,,AUGP0825
42790305,Sheet Music Retailing,42,true,no,,,,,,,,,,no,,,,,,,,yes,GP01,,250,100,2000,,AUGP0825
42790320,Solar Pool Equipment And Supplies Retailing,42,true,no,,,,,,,,,,no,,,,,,,,yes,GP01,,250,100,2000,,AUGP0825
42790325,Souvenirs Retailing (Except By Direct Selling),42,true,no,,,,,,,,,,no,,,,,,,,yes,GP01,,250,100,2000,,AUGP0825
42790330,Spa Pool Retailing,42,true,no,,,,,,,,,,no,,,,,,,,yes,GP01,,250,100,2000,,AUGP0825
42790340,Swimming Pool Chemicals Retailing,42,true,no,,,,,,,,,,no,,,,,,,,yes,GP01,,250,100,2000,,AUGP0825
42790345,Swimming Pool Retailing,42,true,no,,,,,,,,,,no,,,,,,,,yes,GP01,,250,100,2000,,AUGP0825
42790355,Tobacconist Services,42,true,no,,,,,,,,,,no,,,,,,,,yes,GP01,,250,100,2000,,AUGP0825
42790360,Travel Goods Retailing (Except By Direct Selling),42,true,no,,,,,,,,,,no,,,,,,,,yes,GP01,,250,100,2000,,AUGP0825
42790365,Variety Store Operation,42,true,no,,,,,,,,,,no,,,,,,,,yes,GP01,,250,100,2000,,AUGP0825
43100005,Art Dealers Retailing - Direct Selling,43,true,no,,,,,,,,,,no,,,,,,,,yes,GP01,,250,100,2000,,AUGP0825
43100010,Book Retailing - Catalogue Selling,43,true,no,,,,,,,,,,no,,,,,,,,yes,GP01,,250,100,2000,,AUGP0825
43100015,Book Retailing - Direct Selling,43,true,no,,,,,,,,,,no,,,,,,,,yes,GP01,,250,100,2000,,AUGP0825
43100025,Cosmetics Retailing - Catalogue Selling,43,true,no,,,,,,,,,,no,,,,,,,,yes,GP01,,250,100,2000,,AUGP0825
43100030,Cosmetics Retailing - Direct Selling,43,true,no,,,,,,,,,,no,,,,,,,,yes,GP01,,250,100,2000,,AUGP0825
43100040,Direct Mail Retailing Operation,43,true,no,,,,,,,,,,no,,,,,,,,yes,GP01,,250,100,2000,,AUGP0825
43100075,Health Foods Direct Selling,43,true,no,,,,,,,,,,no,,,,,,,,yes,GP01,,250,100,2000,,AUGP0825
43100080,Ice Retailing - Direct Selling,43,true,no,,,,,,,,,,no,,,,,,,,yes,GP01,,250,100,2000,,AUGP0825
43100085,Internet Retailing Operation,43,true,refer,ITL01,3,250,250,1e+06,1,1e+07,,v04.23,no,,,,,,,,yes,GP01,,250,100,2000,,AUGP0825
43100090,Jewellery Retailing (Except Second Hand) - Direct Selling,43,true,no,,,,,,,,,,no,,,,,,,,yes,GP01,,250,100,2000,,AUGP0825
43100095,Luggage Retailing - Direct Selling,43,true,no,,,,,,,,,,no,,,,,,,,yes,GP01,,250,100,2000,,AUGP0825
43100100,Medicinal Proprietary Preparations Retailing - Direct Selling,43,true,no,,,,,,,,,,no,,,,,,,,yes,GP01,,250,100,2000,,AUGP0825
43100115,Milk Vendor - Home Delivery Service,43,true,no,,,,,,,,,,no,,,,,,,,yes,GP01,,250,100,2000,,AUGP0825
43100130,Mobile Food Retailing (Except Takeaway Food),43,true,no,,,,,,,,,,no,,,,,,,,yes,GP01,,250,100,2000,,AUGP0825
43100135,Musical Instrument Retailing - Direct Selling,43,true,no,,,,,,,,,,no,,,,,,,,yes,GP01,,250,100,2000,,AUGP0825
43100150,Perfume Retailing - Direct Selling,43,true,no,,,,,,,,,,no,,,,,,,,yes,GP01,,250,100,2000,,AUGP0825
43100155,Retailing - Direct Selling,43,true,no,,,,,,,,,,no,,,,,,,,yes,GP01,,250,100,2000,,AUGP0825
43100175,Souvenirs Retailing - Direct Selling,43,true,no,,,,,,,,,,no,,,,,,,,yes,GP01,,250,100,2000,,AUGP0825
43100190,Toiletries Retailing - Direct Selling,43,true,no,,,,,,,,,,no,,,,,,,,yes,GP01,,250,100,2000,,AUGP0825
43100200,Wine Club - Retailing Wine Off Licensed Premises,43,true,no,,,,,,,,,,no,,,,,,,,yes,GP01,,250,100,2000,,AUGP0825
43200030,Commission Retailing Of Jewellery,43,true,no,,,,,,,,,,no,,,,,,,,yes,GP01,,250,100,2000,,AUGP0825
43200040,Commission Retailing Of Toiletry Goods,43,true,no,,,,,,,,,,no,,,,,,,,yes,GP01,,250,100,2000,,AUGP0825
43200055,Commission-based Milk Vending,43,true,no,,,,,,,,,,no,,,,,,,,yes,GP01,,250,100,2000,,AUGP0825
43200075,Domestic Appliance Retailing - Direct Selling - Commission Based,43,true,no,,,,,,,,,,no,,,,,,,,yes,GP01,,250,100,2000,,AUGP0825
43200085,Other Goods Retail Broking,43,true,no,,,,,,,,,,no,,,,,,,,yes,GP01,,250,100,2000,,AUGP0825
43200090,Yacht Broking,43,true,no,,,,,,,,,,no,,,,,,,,yes,GP01,,250,100,2000,,AUGP0825
44000010,Bed And Breakfast Operation,44,true,no,,,,,,,,,,no,,,,,,,,yes,GP01,,250,100,2000,,AUGP0825
44000015,Boarding House Operation,44,true,no,,,,,,,,,,no,,,,,,,,yes,GP01,,250,100,2000,,AUGP0825
44000020,Cabin Or Hut Operation,44,true,no,,,,,,,,,,no,,,,,,,,yes,GP01,,250,100,2000,,AUGP0825
44000025,Camping Ground Operation,44,true,no,,,,,,,,,,no,,,,,,,,yes,GP01,,250,100,2000,,AUGP0825
44000035,Caravan Park Operation - Visitor,44,true,no,,,,,,,,,,no,,,,,,,,yes,GP01,,250,100,2000,,AUGP0825
44000040,Conference Centre Operation - Mainly Accommodation,44,true,no,,,,,,,,,,no,,,,,,,,yes,GP01,,250,100,2000,,AUGP0825
44000060,Fishing Lodge Operation,44,true,no,,,,,,,,,,no,,,,,,,,yes,GP01,,250,100,2000,,AUGP0825
44000065,Function Or Wedding Centre Operation - Mainly Accommodation,44,true,no,,,,,,,,,,no,,,,,,,,yes,GP01,,250,100,2000,,AUGP0825
44000070,Guest House Operation,44,true,no,,,,,,,,,,no,,,,,,,,yes,GP01,,250,100,2000,,AUGP0825
44000075,Health Farm Operation - Mainly Accommodation,44,true,no,,,,,,,,,,no,,,,,,,,yes,GP01,,250,100,2000,,AUGP0825
44000085,Holiday Houses Flats Or Apartments Operation,44,true,no,,,,,,,,,,no,,,,,,,,yes,GP01,,250,100,2000,,AUGP0825
44000090,Holiday Resort Operation - Mainly Accommodation,44,true,no,,,,,,,,,,no,,,,,,,,yes,GP01,,250,100,2000,,AUGP0825
44000095,Hostel Operation - Mainly Short Term Accommodation,44,true,no,,,,,,,,,,no,,,,,,,,yes,GP01,,250,100,2000,,AUGP0825
44000110,Hotel Operation - Mainly Accommodation,44,true,no,,,,,,,,,,no,,,,,,,,yes,GP01,,250,100,2000,,AUGP0825
44000115,Houseboat Operation - Permanently Moored,44,true,no,,,,,,,,,,no,,,,,,,,yes,GP01,,250,100,2000,,AUGP0825
44000135,Motel Operation,44,true,no,,,,,,,,,,no,,,,,,,,yes,GP01,,250,100,2000,,AUGP0825
44000136,Motel Operation - Licenced,44,true,no,,,,,,,,,,no,,,,,,,,yes,GP01,,250,100,2000,,AUGP0825
44000145,Private Hotel Operation - Short Term Accommodation,44,true,no,,,,,,,,,,no,,,,,,,,yes,GP01,,250,100,2000,,AUGP0825
44000150,Private Lodge Operation,44,true,no,,,,,,,,,,no,,,,,,,,yes,GP01,,250,100,2000,,AUGP0825
44000155,Renting Or Leasing Of Holiday Houses Flats Or Apartments As Owner Or Leaseholder,44,true,no,,,,,,,,,,no,,,,,,,,yes,GP01,,250,100,2000,,AUGP0825
44000160,Resort Operation,44,true,no,,,,,,,,,,no,,,,,,,,yes,GP01,,250,100,2000,,AUGP0825
44000165,Rooming House Operation,44,true,no,,,,,,,,,,no,,,,,,,,yes,GP01,,250,100,2000,,AUGP0825
44000175,Serviced Apartments,44,true,no,,,,,,,,,,no,,,,,,,,yes,GP01,,250,100,2000,,AUGP0825
44000180,Ski Lodge Operation,44,true,no,,,,,,,,,,no,,,,,,,,yes,GP01,,250,100,2000,,AUGP0825
44000190,Student Accommodation Operation (Except Boarding Schools),44,true,no,,,,,,,,,,no,,,,,,,,yes,GP01,,250,100,2000,,AUGP0825
44000200,Time Share Operation,44,true,no,,,,,,,,,,no,,,,,,,,yes,GP01,,250,100,2000,,AUGP0825
44000215,Youth Hostel Operation,44,true,no,,,,,,,,,,no,,,,,,,,yes,GP01,,250,100,2000,,AUGP0825
45110005,Bistro Operation,45,true,no,,,,,,,,,,no,,,,,,,,yes,GP01,,250,100,2000,,AUGP0825
45110015,Cafe Operation - Food For Consumption On The Premises,45,true,no,,,,,,,,,,no,,,,,,,,yes,GP01,,250,100,2000,,AUGP0825
45110025,Canteen Operation - Mainly Eat-in,45,true,no,,,,,,,,,,no,,,,,,,,yes,GP01,,250,100,2000,,AUGP0825
45110035,Coffee Shop,45,true,no,,,,,,,,,,no,,,,,,,,yes,GP01,,250,100,2000,,AUGP0825
45110040,Contract Chef - Self Employed,45,true,no,,,,,,,,,,no,,,,,,,,yes,GP01,,250,100,2000,,AUGP0825
45110065,Internet Cafe - Mainly Cafe Operation,45,true,yes,ITCL01,1,250,250,1e+06,1,1e+07,,AU0825,no,,,,,,,,yes,GP01,,250,100,2000,,AUGP0825
45110070,Restaurant Operation,45,true,no,,,,,,,,,,no,,,,,,,,yes,GP01,,250,100,2000,,AUGP0825
45110075,Restaurant Operation - With Nightclub Licence,45,true,no,,,,,,,,,,no,,,,,,,,yes,GP01,,250,100,2000,,AUGP0825
45110076,Restaurant Including Wok Cooking,45,true,no,,,,,,,,,,no,,,,,,,,yes,GP01,,250,100,2000,,AUGP0825
45110090,Tea Room Operation,45,true,no,,,,,,,,,,no,,,,,,,,yes,GP01,,250,100,2000,,AUGP0825
45120010,Canteen Operation - Mainly Take Away,45,true,no,,,,,,,,,,no,,,,,,,,yes,GP01,,250,100,2000,,AUGP0825
45120025,Fast Food Retailing,45,true,no,,,,,,,,,,no,,,,,,,,yes,GP01,,250,100,2000,,AUGP0825
45120030,Fish And Chip Shop - Takeaway,45,true,no,,,,,,,,,,no,,,,,,,,yes,GP01,,250,100,2000,,AUGP0825
45120040,Hamburger Retailing - Cooked Ready To Eat,45,true,no,,,,,,,,,,no,,,,,,,,yes,GP01,,250,100,2000,,AUGP0825
45120050,Ice Cream Retailing - For Immediate Consumption,45,true,no,,,,,,,,,,no,,,,,,,,yes,GP01,,250,100,2000,,AUGP0825
45120055,Juice Bar Operation,45,true,no,,,,,,,,,,no,,,,,,,,yes,GP01,,250,100,2000,,AUGP0825
45120065,Milk Bar Operation - Predominantly Takeaway Food Or Drinks,45,true,no,,,,,,,,,,no,,,,,,,,yes,GP01,,250,100,2000,,AUGP0825
45120070,Milk Drinks Retailing - For Immediate Consumption,45,true,no,,,,,,,,,,no,,,,,,,,yes,GP01,,250,100,2000,,AUGP0825
45120085,Mobile Food Van Operation,45,true,no,,,,,,,,,,no,,,,,,,,yes,GP01,,250,100,2000,,AUGP0825
45120095,Sandwich Retailing,45,true,no,,,,,,,,,,no,,,,,,,,yes,GP01,,250,100,2000,,AUGP0825
45120110,Snack Bar - Takeaway,45,true,no,,,,,,,,,,no,,,,,,,,yes,GP01,,250,100,2000,,AUGP0825
45120115,Soft Drink Retailing - For Immediate Consumption,45,true,no,,,,,,,,,,no,,,,,,,,yes,GP01,,250,100,2000,,AUGP0825
45120130,Take Away Chicken Retailing - Cooked Ready To Eat,45,true,no,,,,,,,,,,no,,,,,,,,yes,GP01,,250,100,2000,,AUGP0825
45120145,Take Away Pizza Retailing - Cooked Ready To Eat,45,true,no,,,,,,,,,,no,,,,,,,,yes,GP01,,250,100,2000,,AUGP0825
45120150,Takeaway Food Operation,45,true,no,,,,,,,,,,no,,,,,,,,yes,GP01,,250,100,2000,,AUGP0825
45130005,Airline Catering Service,45,true,no,,,,,,,,,,no,,,,,,,,yes,GP01,,250,100,2000,,AUGP0825
45130015,Catering Service Operation,45,true,no,,,,,,,,,,no,,,,,,,,yes,GP01,,250,100,2000,,AUGP0825
45130025,Function Or Wedding Centre Operation - Mainly Catering,45,true,no,,,,,,,,,,no,,,,,,,,yes,GP01,,250,100,2000,,AUGP0825
45130030,Mobile Catering Service,45,true,no,,,,,,,,,,no,,,,,,,,yes,GP01,,250,100,2000,,AUGP0825
45200005,Bar Operation,45,true,no,,,,,,,,,,no,,,,,,,,yes,GP01,,250,100,2000,,AUGP0825
45200020,Discotheque Operation,45,true,no,,,,,,,,,,no,,,,,,,,yes,GP01,,250,100,2000,,AUGP0825
45200040,Hotel Operation - Mainly Drinking Place,45,true,no,,,,,,,,,,no,,,,,,,,yes,GP01,,250,100,2000,,AUGP0825
45200065,Night Club Operation,45,true,no,,,,,,,,,,no,,,,,,,,yes,GP01,,250,100,2000,,AUGP0825
45200081,"Pub, Tavern Or Bar - Mainly Drinking Place",45,true,no,,,,,,,,,,no,,,,,,,,yes,GP01,,250,100,2000,,AUGP0825
45200090,Tavern Operation,45,true,no,,,,,,,,,,no,,,,,,,,yes,GP01,,250,100,2000,,AUGP0825
45200100,Wine Bar Operation,45,true,no,,,,,,,,,,no,,,,,,,,yes,GP01,,250,100,2000,,AUGP0825
45300015,Club Or Association Operation In Association With Hospitality,45,true,no,,,,,,,,,,no,,,,,,,,yes,GP01,,250,100,2000,,AUGP0825
45300030,Golf Club Operation In Association With Hospitality,45,true,no,,,,,,,,,,no,,,,,,,,yes,GP01,,250,100,2000,,AUGP0825
45300040,Leagues Club Operation - Mainly Hospitality,45,true,no,,,,,,,,,,no,,,,,,,,yes,GP01,,250,100,2000,,AUGP0825
45300041,Residential Clubs Or Associations - Residential,45,true,no,,,,,,,,,,no,,,,,,,,yes,GP01,,250,100,2000,,AUGP0825
45300045,RSL Club Operation - Mainly Hospitality,45,true,no,,,,,,,,,,no,,,,,,,,yes,GP01,,250,100,2000,,AUGP0825
45300065,Sporting Club Or Association Operation In Association With Hospitality,45,true,no,,,,,,,,,,no,,,,,,,,yes,GP01,,250,100,2000,,AUGP0825
46100020,Cartage Contractor,46,true,no,,,,,,,,,,no,,,,,,,,yes,GP01,,250,100,2000,,AUGP0825
46100021,Cartage Contractor (Excluding Hazardous Storage),46,true,no,,,,,,,,,,no,,,,,,,,yes,GP01,,250,100,2000,,AUGP0825
46100022,Cartage Contractor - No Storage - Drop Shipping - Drop Shipper,46,true,no,,,,,,,,,,no,,,,,,,,yes,GP01,,250,100,2000,,AUGP0825
46100025,Chemical Transporting Services - Road,46,true,no,,,,,,,,,,no,,,,,,,,yes,GP01,,250,100,2000,,AUGP0825
46100030,Coal Hauling Operation - Road,46,true,no,,,,,,,,,,no,,,,,,,,yes,GP01,,250,100,2000,,AUGP0825
46100035,Concrete Haulage By Road,46,true,no,,,,,,,,,,no,,,,,,,,yes,GP01,,250,100,2000,,AUGP0825
46100060,Furniture Removal And Storage Service - Road,46,true,no,,,,,,,,,,no,,,,,,,,yes,GP01,,250,100,2000,,AUGP0825
46100070,Gas Hauling - By Road,46,true,no,,,,,,,,,,no,,,,,,,,yes,GP01,,250,100,2000,,AUGP0825
46100085,Livestock Hauling Transport Operation - Road,46,true,no,,,,,,,,,,no,,,,,,,,yes,GP01,,250,100,2000,,AUGP0825
46100090,Log Haulage Service - Road,46,true,no,,,,,,,,,,no,,,,,,,,yes,GP01,,250,100,2000,,AUGP0825
46100105,Motor Vehicle Transporting By Truck,46,true,no,,,,,,,,,,no,,,,,,,,yes,GP01,,250,100,2000,,AUGP0825
46100110,Petrol Hauling Operation - Road,46,true,no,,,,,,,,,,no,,,,,,,,yes,GP01,,250,100,2000,,AUGP0825
46100120,Road Courier Services - Predominantly Larger Non-mail Type Packages I.e. Over 30Kg,46,true,no,,,,,,,,,,no,,,,,,,,yes,GP01,,250,100,2000,,AUGP0825
46100130,Road Freight Transport Service,46,true,no,,,,,,,,,,no,,,,,,,,yes,GP01,,250,100,2000,,AUGP0825
46100155,Tanker Operation - Road,46,true,no,,,,,,,,,,no,,,,,,,,yes,GP01,,250,100,2000,,AUGP0825
46100160,Taxi Truck Service - With Driver,46,true,no,,,,,,,,,,no,,,,,,,,yes,GP01,,250,100,2000,,AUGP0825
46100165,Tow Truck Operation,46,true,no,,,,,,,,,,no,,,,,,,,yes,GP01,,250,100,2000,,AUGP0825
46100180,Transport Freight Service - Road,46,true,no,,,,,,,,,,no,,,,,,,,yes,GP01,,250,100,2000,,AUGP0825
46100190,Truck Hire Service - With Driver,46,true,no,,,,,,,,,,no,,,,,,,,yes,GP01,,250,100,2000,,AUGP0825
46100195,Vending Machine Refilling,46,true,no,,,,,,,,,,no,,,,,,,,yes,GP01,,250,100,2000,,AUGP0825
46100196,Waste Paper Transport - Road,46,true,no,,,,,,,,,,no,,,,,,,,yes,GP01,,250,100,2000,,AUGP0825
46100200,Water Carrier Operation - Road,46,true,no,,,,,,,,,,no,,,,,,,,yes,GP01,,250,100,2000,,AUGP0825
46210025,Long Distance Bus Charter Service - With Driver,46,true,no,,,,,,,,,,no,,,,,,,,yes,GP01,,250,100,2000,,AUGP0825
46210051,Public Bus Service - With Driver,46,true,no,,,,,,,,,,no,,,,,,,,yes,GP01,,250,100,2000,,AUGP0825
46210052,Tour Bus Operation,46,true,no,,,,,,,,,,no,,,,,,,,yes,GP01,,250,100,2000,,AUGP0825
46220005,Airport Bus Service,46,true,no,,,,,,,,,,no,,,,,,,,yes,GP01,,250,100,2000,,AUGP0825
46220010,Metropolitan Bus Service,46,true,no,,,,,,,,,,no,,,,,,,,yes,GP01,,250,100,2000,,AUGP0825
46220015,Metropolitan Charter Bus Service,46,true,no,,,,,,,,,,no,,,,,,,,yes,GP01,,250,100,2000,,AUGP0825
46220020,O-bahn Bus Service,46,true,no,,,,,,,,,,no,,,,,,,,yes,GP01,,250,100,2000,,AUGP0825
46220021,Public Bus Service,46,true,no,,,,,,,,,,no,,,,,,,,yes,GP01,,250,100,2000,,AUGP0825
46220025,School Bus Service,46,true,no,,,,,,,,,,no,,,,,,,,yes,GP01,,250,100,2000,,AUGP0825
46220030,Short Distance Bus Charter Service - With Driver,46,true,no,,,,,,,,,,no,,,,,,,,yes,GP01,,250,100,2000,,AUGP0825
46220040,Short Distance Bus Passenger Transport Service,46,true,no,,,,,,,,,,no,,,,,,,,yes,GP01,,250,100,2000,,AUGP0825
46220050,Tramway Passenger Transport Service,46,true,no,,,,,,,,,,no,,,,,,,,yes,GP01,,250,100,2000,,AUGP0825
46230005,Community Transport - Aged & Disabled To/from Appointments,46,true,no,,,,,,,,,,no,,,,,,,,yes,GP01,,250,100,2000,,AUGP0825
46230006,Chauffeur Service,46,true,no,,,,,,,,,,no,,,,,,,,yes,GP01,,250,100,2000,,AUGP0825
46230010,Hire Car Service - With Driver,46,true,no,,,,,,,,,,no,,,,,,,,yes,GP01,,250,100,2000,,AUGP0825
46230020,Road Passenger Transport (Except Bus),46,true,no,,,,,,,,,,no,,,,,,,,yes,GP01,,250,100,2000,,AUGP0825
46230025,Taxi Cab Management Service - Operation On Behalf Of Owner,46,true,no,,,,,,,,,,no,,,,,,,,yes,GP01,,250,100,2000,,AUGP0825
46230030,Taxi Cab Service,46,true,no,,,,,,,,,,no,,,,,,,,yes,GP01,,250,100,2000,,AUGP0825
46230035,Taxi Service,46,true,no,,,,,,,,,,no,,,,,,,,yes,GP01,,250,100,2000,,AUGP0825
47100020,Rail Freight Transport Service,47,true,no,,,,,,,,,,no,,,,,,,,no,,,,,,,
47200015,Monorail Operation,47,true,no,,,,,,,,,,no,,,,,,,,no,,,,,,,
47200020,Rail Passenger Transport Service,47,true,no,,,,,,,,,,no,,,,,,,,no,,,,,,,
47200030,Suburban Railway Transport Service (Except Tramway Transport),47,true,no,,,,,,,,,,no,,,,,,,,no,,,,,,,
48100005,Coastal Sea Freight Transport Service Between Domestic Ports,48,true,no,,,,,,,,,,no,,,,,,,,yes,GP01,,250,100,2000,,AUGP0825
48100015,Harbour Freight Transport Service,48,true,no,,,,,,,,,,no,,,,,,,,yes,GP01,,250,100,2000,,AUGP0825
48100020,Inland Water Freight Transport Service (Except Tug Boats Or Lighters),48,true,no,,,,,,,,,,no,,,,,,,,yes,GP01,,250,100,2000,,AUGP0825
48100030,International Sea Freight Transport Service Between Domestic And Foreign Ports,48,true,no,,,,,,,,,,no,,,,,,,,yes,GP01,,250,100,2000,,AUGP0825
48100050,Livestock Transport Operation - International - Sea,48,true,no,,,,,,,,,,no,,,,,,,,yes,GP01,,250,100,2000,,AUGP0825
48100070,Ship Charter Lease Or Rental - With Crew For Freight Transport,48,true,no,,,,,,,,,,no,,,,,,,,yes,GP01,,250,100,2000,,AUGP0825
48100080,Ship Management Service For Coastal Sea Transport - I.e. Operation Of Freight Cargo Ships On Behalf Of Owners,48,true,no,,,,,,,,,,no,,,,,,,,yes,GP01,,250,100,2000,,AUGP0825
48100085,Ship Management Service For International Sea Transport - I.e. Operation Of Freight Cargo Ships On Behalf Of Owners,48,true,no,,,,,,,,,,no,,,,,,,,yes,GP01,,250,100,2000,,AUGP0825
48100090,Tanker Operation By Water,48,true,no,,,,,,,,,,no,,,,,,,,yes,GP01,,250,100,2000,,AUGP0825
48200015,Boat Charter Lease Or Rental With Crew For Passenger Transport,48,true,no,,,,,,,,,,no,,,,,,,,yes,GP01,,250,100,2000,,AUGP0825
48200025,Coastal Water Transport Service Between Domestic Ports - Passenger,48,true,no,,,,,,,,,,no,,,,,,,,yes,GP01,,250,100,2000,,AUGP0825
48200030,Ferry Operation Including Vehicular,48,true,no,,,,,,,,,,no,,,,,,,,yes,GP01,,250,100,2000,,AUGP0825
48200040,Harbour Passenger Transport Service,48,true,no,,,,,,,,,,no,,,,,,,,yes,GP01,,250,100,2000,,AUGP0825
48200055,Inland Water Passenger Transport Service (Except Tug Boats Or Lighters),48,true,no,,,,,,,,,,no,,,,,,,,yes,GP01,,250,100,2000,,AUGP0825
48200060,International Sea Passenger Transport Service Between Domestic And Foreign Ports,48,true,no,,,,,,,,,,no,,,,,,,,yes,GP01,,250,100,2000,,AUGP0825
48200065,Island Ferry Operation In Coastal Waters - Passenger,48,true,no,,,,,,,,,,no,,,,,,,,yes,GP01,,250,100,2000,,AUGP0825
48200085,Ocean Cruise Service Between Domestic And Foreign Ports,48,true,no,,,,,,,,,,no,,,,,,,,yes,GP01,,250,100,2000,,AUGP0825
48200090,Ocean Cruise Service Between Domestic Ports,48,true,no,,,,,,,,,,no,,,,,,,,yes,GP01,,250,100,2000,,AUGP0825
48200095,Passenger Ferry Service,48,true,no,,,,,,,,,,no,,,,,,,,yes,GP01,,250,100,2000,,AUGP0825
48200100,Passenger Ship Management Service (I.e. Operation Of Ships On Behalf Of Owners),48,true,no,,,,,,,,,,no,,,,,,,,yes,GP01,,250,100,2000,,AUGP0825
48200105,River Passenger Ferry Operation,48,true,no,,,,,,,,,,no,,,,,,,,yes,GP01,,250,100,2000,,AUGP0825
48200130,Ship Charter Lease Or Rental With Crew For Passenger Transport,48,true,no,,,,,,,,,,no,,,,,,,,yes,GP01,,250,100,2000,,AUGP0825
48200135,Water Passenger Transport Service,48,true,no,,,,,,,,,,no,,,,,,,,yes,GP01,,250,100,2000,,AUGP0825
48200140,Water Taxi Service,48,true,no,,,,,,,,,,no,,,,,,,,yes,GP01,,250,100,2000,,AUGP0825
49000010,Air Cargo Transportation - Charter Service,49,true,no,,,,,,,,,,no,,,,,,,,no,,,,,,,
49000015,Air Freight Transport Service,49,true,no,,,,,,,,,,no,,,,,,,,no,,,,,,,
49000020,Air Freight Transportation - Charter Service,49,true,no,,,,,,,,,,no,,,,,,,,no,,,,,,,
49000025,Air Passenger Carriers - Non-scheduled,49,true,no,,,,,,,,,,no,,,,,,,,no,,,,,,,
49000035,Air Passenger Transport Service,49,true,no,,,,,,,,,,no,,,,,,,,no,,,,,,,
49000040,Air Surveillance Service (Except Defence Force),49,true,no,,,,,,,,,,no,,,,,,,,no,,,,,,,
49000045,Aircraft Charter Lease Or Rental - With Crew For Use In Non-scheduled Air Transport,49,true,no,,,,,,,,,,no,,,,,,,,no,,,,,,,
49000075,Airline Operation - Air and Space Transport,49,true,no,,,,,,,,,,no,,,,,,,,no,,,,,,,
49000076,Air Transport Service - Chartered,49,true,no,,,,,,,,,,no,,,,,,,,no,,,,,,,
49000077,Air Transport Service - Scheduled,49,true,no,,,,,,,,,,no,,,,,,,,no,,,,,,,
49000081,Airport Operation,49,true,no,,,,,,,,,,no,,,,,,,,no,,,,,,,
49000090,Domestic Air Freight Transport Service,49,true,no,,,,,,,,,,no,,,,,,,,no,,,,,,,
49000105,Domestic Airline Operation,49,true,no,,,,,,,,,,no,,,,,,,,no,,,,,,,
49000121,Helicopter Charter Operation,49,true,no,,,,,,,,,,no,,,,,,,,no,,,,,,,
49000130,International Air Freight Transport Service,49,true,no,,,,,,,,,,no,,,,,,,,no,,,,,,,
49000140,International Air Transport,49,true,no,,,,,,,,,,no,,,,,,,,no,,,,,,,
49000155,Space Transport Service,49,true,no,,,,,,,,,,no,,,,,,,,no,,,,,,,
50100010,Aerial Cable Car Operation,50,true,no,,,,,,,,,,no,,,,,,,,no,,,,,,,
50100015,Airboat Operation,50,true,no,,,,,,,,,,no,,,,,,,,no,,,,,,,
50100020,Boat Charter Lease Or Rental - With Crew For Sightseeing,50,true,no,,,,,,,,,,no,,,,,,,,no,,,,,,,
50100040,Carriage Horse Drawn Operation,50,true,no,,,,,,,,,,no,,,,,,,,no,,,,,,,
50100045,Chair Lift Operation (Except Ski Lift Operation),50,true,no,,,,,,,,,,no,,,,,,,,no,,,,,,,
50100055,Dive Boat Tours,50,true,no,,,,,,,,,,no,,,,,,,,no,,,,,,,
50100070,Game Fishing Tours - Coastal Waters,50,true,no,,,,,,,,,,no,,,,,,,,no,,,,,,,
50100080,Glider Operation,50,true,no,,,,,,,,,,no,,,,,,,,no,,,,,,,
50100085,Harbour Cruise Operation - With Or Without Restaurant Facilities,50,true,no,,,,,,,,,,no,,,,,,,,no,,,,,,,
50100095,Helicopter Ride Operation - For Sightseeing,50,true,no,,,,,,,,,,no,,,,,,,,no,,,,,,,
50100100,Hot Air Balloon Flights,50,true,no,,,,,,,,,,no,,,,,,,,no,,,,,,,
50100110,Hovercraft Operation,50,true,no,,,,,,,,,,no,,,,,,,,no,,,,,,,
50100115,Joy Flight Operation,50,true,no,,,,,,,,,,no,,,,,,,,no,,,,,,,
50100120,Lake Cruise Operation - With Or Without Restaurant Facilities,50,true,no,,,,,,,,,,no,,,,,,,,no,,,,,,,
50100125,Motor Cycle Tour Operation - With Driver,50,true,no,,,,,,,,,,no,,,,,,,,no,,,,,,,
50100145,Railway Operation As A Tourist Attraction,50,true,no,,,,,,,,,,no,,,,,,,,no,,,,,,,
50100150,Railway Operation By Historical Societies,50,true,no,,,,,,,,,,no,,,,,,,,no,,,,,,,
50100155,River Cruise Operation - With Or Without Restaurant Facilities,50,true,no,,,,,,,,,,no,,,,,,,,no,,,,,,,
50100165,Short Distance Tourist Coach Service,50,true,no,,,,,,,,,,no,,,,,,,,no,,,,,,,
50100170,Sightseeing Bus Coach Or Tramway Operation,50,true,no,,,,,,,,,,no,,,,,,,,no,,,,,,,
50100195,Tour Operator - Four Wheel Drive,50,true,no,,,,,,,,,,no,,,,,,,,no,,,,,,,
50100200,Tour Operator - Shopping Tours Short Distance,50,true,no,,,,,,,,,,no,,,,,,,,no,,,,,,,
50100220,Whale Watching Cruise Operation,50,true,no,,,,,,,,,,no,,,,,,,,no,,,,,,,
50100226,White Water Rafting Tours - Inland Waters,50,true,no,,,,,,,,,,no,,,,,,,,no,,,,,,,
50100230,Wilderness Tour Operation - Mainly By Four Wheel Drive - With Driver,50,true,no,,,,,,,,,,no,,,,,,,,no,,,,,,,
50210005,Pipeline Operation For The Transport Of Gas Oil And Other Material,50,true,no,,,,,,,,,,no,,,,,,,,no,,,,,,,
50290005,Other Transport Operation (Except Road Rail Water Air Or Pipeline),50,true,no,,,,,,,,,,no,,,,,,,,no,,,,,,,
50290010,Over Snow Transport Operation,50,true,no,,,,,,,,,,no,,,,,,,,no,,,,,,,
50290015,Ski Lift Operation,50,true,no,,,,,,,,,,no,,,,,,,,no,,,,,,,
50290020,Ski Tow Operation,50,true,no,,,,,,,,,,no,,,,,,,,no,,,,,,,
51010011,Mail Order Premises Operation,51,true,no,,,,,,,,,,no,,,,,,,,yes,GP01,,250,100,2000,,AUGP0825
51010020,Mail Sorting Distribution And Delivery,51,true,no,,,,,,,,,,no,,,,,,,,yes,GP01,,250,100,2000,,AUGP0825
51010025,Mailbox Rental Service,51,true,yes,ITCL01,2,250,250,1e+06,1,1e+07,,AU0825,no,,,,,,,,yes,GP01,,250,100,2000,,AUGP0825
51010035,Post Office Operation,51,true,yes,ITCL01,3,250,250,1e+06,1,1e+07,,AU0825,no,,,,,,,,yes,GP01,,250,100,2000,,AUGP0825
51010045,Postal Agency Operation,51,true,yes,ITCL01,3,250,250,1e+06,1,1e+07,,AU0825,no,,,,,,,,yes,GP01,,250,100,2000,,AUGP0825
51020004,Courier Services,51,true,no,,,,,,,,,,no,,,,,,,,yes,GP01,,250,100,2000,,AUGP0825
51020030,Food Delivery Service For Restaurants,51,true,yes,ITCL01,5,250,250,1e+06,1,1e+07,,AU0825,no,,,,,,,,yes,GP01,,250,100,2000,,AUGP0825
51020040,Home Delivery Service,51,true,yes,ITCL01,5,250,250,1e+06,1,1e+07,,AU0825,no,,,,,,,,yes,GP01,,250,100,2000,,AUGP0825
51020050,Letterbox Home Delivery Service,51,true,yes,ITCL01,2,250,250,1e+06,1,1e+07,,AU0825,no,,,,,,,,yes,GP01,,250,100,2000,,AUGP0825
51020055,Meal Delivery Service (Except Community Services),51,true,yes,ITCL01,5,250,250,1e+06,1,1e+07,,AU0825,no,,,,,,,,yes,GP01,,250,100,2000,,AUGP0825
51020060,Messenger Service,51,true,yes,ITCL01,10,250,250,1e+06,1,1e+07,,AU0825,no,,,,,,,,yes,GP01,,250,100,2000,,AUGP0825
51020065,Newspaper - Home Delivery Service,51,true,yes,ITCL01,3,250,250,1e+06,1,1e+07,,AU0825,no,,,,,,,,yes,GP01,,250,100,2000,,AUGP0825
52110005,Ship Loading Or Unloading Service - Provision Of Labour,52,true,no,,,,,,,,,,no,,,,,,,,yes,GP01,,250,100,2000,,AUGP0825
52110010,Stevedoring,52,true,no,,,,,,,,,,no,,,,,,,,yes,GP01,,250,100,2000,,AUGP0825
52120005,Coal Loader Operation - Sea Transport,52,true,no,,,,,,,,,,no,,,,,,,,yes,GP01,,250,100,2000,,AUGP0825
52120020,Container Terminal Operation - Water Transport,52,true,no,,,,,,,,,,no,,,,,,,,yes,GP01,,250,100,2000,,AUGP0825
52120030,Grain Loader Operation - Water Transport,52,true,no,,,,,,,,,,no,,,,,,,,yes,GP01,,250,100,2000,,AUGP0825
52120035,Pier Or Wharf Operation,52,true,no,,,,,,,,,,no,,,,,,,,yes,GP01,,250,100,2000,,AUGP0825
52120040,Port Operation,52,true,no,,,,,,,,,,no,,,,,,,,yes,GP01,,250,100,2000,,AUGP0825
52120055,Ship Mooring Service,52,true,no,,,,,,,,,,no,,,,,,,,yes,GP01,,250,100,2000,,AUGP0825
52120060,Water Freight Terminal Operation,52,true,no,,,,,,,,,,no,,,,,,,,yes,GP01,,250,100,2000,,AUGP0825
52120065,Water Passenger Terminal Operation,52,true,no,,,,,,,,,,no,,,,,,,,yes,GP01,,250,100,2000,,AUGP0825
52120070,Water Transport Terminal Operation,52,true,no,,,,,,,,,,no,,,,,,,,yes,GP01,,250,100,2000,,AUGP0825
52120075,Wharf Facility Leasing,52,true,no,,,,,,,,,,no,,,,,,,,yes,GP01,,250,100,2000,,AUGP0825
52120090,Wharf Provision,52,true,no,,,,,,,,,,no,,,,,,,,yes,GP01,,250,100,2000,,AUGP0825
52190005,Boat Ramp Operation,52,true,no,,,,,,,,,,no,,,,,,,,yes,GP01,,250,100,2000,,AUGP0825
52190006,Boat Shed Operation,52,true,no,,,,,,,,,,no,,,,,,,,yes,GP01,,250,100,2000,,AUGP0825
52190015,Crew Member Of Vessel - Self Employed,52,true,no,,,,,,,,,,no,,,,,,,,yes,GP01,,250,100,2000,,AUGP0825
52190030,Distressed Vessel Towing Service,52,true,no,,,,,,,,,,no,,,,,,,,yes,GP01,,250,100,2000,,AUGP0825
52190035,Lift-span Bridge Operation,52,true,no,,,,,,,,,,no,,,,,,,,yes,GP01,,250,100,2000,,AUGP0825
52190040,Lighterage Service,52,true,no,,,,,,,,,,no,,,,,,,,yes,GP01,,250,100,2000,,AUGP0825
52190045,Lighthouse Operation,52,true,no,,,,,,,,,,no,,,,,,,,yes,GP01,,250,100,2000,,AUGP0825
52190050,Marina Operation (Except Pleasure Craft),52,true,no,,,,,,,,,,no,,,,,,,,yes,GP01,,250,100,2000,,AUGP0825
52190055,Marine Salvage Service,52,true,no,,,,,,,,,,no,,,,,,,,yes,GP01,,250,100,2000,,AUGP0825
52190060,Navigable Waterways Operation,52,true,no,,,,,,,,,,no,,,,,,,,yes,GP01,,250,100,2000,,AUGP0825
52190065,Navigation Service - Water Transport,52,true,no,,,,,,,,,,no,,,,,,,,yes,GP01,,250,100,2000,,AUGP0825
52190070,Pilotage Service,52,true,no,,,,,,,,,,no,,,,,,,,yes,GP01,,250,100,2000,,AUGP0825
52190075,Port Or Harbour Service,52,true,no,,,,,,,,,,no,,,,,,,,yes,GP01,,250,100,2000,,AUGP0825
52190080,Salvage Divers - Commercial,52,true,no,,,,,,,,,,no,,,,,,,,yes,GP01,,250,100,2000,,AUGP0825
52190100,Ship Registration Service,52,true,no,,,,,,,,,,no,,,,,,,,yes,GP01,,250,100,2000,,AUGP0825
52190105,Shipping Agency Operation,52,true,no,,,,,,,,,,no,,,,,,,,yes,GP01,,250,100,2000,,AUGP0825
52190110,Ships Agency Service,52,true,no,,,,,,,,,,no,,,,,,,,yes,GP01,,250,100,2000,,AUGP0825
52190115,Skipper Of Vessel - Self Employed,52,true,no,,,,,,,,,,no,,,,,,,,yes,GP01,,250,100,2000,,AUGP0825
52190120,Towboat And Tugboat Operation,52,true,no,,,,,,,,,,no,,,,,,,,yes,GP01,,250,100,2000,,AUGP0825
52190125,Towboat Operation,52,true,no,,,,,,,,,,no,,,,,,,,yes,GP01,,250,100,2000,,AUGP0825
52190130,Tugboat Operation,52,true,no,,,,,,,,,,no,,,,,,,,yes,GP01,,250,100,2000,,AUGP0825
52200009,Airport Hanger Operation,52,true,no,,,,,,,,,,no,,,,,,,,yes,GP01,,250,100,2000,,AUGP0825
52200010,Air Traffic Control Centre Operation,52,true,no,,,,,,,,,,no,,,,,,,,yes,GP01,,250,100,2000,,AUGP0825
52200020,Air Transport Navigation Service,52,true,no,,,,,,,,,,no,,,,,,,,yes,GP01,,250,100,2000,,AUGP0825
52200025,Aircraft Support Service,52,true,no,,,,,,,,,,no,,,,,,,,yes,GP01,,250,100,2000,,AUGP0825
52200035,Airport Operation - Transport Support Services,52,true,no,,,,,,,,,,no,,,,,,,,yes,GP01,,250,100,2000,,AUGP0825
52200050,Aviation Consulting Service,52,true,no,,,,,,,,,,no,,,,,,,,yes,GP01,,250,100,2000,,AUGP0825
52200055,Civil Airport Operation,52,true,no,,,,,,,,,,no,,,,,,,,yes,GP01,,250,100,2000,,AUGP0825
52200060,Non-scheduled Air Transport Terminal Operation,52,true,no,,,,,,,,,,no,,,,,,,,yes,GP01,,250,100,2000,,AUGP0825
52200075,Scheduled Domestic Air Transport Terminal Operation,52,true,no,,,,,,,,,,no,,,,,,,,yes,GP01,,250,100,2000,,AUGP0825
52200080,Scheduled International Air Transport Terminal Operation,52,true,no,,,,,,,,,,no,,,,,,,,yes,GP01,,250,100,2000,,AUGP0825
52200085,Space Port Operation,52,true,no,,,,,,,,,,no,,,,,,,,yes,GP01,,250,100,2000,,AUGP0825
52910010,Custom Clearance Service,52,true,no,,,,,,,,,,no,,,,,,,,yes,GP01,,250,100,2000,,AUGP0825
52910015,Customs Agency Services - Including Baggage Agency Service,52,true,no,,,,,,,,,,no,,,,,,,,yes,GP01,,250,100,2000,,AUGP0825
52910030,Import Documentation Preparation Service,52,true,no,,,,,,,,,,no,,,,,,,,yes,GP01,,250,100,2000,,AUGP0825
52920006,Freight Forwarding,52,true,no,,,,,,,,,,no,,,,,,,,yes,GP01,,250,100,2000,,AUGP0825
52920020,Freight Forwarding - Road,52,true,no,,,,,,,,,,no,,,,,,,,yes,GP01,,250,100,2000,,AUGP0825
52990005,Bus Terminal Operation,52,true,no,,,,,,,,,,no,,,,,,,,yes,GP01,,250,100,2000,,AUGP0825
52990010,Chauffeur Service (Except Owner Operator),52,true,no,,,,,,,,,,no,,,,,,,,yes,GP01,,250,100,2000,,AUGP0825
52990015,Container Terminal Operation - Road And Rail,52,true,no,,,,,,,,,,no,,,,,,,,yes,GP01,,250,100,2000,,AUGP0825
52990020,Freight Brokerage Service,52,true,no,,,,,,,,,,no,,,,,,,,yes,GP01,,250,100,2000,,AUGP0825
52990025,Motor Vehicle Escort Or Pilot Services,52,true,no,,,,,,,,,,no,,,,,,,,yes,GP01,,250,100,2000,,AUGP0825
52990040,Railway Freight Or Cargo Depot Facilities,52,true,no,,,,,,,,,,no,,,,,,,,yes,GP01,,250,100,2000,,AUGP0825
52990045,Railway Station Operation,52,true,no,,,,,,,,,,no,,,,,,,,yes,GP01,,250,100,2000,,AUGP0825
52990050,Railway Station Or Terminal Operation,52,true,no,,,,,,,,,,no,,,,,,,,yes,GP01,,250,100,2000,,AUGP0825
52990065,Road Freight Terminal Operation,52,true,no,,,,,,,,,,no,,,,,,,,yes,GP01,,250,100,2000,,AUGP0825
52990075,Road Passenger Terminal Operation,52,true,no,,,,,,,,,,no,,,,,,,,yes,GP01,,250,100,2000,,AUGP0825
52990085,Second Hand Ship Dealing,52,true,no,,,,,,,,,,no,,,,,,,,yes,GP01,,250,100,2000,,AUGP0825
52990105,Taxi Terminal Operation (Except For Taxi Trucks),52,true,no,,,,,,,,,,no,,,,,,,,yes,GP01,,250,100,2000,,AUGP0825
52990110,Toll Bridge Operation,52,true,no,,,,,,,,,,no,,,,,,,,yes,GP01,,250,100,2000,,AUGP0825
52990115,Toll Road Operation,52,true,no,,,,,,,,,,no,,,,,,,,yes,GP01,,250,100,2000,,AUGP0825
52990120,Tram Terminal Operation,52,true,no,,,,,,,,,,no,,,,,,,,yes,GP01,,250,100,2000,,AUGP0825
52990125,Transport And Freight Consulting Service,52,true,no,,,,,,,,,,no,,,,,,,,yes,GP01,,250,100,2000,,AUGP0825
52990135,Transport Container Refurbishing,52,true,no,,,,,,,,,,no,,,,,,,,yes,GP01,,250,100,2000,,AUGP0825
52990145,Truck Driving Services (Except Owner/operator),52,true,no,,,,,,,,,,no,,,,,,,,yes,GP01,,250,100,2000,,AUGP0825
52990150,Weighbridge Operation,52,true,no,,,,,,,,,,no,,,,,,,,yes,GP01,,250,100,2000,,AUGP0825
52990155,Wool Dumping Service,52,true,no,,,,,,,,,,no,,,,,,,,yes,GP01,,250,100,2000,,AUGP0825
53010005,Grain Elevator Operation,53,true,no,,,,,,,,,,no,,,,,,,,yes,GP01,,250,100,2000,,AUGP0825
53010010,Grain Silo Operation,53,true,no,,,,,,,,,,no,,,,,,,,yes,GP01,,250,100,2000,,AUGP0825
53010015,Grain Storage Service,53,true,no,,,,,,,,,,no,,,,,,,,yes,GP01,,250,100,2000,,AUGP0825
53090005,Bond Store Operation,53,true,no,,,,,,,,,,no,,,,,,,,yes,GP01,,250,100,2000,,AUGP0825
53090015,Bulk Petroleum Storage Service,53,true,no,,,,,,,,,,no,,,,,,,,yes,GP01,,250,100,2000,,AUGP0825
53090020,Cold Store Operation,53,true,no,,,,,,,,,,no,,,,,,,,yes,GP01,,250,100,2000,,AUGP0825
53090035,Cool Storage Of Fruit And Vegetables,53,true,no,,,,,,,,,,no,,,,,,,,yes,GP01,,250,100,2000,,AUGP0825
53090045,Free Store Operation - Storage Of Goods Not Under Bond,53,true,no,,,,,,,,,,no,,,,,,,,yes,GP01,,250,100,2000,,AUGP0825
53090050,Fur Storage Service,53,true,no,,,,,,,,,,no,,,,,,,,yes,GP01,,250,100,2000,,AUGP0825
53090055,Furniture Storage Service,53,true,no,,,,,,,,,,no,,,,,,,,yes,GP01,,250,100,2000,,AUGP0825
53090066,Self Storage Complex Operation,53,true,no,,,,,,,,,,no,,,,,,,,yes,GP01,,250,100,2000,,AUGP0825
53090070,Storage Service (Except Grain),53,true,no,,,,,,,,,,no,,,,,,,,yes,GP01,,250,100,2000,,AUGP0825
53090075,Warehousing (Except Grain),53,true,no,,,,,,,,,,no,,,,,,,,yes,GP01,,250,100,2000,,AUGP0825
53090080,Wool Storage Service,53,true,no,,,,,,,,,,no,,,,,,,,yes,GP01,,250,100,2000,,AUGP0825
54110005,Newspaper Publishing (Except Internet),54,true,no,,,,,,,,,,no,,,,,,,,yes,GP01,,250,100,2000,,AUGP0825
54120015,Magazine Publishing (Except Internet),54,true,no,,,,,,,,,,no,,,,,,,,yes,GP01,,250,100,2000,,AUGP0825
54120025,Periodicals Publishing (Except Internet),54,true,no,,,,,,,,,,no,,,,,,,,yes,GP01,,250,100,2000,,AUGP0825
54130010,Book Publishing (Except Internet),54,true,no,,,,,,,,,,no,,,,,,,,yes,GP01,,250,100,2000,,AUGP0825
54130020,Map Publishing (Except Internet),54,true,no,,,,,,,,,,no,,,,,,,,yes,GP01,,250,100,2000,,AUGP0825
54140005,Address List Compilation Service,54,true,no,,,,,,,,,,no,,,,,,,,yes,GP01,,250,100,2000,,AUGP0825
54140020,Directory Publishing (Except Internet),54,true,no,,,,,,,,,,no,,,,,,,,yes,GP01,,250,100,2000,,AUGP0825
54190020,Greeting Card Publishing (Except Internet),54,true,no,,,,,,,,,,no,,,,,,,,yes,GP01,,250,100,2000,,AUGP0825
54190025,Investing In Tangible Artistic Work (Except Internet),54,true,no,,,,,,,,,,no,,,,,,,,yes,GP01,,250,100,2000,,AUGP0825
54190030,Postcard Publishing (Except Internet),54,true,no,,,,,,,,,,no,,,,,,,,yes,GP01,,250,100,2000,,AUGP0825
54190035,Publishing (Except Newspapers Periodicals Books Software Or Internet),54,true,no,,,,,,,,,,no,,,,,,,,yes,GP01,,250,100,2000,,AUGP0825
54200005,Development And Sale Of Computer Software For Mass Production,54,true,no,,,,,,,,,,no,,,,,,,,yes,GP01,,250,100,2000,,AUGP0825
55110020,Motion Picture Production,55,true,no,,,,,,,,,,no,,,,,,,,yes,GP01,,250,100,2000,,AUGP0825
55110030,Newsreel Production,55,true,no,,,,,,,,,,no,,,,,,,,yes,GP01,,250,100,2000,,AUGP0825
55110050,Television Programmes Production Whether Live Or On Tape Or Other Recording Medium For Own Use,55,true,no,,,,,,,,,,no,,,,,,,,yes,GP01,,250,100,2000,,AUGP0825
55110065,Video Production,55,true,no,,,,,,,,,,no,,,,,,,,yes,GP01,,250,100,2000,,AUGP0825
55120015,Motion Picture Film Distribution,55,true,no,,,,,,,,,,no,,,,,,,,yes,GP01,,250,100,2000,,AUGP0825
55120020,Motion Picture Leasing,55,true,no,,,,,,,,,,no,,,,,,,,yes,GP01,,250,100,2000,,AUGP0825
55120025,Motion Picture Library Operation (Except Hire To The Public By Video Hire Outlets),55,true,no,,,,,,,,,,no,,,,,,,,yes,GP01,,250,100,2000,,AUGP0825
55120040,Movie Picture Distribution,55,true,no,,,,,,,,,,no,,,,,,,,yes,GP01,,250,100,2000,,AUGP0825
55120045,Television Program Distribution,55,true,no,,,,,,,,,,no,,,,,,,,yes,GP01,,250,100,2000,,AUGP0825
55120060,Video Library Operation (Except Hire To The Public By Video Hire Outlets),55,true,no,,,,,,,,,,no,,,,,,,,yes,GP01,,250,100,2000,,AUGP0825
55130005,Cinema Operation,55,true,no,,,,,,,,,,no,,,,,,,,yes,GP01,,250,100,2000,,AUGP0825
55130010,Drive-in Theatre Operation,55,true,no,,,,,,,,,,no,,,,,,,,yes,GP01,,250,100,2000,,AUGP0825
55130020,Film Or Video Festival Operation,55,true,no,,,,,,,,,,no,,,,,,,,yes,GP01,,250,100,2000,,AUGP0825
55130025,Motion Picture Exhibition,55,true,no,,,,,,,,,,no,,,,,,,,yes,GP01,,250,100,2000,,AUGP0825
55130030,Motion Picture Screening,55,true,no,,,,,,,,,,no,,,,,,,,yes,GP01,,250,100,2000,,AUGP0825
55130040,Motion Picture Theatre Operation,55,true,no,,,,,,,,,,no,,,,,,,,yes,GP01,,250,100,2000,,AUGP0825
55130050,Movie Theatre Operation,55,true,no,,,,,,,,,,no,,,,,,,,yes,GP01,,250,100,2000,,AUGP0825
55130055,Newsreel Theatre Operation,55,true,no,,,,,,,,,,no,,,,,,,,yes,GP01,,250,100,2000,,AUGP0825
55140011,"Filming And Editing - Production Of Movie, Video Or Similar Media",55,true,no,,,,,,,,,,no,,,,,,,,yes,GP01,,250,100,2000,,AUGP0825
55140035,Motion Picture Editing,55,true,no,,,,,,,,,,no,,,,,,,,yes,GP01,,250,100,2000,,AUGP0825
55210040,Sheet Music Publishing,55,true,no,,,,,,,,,,no,,,,,,,,yes,GP01,,250,100,2000,,AUGP0825
55220005,Audio Service - Including For Meetings And Conferences,55,true,no,,,,,,,,,,no,,,,,,,,yes,GP01,,250,100,2000,,AUGP0825
55220015,Music Studio Operation,55,true,no,,,,,,,,,,no,,,,,,,,yes,GP01,,250,100,2000,,AUGP0825
55220025,Radio Programmes Production Whether Live Or On Tape Or Other Recording Medium For Own Use,55,true,no,,,,,,,,,,no,,,,,,,,yes,GP01,,250,100,2000,,AUGP0825
55220065,Sound Recording Studio Operation,55,true,no,,,,,,,,,,no,,,,,,,,yes,GP01,,250,100,2000,,AUGP0825
56100005,Radio Broadcasting,56,true,no,,,,,,,,,,no,,,,,,,,yes,GP01,,250,100,2000,,AUGP0825
56100025,Radio Services,56,true,no,,,,,,,,,,no,,,,,,,,yes,GP01,,250,100,2000,,AUGP0825
56210030,Television Broadcasting,56,true,no,,,,,,,,,,no,,,,,,,,yes,GP01,,250,100,2000,,AUGP0825
56210045,Television Station Operation,56,true,no,,,,,,,,,,no,,,,,,,,yes,GP01,,250,100,2000,,AUGP0825
56220065,Pay TV Operators,56,true,no,,,,,,,,,,no,,,,,,,,yes,GP01,,250,100,2000,,AUGP0825
56220070,Pay TV Station Operation,56,true,no,,,,,,,,,,no,,,,,,,,yes,GP01,,250,100,2000,,AUGP0825
56220085,Subscription Television Broadcasting Service,56,true,no,,,,,,,,,,no,,,,,,,,yes,GP01,,250,100,2000,,AUGP0825
57000065,Internet Publishing,57,true,refer,ITL01,5,250,250,1e+06,1,1e+07,,v04.23,no,,,,,,,,yes,GP01,,250,100,2000,,AUGP0825
58010001,Cable Service (Communication),58,true,refer,ITL01,5,250,250,1e+06,1,1e+07,,v04.23,no,,,,,,,,yes,GP01,,250,100,2000,,AUGP0825
58010002,Communication Channel Service,58,true,refer,ITL01,5,250,250,1e+06,1,1e+07,,v04.23,no,,,,,,,,yes,GP01,,250,100,2000,,AUGP0825
58010003,Datacasting Service Provision,58,true,refer,ITL01,5,250,250,1e+06,1,1e+07,,v04.23,no,,,,,,,,yes,GP01,,250,100,2000,,AUGP0825
58010016,Multi-Purpose Communication Channel Service,58,true,refer,ITL01,5,250,250,1e+06,1,1e+07,,v04.23,no,,,,,,,,yes,GP01,,250,100,2000,,AUGP0825
58010020,Network Communication Service - Wired,58,true,refer,ITL01,5,250,250,1e+06,1,1e+07,,v04.23,no,,,,,,,,yes,GP01,,250,100,2000,,AUGP0825
58010030,Telecommunication Services To The Public By Wire Or Cable,58,true,refer,ITL01,5,250,250,1e+06,1,1e+07,,v04.23,no,,,,,,,,yes,GP01,,250,100,2000,,AUGP0825
58010036,Telephone Exchange Operation,58,true,refer,ITL01,10,250,250,1e+06,1,1e+07,,v04.23,no,,,,,,,,yes,GP01,,250,100,2000,,AUGP0825
58010037,Telegraph Service,58,true,yes,ITCL01,6,250,250,1e+06,1,1e+07,,AU0825,no,,,,,,,,yes,GP01,,250,100,2000,,AUGP0825
58010038,Telegram Service,58,true,yes,ITCL01,2,250,250,1e+06,1,1e+07,,AU0825,no,,,,,,,,yes,GP01,,250,100,2000,,AUGP0825
58010039,Teleprinter Service,58,true,yes,ITCL01,1,250,250,1e+06,1,1e+07,,AU0825,no,,,,,,,,yes,GP01,,250,100,2000,,AUGP0825
58010040,Telephone Service - Wired Network Operation,58,true,yes,ITCL01,4,250,250,1e+06,1,1e+07,,AU0825,no,,,,,,,,yes,GP01,,250,100,2000,,AUGP0825
58010041,Telex Service,58,true,yes,ITCL01,2,250,250,1e+06,1,1e+07,,AU0825,no,,,,,,,,yes,GP01,,250,100,2000,,AUGP0825
58020050,Radio Relay Station Operation,58,true,yes,ITCL01,3,250,250,1e+06,1,1e+07,,AU0825,no,,,,,,,,yes,GP01,,250,100,2000,,AUGP0825
58020055,Radio Telephone Service,58,true,yes,ITCL01,2,250,250,1e+06,1,1e+07,,AU0825,no,,,,,,,,yes,GP01,,250,100,2000,,AUGP0825
58020060,Satellite Communication Service,58,true,refer,ITL01,10,250,250,1e+06,1,1e+07,,v04.23,no,,,,,,,,yes,GP01,,250,100,2000,,AUGP0825
58020090,Television Relay Station Operation,58,true,yes,ITCL01,3,250,250,1e+06,1,1e+07,,AU0825,no,,,,,,,,yes,GP01,,250,100,2000,,AUGP0825
58020100,Wireless Telecommunications Network Operation,58,true,yes,ITCL01,4,250,250,1e+06,1,1e+07,,AU0825,no,,,,,,,,yes,GP01,,250,100,2000,,AUGP0825
58090055,Telecommunications Reselling,58,true,yes,ITCL01,4,250,250,1e+06,1,1e+07,,AU0825,no,,,,,,,,yes,GP01,,250,100,2000,,AUGP0825
59100005,ADSL Internet Service,59,true,yes,ITCL01,4,250,250,1e+06,1,1e+07,,AU0825,no,,,,,,,,yes,GP01,,250,100,2000,,AUGP0825
59100010,Email Services,59,true,yes,ITCL01,7,250,250,1e+06,1,1e+07,,AU0825,no,,,,,,,,yes,GP01,,250,100,2000,,AUGP0825
59100015,Internet Access Provision,59,true,refer,ITL01,13,250,250,1e+06,1,1e+07,,v04.23,no,,,,,,,,yes,GP01,,250,100,2000,,AUGP0825
59100020,Internet Access Service On-line,59,true,refer,ITL01,13,250,250,1e+06,1,1e+07,,v04.23,no,,,,,,,,yes,GP01,,250,100,2000,,AUGP0825
59100025,Internet Cafe - Mainly Internet Service Operation,59,true,yes,ITCL01,1,250,250,1e+06,1,1e+07,,AU0825,no,,,,,,,,yes,GP01,,250,100,2000,,AUGP0825
59100030,Internet Connection Services,59,true,yes,ITCL01,3,250,250,1e+06,1,1e+07,,AU0825,no,,,,,,,,yes,GP01,,250,100,2000,,AUGP0825
59100035,Internet Search Portal Operation,59,true,yes,ITCL01,16,250,250,1e+06,1,1e+07,,AU0825,no,,,,,,,,yes,GP01,,250,100,2000,,AUGP0825
59100040,Internet Search Web Site Operation,59,true,yes,ITCL01,10,250,250,1e+06,1,1e+07,,AU0825,no,,,,,,,,yes,GP01,,250,100,2000,,AUGP0825
59100045,Internet Service Provider,59,true,yes,ITCL01,10,250,250,1e+06,1,1e+07,,AU0825,no,,,,,,,,yes,GP01,,250,100,2000,,AUGP0825
59100050,Internet Service Provision - ISP,59,true,yes,ITCL01,10,250,250,1e+06,1,1e+07,,AU0825,no,,,,,,,,yes,GP01,,250,100,2000,,AUGP0825
59100055,ISDN Internet Service,59,true,yes,ITCL01,9,250,250,1e+06,1,1e+07,,AU0825,no,,,,,,,,yes,GP01,,250,100,2000,,AUGP0825
59100060,Portal Web Search Operation,59,true,yes,ITCL01,10,250,250,1e+06,1,1e+07,,AU0825,no,,,,,,,,yes,GP01,,250,100,2000,,AUGP0825
59100065,Telephone Service Using Internet Protocols,59,true,yes,ITCL01,5,250,250,1e+06,1,1e+07,,AU0825,no,,,,,,,,yes,GP01,,250,100,2000,,AUGP0825
59100070,Voice Over Internet Protocol (Voip) Provision (Software-based),59,true,yes,ITCL01,5,250,250,1e+06,1,1e+07,,AU0825,no,,,,,,,,yes,GP01,,250,100,2000,,AUGP0825
59100075,Web Search Portal Operation,59,true,yes,ITCL01,16,250,250,1e+06,1,1e+07,,AU0825,no,,,,,,,,yes,GP01,,250,100,2000,,AUGP0825
59210005,Application Hosting,59,true,yes,ITCL01,10,250,250,1e+06,1,1e+07,,AU0825,no,,,,,,,,yes,GP01,,250,100,2000,,AUGP0825
59210010,Application Service Provision,59,true,yes,ITCL01,10,250,250,1e+06,1,1e+07,,AU0825,no,,,,,,,,yes,GP01,,250,100,2000,,AUGP0825
59210015,Audio And Visual Media Streaming Service,59,true,yes,ITCL01,5,250,250,1e+06,1,1e+07,AUIT25005,AU0825,no,,,,,,,,yes,GP01,,250,100,2000,,AUGP0825
59210040,Computer Time Sharing Service,59,true,yes,ITCL01,3,250,250,1e+06,1,1e+07,,AU0825,no,,,,,,,,yes,GP01,,250,100,2000,,AUGP0825
59210045,Data Capture Imaging Service,59,true,yes,ITCL01,2,250,250,1e+06,1,1e+07,,AU0825,no,,,,,,,,yes,GP01,,250,100,2000,,AUGP0825
59210050,Data Entry Service - Electronic,59,true,yes,ITCL01,1,250,250,1e+06,1,1e+07,,AU0825,no,,,,,,,,yes,GP01,,250,100,2000,,AUGP0825
59210060,Data Processing Service (Except Payroll),59,true,yes,ITCL01,5,250,250,1e+06,1,1e+07,,AU0825,no,,,,,,,,yes,GP01,,250,100,2000,,AUGP0825
59210065,Disk And Diskette Conversion And Recertification Service,59,true,yes,ITCL01,2,500,1000,1e+06,1,1e+07,,AU0825,no,,,,,,,,yes,GP01,,250,100,2000,,AUGP0825
59210075,Microfiche Or Microfilm Recording And Imaging Service,59,true,yes,ITCL01,1,250,250,1e+06,1,1e+07,,AU0825,no,,,,,,,,yes,GP01,,250,100,2000,,AUGP0825
59210090,Networked Computer Games Service,59,true,yes,ITCL01,3,250,1000,1e+06,1,1e+07,,AU0825,no,,,,,,,,yes,GP01,,250,100,2000,,AUGP0825
59210095,Optical Scanning Service,59,true,yes,ITCL01,1,250,250,1e+06,1,1e+07,,AU0825,no,,,,,,,,yes,GP01,,250,100,2000,,AUGP0825
59210100,Tabulating Service,59,true,yes,ITCL01,1,250,250,1e+06,1,1e+07,,AU0825,no,,,,,,,,yes,GP01,,250,100,2000,,AUGP0825
59210105,Web Hosting,59,true,yes,ITCL01,11,1000,2000,1e+06,1,1e+07,,AU0825,no,,,,,,,,yes,GP01,,250,100,2000,,AUGP0825
59220020,Information Storage And Retrieval Service (Except Library Or Bibliographic Services),59,true,yes,ITCL01,5,1000,2000,1e+06,1,1e+07,,AU0825,no,,,,,,,,yes,GP01,,250,100,2000,,AUGP0825
87900005,Adoption Service,87,true,no,,,,,,,,,,no,,,,,,,,yes,GP01,,250,100,2000,,AUGP0825
60100025,Film Archive Operation,60,true,no,,,,,,,,,,no,,,,,,,,yes,GP01,,250,100,2000,,AUGP0825
69220005,Aerial Photography Service,69,true,no,,,,,,,,,,no,,,,,,,,yes,GP01,,250,100,2000,,AUGP0825
60100055,Mobile Library Operation,60,true,no,,,,,,,,,,no,,,,,,,,yes,GP01,,250,100,2000,,AUGP0825
60100070,Municipal Library Service,60,true,no,,,,,,,,,,no,,,,,,,,yes,GP01,,250,100,2000,,AUGP0825
60100080,National Library Service,60,true,no,,,,,,,,,,no,,,,,,,,yes,GP01,,250,100,2000,,AUGP0825
60100090,Photographic Archive Service,60,true,no,,,,,,,,,,no,,,,,,,,yes,GP01,,250,100,2000,,AUGP0825
60100095,Public Library Service,60,true,no,,,,,,,,,,no,,,,,,,,yes,GP01,,250,100,2000,,AUGP0825
60100105,Sound Archive Service,60,true,yes,ITCL01,3,250,250,1e+06,1,1e+07,,AU0825,no,,,,,,,,yes,GP01,,250,100,2000,,AUGP0825
60200010,News Collection For Radio Broadcasting (Except Freelance),60,true,no,,,,,,,,,,no,,,,,,,,yes,GP01,,250,100,2000,,AUGP0825
60200015,News Collection For Television Broadcasting (Except Freelance),60,true,no,,,,,,,,,,no,,,,,,,,yes,GP01,,250,100,2000,,AUGP0825
60200020,News Collection Service,60,true,no,,,,,,,,,,no,,,,,,,,yes,GP01,,250,100,2000,,AUGP0825
60200030,Telephone Information Service,60,true,yes,ITCL01,2,250,250,1e+06,1,1e+07,,AU0825,no,,,,,,,,yes,GP01,,250,100,2000,,AUGP0825
62100005,Central Bank Operation,62,true,no,,,,,,,,,,no,,,,,,,,yes,GP01,,250,100,2000,,AUGP0825
62100015,Financial Regulatory Service,62,true,no,,,,,,,,,,no,,,,,,,,yes,GP01,,250,100,2000,,AUGP0825
62100020,Reserve Bank Operation,62,true,no,,,,,,,,,,no,,,,,,,,yes,GP01,,250,100,2000,,AUGP0825
62210005,Clearing Bank Operation,62,true,no,,,,,,,,,,no,,,,,,,,yes,GP01,,250,100,2000,,AUGP0825
62210010,Development Bank Operation,62,true,no,,,,,,,,,,no,,,,,,,,yes,GP01,,250,100,2000,,AUGP0825
62210015,Rural Bank Operation,62,true,no,,,,,,,,,,no,,,,,,,,yes,GP01,,250,100,2000,,AUGP0825
62210020,Savings Bank Operation,62,true,no,,,,,,,,,,no,,,,,,,,yes,GP01,,250,100,2000,,AUGP0825
62210025,Trading Bank Operation,62,true,no,,,,,,,,,,no,,,,,,,,yes,GP01,,250,100,2000,,AUGP0825
62220005,Building Society Operation,62,true,no,,,,,,,,,,no,,,,,,,,yes,GP01,,250,100,2000,,AUGP0825
62230005,Credit Union Operation,62,true,no,,,,,,,,,,no,,,,,,,,yes,GP01,,250,100,2000,,AUGP0825
62290005,Bill Of Exchange Discounting Or Financing (Except By Banks),62,true,no,,,,,,,,,,no,,,,,,,,yes,GP01,,250,100,2000,,AUGP0825
62290025,Depository Financial Intermediation (Except Banks Building Societies And Credit Unions),62,true,no,,,,,,,,,,no,,,,,,,,yes,GP01,,250,100,2000,,AUGP0825
62290050,Money Market Dealing,62,true,no,,,,,,,,,,no,,,,,,,,yes,GP01,,250,100,2000,,AUGP0825
62300030,Motor Vehicle Leasing On A Purely Financial Service Basis,62,true,no,,,,,,,,,,no,,,,,,,,yes,GP01,,250,100,2000,,AUGP0825
62300050,Other Financing,62,true,no,,,,,,,,,,no,,,,,,,,yes,GP01,,250,100,2000,,AUGP0825
62300065,Terminating Building Society Operation (Except Terminating Building Society Management On A Commission Or Fee Basis),62,true,no,,,,,,,,,,no,,,,,,,,yes,GP01,,250,100,2000,,AUGP0825
62400010,Charitable/educational Trust Or Foundation Operation - Investment Type; In Predominantly Financial Assets (Except Trust Management),62,true,no,,,,,,,,,,no,,,,,,,,yes,GP01,,250,100,2000,,AUGP0825
62400015,Corporate Unit Trust Operation - Assessed As Companies (Except Trust Management On A Commission Or Fee Basis),62,true,no,,,,,,,,,,no,,,,,,,,yes,GP01,,250,100,2000,,AUGP0825
62400035,Friendly Society Operation - Investment Type; In Predominantly Financial Assets,62,true,no,,,,,,,,,,no,,,,,,,,yes,GP01,,250,100,2000,,AUGP0825
62400040,Holding Company Operation - Holding Shares In Subsidiary Companies,62,true,no,,,,,,,,,,no,,,,,,,,yes,GP01,,250,100,2000,,AUGP0825
62400125,Investment Association Operation - Investment Type; In Predominantly Financial Assets,62,true,no,,,,,,,,,,no,,,,,,,,yes,GP01,,250,100,2000,,AUGP0825
62400130,Investment Company Operation - Investment Type; In Predominantly Financial Assets,62,true,no,,,,,,,,,,no,,,,,,,,yes,GP01,,250,100,2000,,AUGP0825
62400135,Investment Operation - Own Account; In Predominantly Financial Assets (Except Superannuation Funds),62,true,no,,,,,,,,,,no,,,,,,,,yes,GP01,,250,100,2000,,AUGP0825
62400196,Public Trading Trust Operation - Assessed As Companies,62,true,no,,,,,,,,,,no,,,,,,,,yes,GP01,,250,100,2000,,AUGP0825
62400210,Unit Trust Operation - Investment Type; In Predominantly Financial Assets (Except Trust Management On A Commission Or Fee Basis),62,true,no,,,,,,,,,,no,,,,,,,,yes,GP01,,250,100,2000,,AUGP0825
62400215,Unit Trust Operation - Other Than Corporate And Public Trading Trusts (Except Trust Management On A Commission Or Fee Basis),62,true,no,,,,,,,,,,no,,,,,,,,yes,GP01,,250,100,2000,,AUGP0825
63100005,Life Insurance Provision,63,true,no,,,,,,,,,,no,,,,,,,,yes,GP01,,250,100,2000,,AUGP0825
63100010,Life Reinsurance Provision,63,true,no,,,,,,,,,,no,,,,,,,,yes,GP01,,250,100,2000,,AUGP0825
63210005,Dental Insurance Provision,63,true,no,,,,,,,,,,no,,,,,,,,yes,GP01,,250,100,2000,,AUGP0825
63210010,Funeral Benefit Provision,63,true,no,,,,,,,,,,no,,,,,,,,yes,GP01,,250,100,2000,,AUGP0825
63210015,Health Insurance Provision,63,true,no,,,,,,,,,,no,,,,,,,,yes,GP01,,250,100,2000,,AUGP0825
63220005,Accident Insurance Provision,63,true,no,,,,,,,,,,no,,,,,,,,yes,GP01,,250,100,2000,,AUGP0825
63220010,All Risks Insurance Provision,63,true,no,,,,,,,,,,no,,,,,,,,yes,GP01,,250,100,2000,,AUGP0825
63220015,Aviation Insurance Provision,63,true,no,,,,,,,,,,no,,,,,,,,yes,GP01,,250,100,2000,,AUGP0825
63220030,Breakdown Loss Insurance Provision For Machinery And Equipment,63,true,no,,,,,,,,,,no,,,,,,,,yes,GP01,,250,100,2000,,AUGP0825
63220035,Burglary Insurance Provision,63,true,no,,,,,,,,,,no,,,,,,,,yes,GP01,,250,100,2000,,AUGP0825
63220040,Canine Insurance Provision,63,true,no,,,,,,,,,,no,,,,,,,,yes,GP01,,250,100,2000,,AUGP0825
63220050,Cash-in-transit Insurance Provision,63,true,no,,,,,,,,,,no,,,,,,,,yes,GP01,,250,100,2000,,AUGP0825
63220055,Comprehensive Household Insurance Provision,63,true,no,,,,,,,,,,no,,,,,,,,yes,GP01,,250,100,2000,,AUGP0825
63220060,Contract Guarantee Insurance Provision,63,true,no,,,,,,,,,,no,,,,,,,,yes,GP01,,250,100,2000,,AUGP0825
63220065,Credit Insurance Provision,63,true,no,,,,,,,,,,no,,,,,,,,yes,GP01,,250,100,2000,,AUGP0825
63220070,Employers Liability Insurance Provision,63,true,no,,,,,,,,,,no,,,,,,,,yes,GP01,,250,100,2000,,AUGP0825
63220075,Exports Payments Insurance Provision,63,true,no,,,,,,,,,,no,,,,,,,,yes,GP01,,250,100,2000,,AUGP0825
63220080,Fidelity Guarantee Insurance Provision,63,true,no,,,,,,,,,,no,,,,,,,,yes,GP01,,250,100,2000,,AUGP0825
63220085,Fire Insurance Provision,63,true,no,,,,,,,,,,no,,,,,,,,yes,GP01,,250,100,2000,,AUGP0825
63220090,Flood Insurance Provision,63,true,no,,,,,,,,,,no,,,,,,,,yes,GP01,,250,100,2000,,AUGP0825
63220100,General Insurance Provision,63,true,no,,,,,,,,,,no,,,,,,,,yes,GP01,,250,100,2000,,AUGP0825
63220105,Growing Crops Insurance Provision,63,true,no,,,,,,,,,,no,,,,,,,,yes,GP01,,250,100,2000,,AUGP0825
63220110,Guarantee Insurance Provision,63,true,no,,,,,,,,,,no,,,,,,,,yes,GP01,,250,100,2000,,AUGP0825
63220115,Household Insurance Provision,63,true,no,,,,,,,,,,no,,,,,,,,yes,GP01,,250,100,2000,,AUGP0825
63220120,Livestock Insurance Provision,63,true,no,,,,,,,,,,no,,,,,,,,yes,GP01,,250,100,2000,,AUGP0825
63220125,Loss Of Profits Insurance Provision,63,true,no,,,,,,,,,,no,,,,,,,,yes,GP01,,250,100,2000,,AUGP0825
63220135,Marine Insurance Provision,63,true,no,,,,,,,,,,no,,,,,,,,yes,GP01,,250,100,2000,,AUGP0825
63220145,Mortgage Insurance Provision,63,true,no,,,,,,,,,,no,,,,,,,,yes,GP01,,250,100,2000,,AUGP0825
63220150,Motor Vehicle Insurance Provision,63,true,no,,,,,,,,,,no,,,,,,,,yes,GP01,,250,100,2000,,AUGP0825
63220155,Owner's Liability Insurance Provision,63,true,no,,,,,,,,,,no,,,,,,,,yes,GP01,,250,100,2000,,AUGP0825
63220165,Personal Accident Insurance Provision,63,true,no,,,,,,,,,,no,,,,,,,,yes,GP01,,250,100,2000,,AUGP0825
63220170,Personal Property Insurance Provision,63,true,no,,,,,,,,,,no,,,,,,,,yes,GP01,,250,100,2000,,AUGP0825
63220175,Plate Glass Insurance Provision,63,true,no,,,,,,,,,,no,,,,,,,,yes,GP01,,250,100,2000,,AUGP0825
63220180,Pluvius Insurance Provision,63,true,no,,,,,,,,,,no,,,,,,,,yes,GP01,,250,100,2000,,AUGP0825
63220185,Professional Indemnity Insurance Provision,63,true,no,,,,,,,,,,no,,,,,,,,yes,GP01,,250,100,2000,,AUGP0825
63220190,Public Risks Third Party Insurance Provision,63,true,no,,,,,,,,,,no,,,,,,,,yes,GP01,,250,100,2000,,AUGP0825
63220195,Reinsurance Provision (Except Life),63,true,no,,,,,,,,,,no,,,,,,,,yes,GP01,,250,100,2000,,AUGP0825
63220200,Riot Insurance Provision,63,true,no,,,,,,,,,,no,,,,,,,,yes,GP01,,250,100,2000,,AUGP0825
63220205,Sportsmans Insurance Provision,63,true,no,,,,,,,,,,no,,,,,,,,yes,GP01,,250,100,2000,,AUGP0825
63220210,Storm Insurance Provision,63,true,no,,,,,,,,,,no,,,,,,,,yes,GP01,,250,100,2000,,AUGP0825
63220215,Television Insurance Provision,63,true,no,,,,,,,,,,no,,,,,,,,yes,GP01,,250,100,2000,,AUGP0825
63220220,Third Party Insurance Provision,63,true,no,,,,,,,,,,no,,,,,,,,yes,GP01,,250,100,2000,,AUGP0825
63220225,Travel Insurance Provision,63,true,no,,,,,,,,,,no,,,,,,,,yes,GP01,,250,100,2000,,AUGP0825
63220235,Workers Compensation Insurance Provision,63,true,no,,,,,,,,,,no,,,,,,,,yes,GP01,,250,100,2000,,AUGP0825
63300005,Approved Deposit Fund Operation - Superannuation,63,true,no,,,,,,,,,,no,,,,,,,,yes,GP01,,250,100,2000,,AUGP0825
63300010,Pension Fund Separately Constituted Operation,63,true,no,,,,,,,,,,no,,,,,,,,yes,GP01,,250,100,2000,,AUGP0825
63300030,Superannuation Fund Separately Constituted Operation,63,true,no,,,,,,,,,,no,,,,,,,,yes,GP01,,250,100,2000,,AUGP0825
64110015,Commodity Contracts Broking Or Dealing On Commission,64,true,no,,,,,,,,,,no,,,,,,,,yes,GP01,,250,100,2000,,AUGP0825
64110030,Financial Asset Broking Service - On A Commission Or Transaction Fee Basis,64,true,no,,,,,,,,,,no,,,,,,,,yes,GP01,,250,100,2000,,AUGP0825
64110045,Investment - On Behalf Of Others,64,true,no,,,,,,,,,,no,,,,,,,,yes,GP01,,250,100,2000,,AUGP0825
64110065,Mortgage Trading Service - On Behalf Of Others - On A Commission Or Fee Basis,64,true,no,,,,,,,,,,no,,,,,,,,yes,GP01,,250,100,2000,,AUGP0825
64110110,Stock Broker,64,true,no,,,,,,,,,,no,,,,,,,,yes,GP01,,250,100,2000,,AUGP0825
64110115,Stock Broking Or Trading On Commission,64,true,no,,,,,,,,,,no,,,,,,,,yes,GP01,,250,100,2000,,AUGP0825
64190005,Advisor - Futures Trading,64,true,no,,,,,,,,,,no,,,,,,,,yes,GP01,,250,100,2000,,AUGP0825
64190015,Auxiliary Finance Service,64,true,no,,,,,,,,,,no,,,,,,,,yes,GP01,,250,100,2000,,AUGP0825
64190020,Bill Payment Services,64,true,no,,,,,,,,,,no,,,,,,,,yes,GP01,,250,100,2000,,AUGP0825
64190025,Bullion Exchange Operation,64,true,no,,,,,,,,,,no,,,,,,,,yes,GP01,,250,100,2000,,AUGP0825
64190030,Clearing House Operation,64,true,no,,,,,,,,,,no,,,,,,,,yes,GP01,,250,100,2000,,AUGP0825
64190035,Co-operative Housing Society Management Service - On A Commission Or Fee Basis,64,true,no,,,,,,,,,,no,,,,,,,,yes,GP01,,250,100,2000,,AUGP0825
64190040,Community Banks - Non-apra Regulated,64,true,no,,,,,,,,,,no,,,,,,,,yes,GP01,,250,100,2000,,AUGP0825
64190045,Credit Card Administration Service,64,true,no,,,,,,,,,,no,,,,,,,,yes,GP01,,250,100,2000,,AUGP0825
64190060,Executor Service,64,true,no,,,,,,,,,,no,,,,,,,,yes,GP01,,250,100,2000,,AUGP0825
64190065,Finance Broking Or Arranging Finance For Others,64,true,no,,,,,,,,,,no,,,,,,,,yes,GP01,,250,100,2000,,AUGP0825
64190085,Financial Planning Services,64,true,no,,,,,,,,,,no,,,,,,,,yes,GP01,,250,100,2000,,AUGP0825
64190090,Foreign Exchange - Non-bank,64,true,no,,,,,,,,,,no,,,,,,,,yes,GP01,,250,100,2000,,AUGP0825
64190095,Home Loan Sales - Arranging Home Loans For Others,64,true,no,,,,,,,,,,no,,,,,,,,yes,GP01,,250,100,2000,,AUGP0825
64190110,Insurance Fund Management Service - On A Commission Or Fee Basis,64,true,no,,,,,,,,,,no,,,,,,,,yes,GP01,,250,100,2000,,AUGP0825
64190130,Investment Consulting Service,64,true,no,,,,,,,,,,no,,,,,,,,yes,GP01,,250,100,2000,,AUGP0825
64190140,Money Changing Service - Non-bank,64,true,no,,,,,,,,,,no,,,,,,,,yes,GP01,,250,100,2000,,AUGP0825
64190145,Money Transfer Service,64,true,no,,,,,,,,,,no,,,,,,,,yes,GP01,,250,100,2000,,AUGP0825
64190150,Nominee Service,64,true,no,,,,,,,,,,no,,,,,,,,yes,GP01,,250,100,2000,,AUGP0825
64190155,Portfolio Investment Management Service - On A Commission Or Fee Basis,64,true,no,,,,,,,,,,no,,,,,,,,yes,GP01,,250,100,2000,,AUGP0825
64190165,Securities Exchange Operation,64,true,no,,,,,,,,,,no,,,,,,,,yes,GP01,,250,100,2000,,AUGP0825
64190170,Security Valuation Service,64,true,no,,,,,,,,,,no,,,,,,,,yes,GP01,,250,100,2000,,AUGP0825
64190175,Share Registry Operation,64,true,no,,,,,,,,,,no,,,,,,,,yes,GP01,,250,100,2000,,AUGP0825
64190180,Stock Exchange Operation,64,true,no,,,,,,,,,,no,,,,,,,,yes,GP01,,250,100,2000,,AUGP0825
64190190,Superannuation Fund Management Service - On A Commission Or Fee Basis,64,true,no,,,,,,,,,,no,,,,,,,,yes,GP01,,250,100,2000,,AUGP0825
64190195,Terminating Building Society Management Service On A Commission Or Fee Basis,64,true,no,,,,,,,,,,no,,,,,,,,yes,GP01,,250,100,2000,,AUGP0825
64190200,Trustee Service,64,true,no,,,,,,,,,,no,,,,,,,,yes,GP01,,250,100,2000,,AUGP0825
64200010,Actuary Services,64,true,no,,,,,,,,,,no,,,,,,,,yes,GP01,,250,100,2000,,AUGP0825
64200015,Claim Adjustment Service,64,true,no,,,,,,,,,,no,,,,,,,,yes,GP01,,250,100,2000,,AUGP0825
64200020,Claim Assessment Service,64,true,no,,,,,,,,,,no,,,,,,,,yes,GP01,,250,100,2000,,AUGP0825
64200035,Insurance Agency Service,64,true,no,,,,,,,,,,no,,,,,,,,yes,GP01,,250,100,2000,,AUGP0825
64200045,Insurance Broking Service,64,true,no,,,,,,,,,,no,,,,,,,,yes,GP01,,250,100,2000,,AUGP0825
64200050,Insurance Consulting Service,64,true,no,,,,,,,,,,no,,,,,,,,yes,GP01,,250,100,2000,,AUGP0825
64200065,Separately Constituted Pension Fund Operation On A Commission Or Fee Basis,64,true,no,,,,,,,,,,no,,,,,,,,yes,GP01,,250,100,2000,,AUGP0825
66110010,Leasing Hiring Or Renting Of Cars From Own Stocks And Without Driver (Except Licensed Hire Cars Or Taxi Cabs),66,true,no,,,,,,,,,,no,,,,,,,,yes,GP01,,250,100,2000,,AUGP0825
66110015,Leasing Hiring Or Renting Of Motor Vehicles From Own Stocks And Without Drivers (Except Hire Cars Or Licensed Taxi Cabs),66,true,no,,,,,,,,,,no,,,,,,,,yes,GP01,,250,100,2000,,AUGP0825
66190015,Aircraft Rental Services Without Pilot,66,true,no,,,,,,,,,,no,,,,,,,,yes,GP01,,250,100,2000,,AUGP0825
66190035,Boat Hiring - Without Crew,66,true,no,,,,,,,,,,no,,,,,,,,yes,GP01,,250,100,2000,,AUGP0825
66190040,Bus Rental - Without Driver (Except Minibus),66,true,no,,,,,,,,,,no,,,,,,,,yes,GP01,,250,100,2000,,AUGP0825
66190041,Campervan Leasing,66,true,no,,,,,,,,,,no,,,,,,,,yes,GP01,,250,100,2000,,AUGP0825
66190045,Caravan Rental,66,true,no,,,,,,,,,,no,,,,,,,,yes,GP01,,250,100,2000,,AUGP0825
66190125,Leasing Hiring Or Renting Of Horse Trailers From Own Stocks,66,true,no,,,,,,,,,,no,,,,,,,,yes,GP01,,250,100,2000,,AUGP0825
66190130,Leasing Hiring Or Renting Of Land Transport Equipment (Except Motor Vehicles),66,true,no,,,,,,,,,,no,,,,,,,,yes,GP01,,250,100,2000,,AUGP0825
66190135,Leasing Hiring Or Renting Of Pallets For Use In Transport Or Storage Of Goods - From Own Stocks,66,true,no,,,,,,,,,,no,,,,,,,,yes,GP01,,250,100,2000,,AUGP0825
66190175,Motor Cycle Rental,66,true,no,,,,,,,,,,no,,,,,,,,yes,GP01,,250,100,2000,,AUGP0825
66190195,Railway Stock Leasing - Without Crew,66,true,no,,,,,,,,,,no,,,,,,,,yes,GP01,,250,100,2000,,AUGP0825
66190210,Ship Rental - Without Crew,66,true,no,,,,,,,,,,no,,,,,,,,yes,GP01,,250,100,2000,,AUGP0825
66190215,Shipping Container Rental,66,true,no,,,,,,,,,,no,,,,,,,,yes,GP01,,250,100,2000,,AUGP0825
66190220,Trailer Rental,66,true,no,,,,,,,,,,no,,,,,,,,yes,GP01,,250,100,2000,,AUGP0825
66190225,Truck Rental - Without Driver,66,true,no,,,,,,,,,,no,,,,,,,,yes,GP01,,250,100,2000,,AUGP0825
66200025,Livestock Leasing,66,true,no,,,,,,,,,,no,,,,,,,,yes,GP01,,250,100,2000,,AUGP0825
66310005,Agricultural Machinery Rental - Without Operator,66,true,no,,,,,,,,,,no,,,,,,,,yes,GP01,,250,100,2000,,AUGP0825
66310010,Construction Machinery Rental - Without Operator,66,true,no,,,,,,,,,,no,,,,,,,,yes,GP01,,250,100,2000,,AUGP0825
66310011,"Heavy Machinery And Equipment Leasing, Hiring Or Rental",66,true,no,,,,,,,,,,no,,,,,,,,yes,GP01,,250,100,2000,,AUGP0825
66310071,"Leasing, Hiring Or Renting Of Plant",66,true,no,,,,,,,,,,no,,,,,,,,yes,GP01,,250,100,2000,,AUGP0825
66310110,Scaffolding Rental (Except Erection Of Scaffolding),66,true,no,,,,,,,,,,no,,,,,,,,yes,GP01,,250,100,2000,,AUGP0825
66320065,Video And Dvd Hire (Except Players Or Machines),66,true,yes,ITCL01,1,250,250,1e+06,1,1e+07,,AU0825,no,,,,,,,,yes,GP01,,250,100,2000,,AUGP0825
66320070,Video Game Rental,66,true,yes,ITCL01,1,250,250,1e+06,1,1e+07,,AU0825,no,,,,,,,,yes,GP01,,250,100,2000,,AUGP0825
66390005,Amusement Machine Coin Operated Rental And Hiring,66,true,no,,,,,,,,,,no,,,,,,,,yes,GP01,,250,100,2000,,AUGP0825
66390010,Art Work Rental,66,true,no,,,,,,,,,,no,,,,,,,,yes,GP01,,250,100,2000,,AUGP0825
66390030,Costume Hiring,66,true,no,,,,,,,,,,no,,,,,,,,yes,GP01,,250,100,2000,,AUGP0825
66390035,DIY Equipment Rental,66,true,no,,,,,,,,,,no,,,,,,,,yes,GP01,,250,100,2000,,AUGP0825
66390055,Function Equipment Renting Leasing Or Hiring,66,true,no,,,,,,,,,,no,,,,,,,,yes,GP01,,250,100,2000,,AUGP0825
66390060,Furniture Rental,66,true,no,,,,,,,,,,no,,,,,,,,yes,GP01,,250,100,2000,,AUGP0825
66390065,Hand Tool Rental,66,true,no,,,,,,,,,,no,,,,,,,,yes,GP01,,250,100,2000,,AUGP0825
66390075,Hire Of Bicycles,66,true,no,,,,,,,,,,no,,,,,,,,yes,GP01,,250,100,2000,,AUGP0825
66390080,Hire Of Camping Equipment,66,true,no,,,,,,,,,,no,,,,,,,,yes,GP01,,250,100,2000,,AUGP0825
66390085,Hire Of Clothing,66,true,no,,,,,,,,,,no,,,,,,,,yes,GP01,,250,100,2000,,AUGP0825
66390090,Hire Of Domestic Appliances,66,true,no,,,,,,,,,,no,,,,,,,,yes,GP01,,250,100,2000,,AUGP0825
66390095,Hire Of Fishing Tackle,66,true,no,,,,,,,,,,no,,,,,,,,yes,GP01,,250,100,2000,,AUGP0825
66390100,Hire Of Flags Or Bunting,66,true,no,,,,,,,,,,no,,,,,,,,yes,GP01,,250,100,2000,,AUGP0825
66390105,Hire Of Formal Wear,66,true,no,,,,,,,,,,no,,,,,,,,yes,GP01,,250,100,2000,,AUGP0825
66390110,Hire Of Hobby Equipment,66,true,no,,,,,,,,,,no,,,,,,,,yes,GP01,,250,100,2000,,AUGP0825
66390130,Hire Of Household Refrigerators,66,true,no,,,,,,,,,,no,,,,,,,,yes,GP01,,250,100,2000,,AUGP0825
66390145,Hire Of Household Sound Reproducing Equipment,66,true,yes,ITCL01,1,250,250,1e+06,1,1e+07,AUIT25020,AU0825,no,,,,,,,,yes,GP01,,250,100,2000,,AUGP0825
66390150,Hire Of Household Stoves Or Heaters,66,true,no,,,,,,,,,,no,,,,,,,,yes,GP01,,250,100,2000,,AUGP0825
66390155,Hire Of Household Washing Machines,66,true,no,,,,,,,,,,no,,,,,,,,yes,GP01,,250,100,2000,,AUGP0825
66390160,Hire Of Personal Or Household Goods,66,true,no,,,,,,,,,,no,,,,,,,,yes,GP01,,250,100,2000,,AUGP0825
66390165,Hire Of Photographic Apparatus,66,true,no,,,,,,,,,,no,,,,,,,,yes,GP01,,250,100,2000,,AUGP0825
66390175,Hire Of Prefabricated Buildings (Except By Manufacturer),66,true,no,,,,,,,,,,no,,,,,,,,yes,GP01,,250,100,2000,,AUGP0825
66390195,Hire Of Snow Skis,66,true,no,,,,,,,,,,no,,,,,,,,yes,GP01,,250,100,2000,,AUGP0825
66390200,Hire Of Sporting Equipment,66,true,no,,,,,,,,,,no,,,,,,,,yes,GP01,,250,100,2000,,AUGP0825
66390210,Hire Of Televisions,66,true,yes,ITCL01,1,250,250,1e+06,1,1e+07,AUIT25020,AU0825,no,,,,,,,,yes,GP01,,250,100,2000,,AUGP0825
66390215,Hire Of Video Recorder Or Equipment,66,true,yes,ITCL01,1,250,250,1e+06,1,1e+07,,AU0825,no,,,,,,,,yes,GP01,,250,100,2000,,AUGP0825
66390225,Indoor Plant Hire,66,true,no,,,,,,,,,,no,,,,,,,,yes,GP01,,250,100,2000,,AUGP0825
66390230,Karaoke Equipment Hire,66,true,yes,ITCL01,1,250,250,1e+06,1,1e+07,,AU0825,no,,,,,,,,yes,GP01,,250,100,2000,,AUGP0825
66390235,Laser Disk Rental Service,66,true,yes,ITCL01,1,250,250,1e+06,1,1e+07,,AU0825,no,,,,,,,,yes,GP01,,250,100,2000,,AUGP0825
66390250,Leasing Hiring Or Renting Of Commercial Refrigeration Equipment From Own Stocks,66,true,no,,,,,,,,,,no,,,,,,,,yes,GP01,,250,100,2000,,AUGP0825
66390255,Leasing Hiring Or Renting Of Computer Peripherals From Own Stocks,66,true,yes,ITCL01,3,250,250,1e+06,1,1e+07,AUIT25020,AU0825,no,,,,,,,,yes,GP01,,250,100,2000,,AUGP0825
66390260,Leasing Hiring Or Renting Of Computers From Own Stocks And Without Operators,66,true,yes,ITCL01,3,250,250,1e+06,1,1e+07,AUIT25020,AU0825,no,,,,,,,,yes,GP01,,250,100,2000,,AUGP0825
66390265,Leasing Hiring Or Renting Of Data Processing Equipment From Own Stocks And Without Operators,66,true,yes,ITCL01,3,250,250,1e+06,1,1e+07,AUIT25020,AU0825,no,,,,,,,,yes,GP01,,250,100,2000,,AUGP0825
66390270,Leasing Hiring Or Renting Of Electrical Neon Signs,66,true,yes,ITCL01,3,250,250,1e+06,1,1e+07,AUIT25020,AU0825,no,,,,,,,,yes,GP01,,250,100,2000,,AUGP0825
66390280,Leasing Hiring Or Renting Of Industrial Communications Equipment From Own Stocks And Without Operators,66,true,yes,ITCL01,3,250,250,1e+06,1,1e+07,AUIT25020,AU0825,no,,,,,,,,yes,GP01,,250,100,2000,,AUGP0825
66390290,Leasing Hiring Or Renting Of Medical Equipment From Own Stocks,66,true,yes,ITCL01,20,1000,2000,1e+06,1,1e+07,AUIT25011;AUIT25020,AU0825,no,,,,,,,,yes,GP01,,250,100,2000,,AUGP0825
66390300,Leasing Hiring Or Renting Of Office Machines Or Equipment From Own Stocks And Without Operators,66,true,yes,ITCL01,3,250,250,1e+06,1,1e+07,AUIT25020,AU0825,no,,,,,,,,yes,GP01,,250,100,2000,,AUGP0825
66390305,Leasing Hiring Or Renting Of Portable Buildings From Own Stocks And Not Assembled By This Business,66,true,no,,,,,,,,,,no,,,,,,,,yes,GP01,,250,100,2000,,AUGP0825
66390310,Leasing Hiring Or Renting Of Portable Fencing From Own Stocks And Not Assembled By This Business,66,true,no,,,,,,,,,,no,,,,,,,,yes,GP01,,250,100,2000,,AUGP0825
66390315,Leasing Hiring Or Renting Of Professional Equipment From Own Stocks,66,true,yes,ITCL01,3,250,250,1e+06,1,1e+07,AUIT25020,AU0825,no,,,,,,,,yes,GP01,,250,100,2000,,AUGP0825
66390320,Leasing Hiring Or Renting Of Scientific Equipment From Own Stocks,66,true,yes,ITCL01,3,250,250,1e+06,1,1e+07,AUIT25020,AU0825,no,,,,,,,,yes,GP01,,250,100,2000,,AUGP0825
66390330,Leasing Hiring Or Renting Of Vending Machines From Own Stocks,66,true,yes,ITCL01,3,250,250,1e+06,1,1e+07,AUIT25020,AU0825,no,,,,,,,,yes,GP01,,250,100,2000,,AUGP0825
66390345,Marquee Hiring,66,true,no,,,,,,,,,,no,,,,,,,,yes,GP01,,250,100,2000,,AUGP0825
66390355,Plants Hiring Service,66,true,no,,,,,,,,,,no,,,,,,,,yes,GP01,,250,100,2000,,AUGP0825
66390365,Pram And Trolley Hire,66,true,no,,,,,,,,,,no,,,,,,,,yes,GP01,,250,100,2000,,AUGP0825
66390370,Short Term Hire Of Studio Lighting Without Operators,66,true,no,,,,,,,,,,no,,,,,,,,yes,GP01,,250,100,2000,,AUGP0825
66390375,Sound Reproducing Equipment Rental,66,true,yes,ITCL01,3,250,250,1e+06,1,1e+07,AUIT25020,AU0825,no,,,,,,,,yes,GP01,,250,100,2000,,AUGP0825
66390390,Theatrical Equipment Renting Agency Operation,66,true,no,,,,,,,,,,no,,,,,,,,yes,GP01,,250,100,2000,,AUGP0825
66390395,Toy Library - Non-welfare Service,66,true,no,,,,,,,,,,no,,,,,,,,yes,GP01,,250,100,2000,,AUGP0825
66390401,Water Ski Equipment Hiring,66,true,no,,,,,,,,,,no,,,,,,,,yes,GP01,,250,100,2000,,AUGP0825
66400035,Investing In Patents,66,true,no,,,,,,,,,,no,,,,,,,,yes,GP01,,250,100,2000,,AUGP0825
66400036,Investing In Tangible Artistic Work,66,true,no,,,,,,,,,,no,,,,,,,,yes,GP01,,250,100,2000,,AUGP0825
66400040,Leasing Of Licences,66,true,no,,,,,,,,,,no,,,,,,,,yes,GP01,,250,100,2000,,AUGP0825
66400060,Non-financial Asset Investing (Except Real Estate Or Plant And Equipment),66,true,no,,,,,,,,,,no,,,,,,,,yes,GP01,,250,100,2000,,AUGP0825
66400080,Taxi Cab Plate Leasing,66,true,no,,,,,,,,,,no,,,,,,,,yes,GP01,,250,100,2000,,AUGP0825
67110005,Apartment Renting Or Leasing (Except Holiday Apartment),67,true,no,,,,,,,,,,no,,,,,,,,yes,GP01,,250,100,2000,,AUGP0825
67110010,Body Corporate Services - Made Up Of Owner/occupiers Of A Small Block Of Flats Units Townhouses Or Duplexes,67,true,no,,,,,,,,,,no,,,,,,,,yes,GP01,,250,100,2000,,AUGP0825
67110020,Caravan Park Operation - Residential (Except Holiday),67,true,no,,,,,,,,,,no,,,,,,,,yes,GP01,,250,100,2000,,AUGP0825
67110025,Flats Renting Or Leasing (Except Holiday Flats),67,true,no,,,,,,,,,,no,,,,,,,,yes,GP01,,250,100,2000,,AUGP0825
67110030,House Renting Or Leasing (Except Holiday House),67,true,no,,,,,,,,,,no,,,,,,,,yes,GP01,,250,100,2000,,AUGP0825
67110145,Residential Property Renting Or Leasing - As Owner Or Leaseholder (Except Holiday Houses Holiday Flats Or Holiday Units),67,true,no,,,,,,,,,,no,,,,,,,,yes,GP01,,250,100,2000,,AUGP0825
98000044,Business Broker,98,true,no,,,,,,,,,,no,,,,,,,,yes,GP01,,250,100,2000,,AUGP0825
67120006,Arcade Or Mall Rental Or Leasing,67,true,no,,,,,,,,,,no,,,,,,,,yes,GP01,,250,100,2000,,AUGP0825
67120055,Commercial Rental Property - As Owner Or Leaseholder,67,true,no,,,,,,,,,,no,,,,,,,,yes,GP01,,250,100,2000,,AUGP0825
67120056,Commercial Property Rental - Single Tenant Risks,67,true,no,,,,,,,,,,no,,,,,,,,yes,GP01,,250,100,2000,,AUGP0825
67120057,Commercial Property Rental - Multiple Tenant Risks,67,true,no,,,,,,,,,,no,,,,,,,,yes,GP01,,250,100,2000,,AUGP0825
67120070,Event Centre Operation (Except Mainly Accommodation Or Catering),67,true,no,,,,,,,,,,no,,,,,,,,yes,GP01,,250,100,2000,,AUGP0825
67120075,Factory Renting Or Leasing,67,true,no,,,,,,,,,,no,,,,,,,,yes,GP01,,250,100,2000,,AUGP0825
67120086,Industrial Property Rental - Single Tenant Risks,67,true,no,,,,,,,,,,no,,,,,,,,yes,GP01,,250,100,2000,,AUGP0825
67120087,Industrial Property Rental - Multiple Tenant Risks,67,true,no,,,,,,,,,,no,,,,,,,,yes,GP01,,250,100,2000,,AUGP0825
67120105,Investment - Renting Or Leasing Own Commercial And/or Industrial Property,67,true,no,,,,,,,,,,no,,,,,,,,yes,GP01,,250,100,2000,,AUGP0825
67120110,Leasing Hiring Or Renting Of Recreation Halls As Owner Or Leaseholder,67,true,no,,,,,,,,,,no,,,,,,,,yes,GP01,,250,100,2000,,AUGP0825
67120115,Office Space Renting Or Leasing,67,true,no,,,,,,,,,,no,,,,,,,,yes,GP01,,250,100,2000,,AUGP0825
67120141,"Property Owner - Hotels, Pubs Or Taverns",67,true,no,,,,,,,,,,no,,,,,,,,yes,GP01,,250,100,2000,,AUGP0825
67120142,Property Owner - Motels,67,true,no,,,,,,,,,,no,,,,,,,,yes,GP01,,250,100,2000,,AUGP0825
67120143,Property Owner - Restaurants,67,true,no,,,,,,,,,,no,,,,,,,,yes,GP01,,250,100,2000,,AUGP0825
67120144,Property Owner - Unoccupied Risks,67,true,no,,,,,,,,,,no,,,,,,,,yes,GP01,,250,100,2000,,AUGP0825
67120147,Property Owner - Vacant Land (Excluding Land Development Or Sub-Division),67,true,no,,,,,,,,,,no,,,,,,,,yes,GP01,,250,100,2000,,AUGP0825
67120148,Property Owner - Nursing Homes,67,true,no,,,,,,,,,,no,,,,,,,,yes,GP01,,250,100,2000,,AUGP0825
67120149,Property Owner - Boarding Houses Or Hostels,67,true,no,,,,,,,,,,no,,,,,,,,yes,GP01,,250,100,2000,,AUGP0825
67120165,Property Rental - Shops As Owner Or Leaseholder,67,true,no,,,,,,,,,,no,,,,,,,,yes,GP01,,250,100,2000,,AUGP0825
67120195,Renting Or Leasing Of Non-residential Real Estate As Owner Or Leaseholder,67,true,no,,,,,,,,,,no,,,,,,,,yes,GP01,,250,100,2000,,AUGP0825
67120205,Shopping Centre Renting Or Leasing,67,true,no,,,,,,,,,,no,,,,,,,,yes,GP01,,250,100,2000,,AUGP0825
67120206,Shopping Centre Or Mall Or Arcade Operation,67,true,no,,,,,,,,,,no,,,,,,,,yes,GP01,,250,100,2000,,AUGP0825
67120207,Property Owner - Shopping Cluster,67,true,no,,,,,,,,,,no,,,,,,,,yes,GP01,,250,100,2000,,AUGP0825
67120208,Shopping Complex Operation,67,true,no,,,,,,,,,,no,,,,,,,,yes,GP01,,250,100,2000,,AUGP0825
67120215,Warehouse Renting Or Leasing,67,true,no,,,,,,,,,,no,,,,,,,,yes,GP01,,250,100,2000,,AUGP0825
98000047,Holiday Unit Managers,98,true,no,,,,,,,,,,no,,,,,,,,yes,GP01,,250,100,2000,,AUGP0825
98000048,Land Settlement Agent & Broker,98,true,no,,,,,,,,,,no,,,,,,,,yes,GP01,,250,100,2000,,AUGP0825
98000046,Real Estate - General Insurance agent activities,98,true,no,,,,,,,,,,no,,,,,,,,yes,GP01,,250,100,2000,,AUGP0825
67200045,Real Estate Agency Service,67,true,no,,,,,,,,,,no,,,,,,,,yes,GP01,,250,100,2000,,AUGP0825
67200025,Broking Service - Real Estate,67,true,no,,,,,,,,,,no,,,,,,,,yes,GP01,,250,100,2000,,AUGP0825
67200075,Real Estate Rental Agency Service,67,true,no,,,,,,,,,,no,,,,,,,,yes,GP01,,250,100,2000,,AUGP0825
67200070,Real Estate Management Service,67,true,no,,,,,,,,,,no,,,,,,,,yes,GP01,,250,100,2000,,AUGP0825
67200085,Real Estate Valuing Service,67,true,no,,,,,,,,,,no,,,,,,,,yes,GP01,,250,100,2000,,AUGP0825
98000049,Real Estate Agent – Sales,98,true,no,,,,,,,,,,no,,,,,,,,yes,GP01,,250,100,2000,,AUGP0825
67200190,Time Share Apartment Management Service,67,true,no,,,,,,,,,,no,,,,,,,,yes,GP01,,250,100,2000,,AUGP0825
69100005,Aeronautical Research,69,true,no,,,,,,,,,,no,,,,,,,,yes,GP01,,250,100,2000,,AUGP0825
98000096,Agricultural Consultant / Agronomist,98,true,no,,,,,,,,,,no,,,,,,,,yes,GP01,,250,100,2000,,AUGP0825
98000112,Anthropologist,98,true,no,,,,,,,,,,no,,,,,,,,yes,GP01,,250,100,2000,,AUGP0825
69100080,Economic Research,69,true,no,,,,,,,,,,no,,,,,,,,yes,GP01,,250,100,2000,,AUGP0825
98000113,Archaeologist,98,true,no,,,,,,,,,,no,,,,,,,,yes,GP01,,250,100,2000,,AUGP0825
69100050,Biological Research,69,true,no,,,,,,,,,,refer,AHCL05,AH06,1000,150,$1m PI $10m PL,,AUAH25,yes,GP01,,250,100,2000,,AUGP0825
98000114,Biologists,98,true,no,,,,,,,,,,no,,,,,,,,yes,GP01,,250,100,2000,,AUGP0825
69990005,Black Coal Grading,69,true,no,,,,,,,,,,no,,,,,,,,yes,GP01,,250,100,2000,,AUGP0825
69100125,Medical Research Institution Operation,69,true,no,,,,,,,,,,refer,AHCL05,AH06,1000,150,$1m PI $10m PL,,AUAH25,yes,GP01,,250,100,2000,,AUGP0825
69100135,Medical Science Research Activities,69,true,no,,,,,,,,,,refer,AHCL05,AH06,1000,150,$1m PI $10m PL,,AUAH25,yes,GP01,,250,100,2000,,AUGP0825
98000128,Building Biologist,98,true,no,,,,,,,,,,no,,,,,,,,yes,GP01,,250,100,2000,,AUGP0825
69100145,Observatory Operation,69,true,no,,,,,,,,,,no,,,,,,,,yes,GP01,,250,100,2000,,AUGP0825
69620005,Agricultural Management Consulting Service,69,true,no,,,,,,,,,,no,,,,,,,,yes,GP01,,250,100,2000,,AUGP0825
98000115,Cartography Consultants,98,true,no,,,,,,,,,,no,,,,,,,,yes,GP01,,250,100,2000,,AUGP0825
69250015,Chemical Analysis Service,69,true,no,,,,,,,,,,no,,,,,,,,yes,GP01,,250,100,2000,,AUGP0825
69100195,Space Tracking Research Station Operation,69,true,no,,,,,,,,,,no,,,,,,,,yes,GP01,,250,100,2000,,AUGP0825
98000116,Clinical Research Consultant,98,true,no,,,,,,,,,,no,,,,,,,,yes,GP01,,250,100,2000,,AUGP0825
98000052,Architect - Contract Administration,98,true,no,,,,,,,,,,no,,,,,,,,yes,GP01,,250,100,2000,,AUGP0825
69210025,Drafting Service Architectural,69,true,no,,,,,,,,,,no,,,,,,,,yes,GP01,,250,100,2000,,AUGP0825
98000056,Architect - Expert Witness (Architectural / Design),98,true,no,,,,,,,,,,no,,,,,,,,yes,GP01,,250,100,2000,,AUGP0825
98000053,Architect - Feasibility Studies,98,true,no,,,,,,,,,,no,,,,,,,,yes,GP01,,250,100,2000,,AUGP0825
60100005,Archival Service,60,true,no,,,,,,,,,,no,,,,,,,,yes,GP01,,250,100,2000,,AUGP0825
69220010,Aerial Surveying Service,69,true,no,,,,,,,,,,no,,,,,,,,yes,GP01,,250,100,2000,,AUGP0825
69220015,Cadastral Surveying Service,69,true,no,,,,,,,,,,no,,,,,,,,yes,GP01,,250,100,2000,,AUGP0825
69220020,Engineering Surveying Service,69,true,no,,,,,,,,,,no,,,,,,,,yes,GP01,,250,100,2000,,AUGP0825
69220025,Geodetic Surveying Service,69,true,no,,,,,,,,,,no,,,,,,,,yes,GP01,,250,100,2000,,AUGP0825
69220030,Geological Or Geophysical Surveying Service On A Contract Or Fee Basis,69,true,no,,,,,,,,,,no,,,,,,,,yes,GP01,,250,100,2000,,AUGP0825
69220035,Geotechnical Surveying Services,69,true,no,,,,,,,,,,no,,,,,,,,yes,GP01,,250,100,2000,,AUGP0825
69220040,Gravimetric Surveying Service,69,true,no,,,,,,,,,,no,,,,,,,,yes,GP01,,250,100,2000,,AUGP0825
69220050,Hydrographic Surveying Service,69,true,no,,,,,,,,,,no,,,,,,,,yes,GP01,,250,100,2000,,AUGP0825
69220055,Land Surveying Service,69,true,no,,,,,,,,,,no,,,,,,,,yes,GP01,,250,100,2000,,AUGP0825
98000001,Art Gallery / Museum / Conservatory,98,true,no,,,,,,,,,,no,,,,,,,,yes,GP01,,250,100,2000,,AUGP0825
69220065,Marine Surveying Service,69,true,no,,,,,,,,,,no,,,,,,,,yes,GP01,,250,100,2000,,AUGP0825
69220070,Mining Surveying Service,69,true,no,,,,,,,,,,no,,,,,,,,yes,GP01,,250,100,2000,,AUGP0825
69220075,Oceanographic Surveying Service,69,true,no,,,,,,,,,,no,,,,,,,,yes,GP01,,250,100,2000,,AUGP0825
69220080,Photogrammetry,69,true,no,,,,,,,,,,no,,,,,,,,yes,GP01,,250,100,2000,,AUGP0825
69220085,Seismic Surveying Service,69,true,no,,,,,,,,,,no,,,,,,,,yes,GP01,,250,100,2000,,AUGP0825
69220086,Surveying And Mapping Services,69,true,no,,,,,,,,,,no,,,,,,,,yes,GP01,,250,100,2000,,AUGP0825
69230005,Boat Designing Service,69,true,no,,,,,,,,,,no,,,,,,,,yes,GP01,,250,100,2000,,AUGP0825
69230010,Building Consulting Service,69,true,no,,,,,,,,,,no,,,,,,,,yes,GP01,,250,100,2000,,AUGP0825
69230015,Building Engineering Consulting Service (Except As Prime Contractor),69,true,no,,,,,,,,,,no,,,,,,,,yes,GP01,,250,100,2000,,AUGP0825
69230020,Building Inspection Service,69,true,no,,,,,,,,,,no,,,,,,,,yes,GP01,,250,100,2000,,AUGP0825
69230025,Chemical Engineering Consulting Service,69,true,no,,,,,,,,,,no,,,,,,,,yes,GP01,,250,100,2000,,AUGP0825
69230030,Civil Engineering Consulting Service,69,true,no,,,,,,,,,,no,,,,,,,,yes,GP01,,250,100,2000,,AUGP0825
69230040,Construction Project Management Service On A Fee Or Contract Basis,69,true,no,,,,,,,,,,no,,,,,,,,yes,GP01,,250,100,2000,,AUGP0825
69230045,Consultant Engineering Service,69,true,no,,,,,,,,,,no,,,,,,,,yes,GP01,,250,100,2000,,AUGP0825
69230055,Drawing Office Engineering Service,69,true,no,,,,,,,,,,no,,,,,,,,yes,GP01,,250,100,2000,,AUGP0825
69230060,Electrical Engineering Consulting Service,69,true,no,,,,,,,,,,no,,,,,,,,yes,GP01,,250,100,2000,,AUGP0825
69230065,Electronic Engineering Consulting Service,69,true,no,,,,,,,,,,no,,,,,,,,yes,GP01,,250,100,2000,,AUGP0825
69230070,Engineering Consulting Service,69,true,no,,,,,,,,,,no,,,,,,,,yes,GP01,,250,100,2000,,AUGP0825
69230075,Engineering Drafting Service,69,true,no,,,,,,,,,,no,,,,,,,,yes,GP01,,250,100,2000,,AUGP0825
69230080,Environmental Engineering Consulting Service,69,true,no,,,,,,,,,,no,,,,,,,,yes,GP01,,250,100,2000,,AUGP0825
69230090,Hydraulic Engineering Consulting Service,69,true,no,,,,,,,,,,no,,,,,,,,yes,GP01,,250,100,2000,,AUGP0825
69230115,Marine Engineering Consulting Service,69,true,no,,,,,,,,,,no,,,,,,,,yes,GP01,,250,100,2000,,AUGP0825
69230120,Materials Handling Engineering Consulting Service,69,true,no,,,,,,,,,,no,,,,,,,,yes,GP01,,250,100,2000,,AUGP0825
69230130,Mining Engineering Consulting Service,69,true,no,,,,,,,,,,no,,,,,,,,yes,GP01,,250,100,2000,,AUGP0825
69230135,Naval Architecture Service,69,true,no,,,,,,,,,,no,,,,,,,,yes,GP01,,250,100,2000,,AUGP0825
69230145,Pipeline Engineering Consulting Service,69,true,no,,,,,,,,,,no,,,,,,,,yes,GP01,,250,100,2000,,AUGP0825
98000054,Architect - Project Management,98,true,no,,,,,,,,,,no,,,,,,,,yes,GP01,,250,100,2000,,AUGP0825
69230170,Quantity Surveying Service,69,true,no,,,,,,,,,,no,,,,,,,,yes,GP01,,250,100,2000,,AUGP0825
69230180,Sanitary Engineering Consulting Service,69,true,no,,,,,,,,,,no,,,,,,,,yes,GP01,,250,100,2000,,AUGP0825
69230185,Traffic Engineering Consulting Service,69,true,no,,,,,,,,,,no,,,,,,,,yes,GP01,,250,100,2000,,AUGP0825
69240010,Billboard Advertising Service,69,true,no,,,,,,,,,,no,,,,,,,,yes,GP01,,250,100,2000,,AUGP0825
69240015,Commercial Art Service,69,true,no,,,,,,,,,,no,,,,,,,,yes,GP01,,250,100,2000,,AUGP0825
69240020,Display Service,69,true,no,,,,,,,,,,no,,,,,,,,yes,GP01,,250,100,2000,,AUGP0825
69240030,Fashion Design Service,69,true,no,,,,,,,,,,no,,,,,,,,yes,GP01,,250,100,2000,,AUGP0825
69210010,Architectural Consulting Service (Except Construction Project Management),69,true,no,,,,,,,,,,no,,,,,,,,yes,GP01,,250,100,2000,,AUGP0825
90020065,Costume Designing,90,true,no,,,,,,,,,,no,,,,,,,,yes,GP01,,250,100,2000,,AUGP0825
98000055,Energy Rating Certifiers / Assessors,98,true,no,,,,,,,,,,no,,,,,,,,yes,GP01,,250,100,2000,,AUGP0825
90020110,Film Set Construction - Set Designing,90,true,no,,,,,,,,,,no,,,,,,,,yes,GP01,,250,100,2000,,AUGP0825
69240035,Graphic Design Service,69,true,no,,,,,,,,,,no,,,,,,,,yes,GP01,,250,100,2000,,AUGP0825
69240070,Ticket Writing,69,true,no,,,,,,,,,,no,,,,,,,,yes,GP01,,250,100,2000,,AUGP0825
98000057,Heritage Consultant,98,true,no,,,,,,,,,,no,,,,,,,,yes,GP01,,250,100,2000,,AUGP0825
98000117,Coin / Numismatics Advisors,98,true,no,,,,,,,,,,no,,,,,,,,yes,GP01,,250,100,2000,,AUGP0825
69990010,Diamond Grading Service On A Contract Or Fee Basis,69,true,no,,,,,,,,,,no,,,,,,,,yes,GP01,,250,100,2000,,AUGP0825
69990015,Diamond Sorting Service On A Contract Or Fee Basis,69,true,no,,,,,,,,,,no,,,,,,,,yes,GP01,,250,100,2000,,AUGP0825
69100090,Educational Research,69,true,no,,,,,,,,,,no,,,,,,,,yes,GP01,,250,100,2000,,AUGP0825
69100095,Engineering Research Activities,69,true,no,,,,,,,,,,no,,,,,,,,yes,GP01,,250,100,2000,,AUGP0825
98000118,Entomology Consultants (Insects),98,true,no,,,,,,,,,,no,,,,,,,,yes,GP01,,250,100,2000,,AUGP0825
98000119,Food and Berverage Design Consultants,98,true,no,,,,,,,,,,no,,,,,,,,yes,GP01,,250,100,2000,,AUGP0825
69250085,Non-destructive Testing Service,69,true,no,,,,,,,,,,no,,,,,,,,yes,GP01,,250,100,2000,,AUGP0825
69100020,Agricultural Research,69,true,no,,,,,,,,,,refer,AHCL05,AH06,1000,150,$1m PI $10m PL,,AUAH25,yes,GP01,,250,100,2000,,AUGP0825
98000120,Food and Berverage Inspectors,98,true,no,,,,,,,,,,no,,,,,,,,yes,GP01,,250,100,2000,,AUGP0825
69250135,Seismic Survey Data Analysis Service,69,true,no,,,,,,,,,,no,,,,,,,,yes,GP01,,250,100,2000,,AUGP0825
98000097,Animal Production and Nutrition Consulting Service,98,true,no,,,,,,,,,,no,,,,,,,,yes,GP01,,250,100,2000,,AUGP0825
69250155,Testing Or Assay Service On A Contract Or Fee Basis,69,true,no,,,,,,,,,,no,,,,,,,,yes,GP01,,250,100,2000,,AUGP0825
69100100,Food Research,69,true,no,,,,,,,,,,refer,AHCL05,AH06,1000,150,$1m PI $10m PL,,AUAH25,yes,GP01,,250,100,2000,,AUGP0825
98000100,Food Science and Quality Assurance Consulting Service,98,true,no,,,,,,,,,,no,,,,,,,,yes,GP01,,250,100,2000,,AUGP0825
69310005,Advocacy Services (Not a Solicitor or Barrister),69,true,no,,,,,,,,,,no,,,,,,,,yes,GP01,,250,100,2000,,AUGP0825
69310016,Attorney Services,69,true,no,,,,,,,,,,no,,,,,,,,yes,GP01,,250,100,2000,,AUGP0825
69310025,Barrister Service,69,true,no,,,,,,,,,,no,,,,,,,,yes,GP01,,250,100,2000,,AUGP0825
69310030,Conveyancing Service (not as Qualified Legal Practitioner),69,true,no,,,,,,,,,,no,,,,,,,,yes,GP01,,250,100,2000,,AUGP0825
69310035,Conveyancing Service By Qualified Legal Practitioners,69,true,no,,,,,,,,,,no,,,,,,,,yes,GP01,,250,100,2000,,AUGP0825
69310055,Lawyers,69,true,no,,,,,,,,,,no,,,,,,,,yes,GP01,,250,100,2000,,AUGP0825
69310060,Legal Aid Service,69,true,no,,,,,,,,,,no,,,,,,,,yes,GP01,,250,100,2000,,AUGP0825
69310070,Legal Service,69,true,no,,,,,,,,,,no,,,,,,,,yes,GP01,,250,100,2000,,AUGP0825
69310080,Notary Service,69,true,no,,,,,,,,,,no,,,,,,,,yes,GP01,,250,100,2000,,AUGP0825
69310095,Process Serving Agency,69,true,no,,,,,,,,,,no,,,,,,,,yes,GP01,,250,100,2000,,AUGP0825
69310100,Real Estate Title Transfer Service,69,true,no,,,,,,,,,,no,,,,,,,,yes,GP01,,250,100,2000,,AUGP0825
69310115,Solicitor Service,69,true,no,,,,,,,,,,no,,,,,,,,yes,GP01,,250,100,2000,,AUGP0825
69310125,Title-searching Service,69,true,no,,,,,,,,,,no,,,,,,,,yes,GP01,,250,100,2000,,AUGP0825
69320005,Accountant,69,true,no,,,,,,,,,,no,,,,,,,,yes,GP01,,250,100,2000,,AUGP0825
69320010,Accounting Service,69,true,no,,,,,,,,,,no,,,,,,,,yes,GP01,,250,100,2000,,AUGP0825
69320025,Auditing Services,69,true,no,,,,,,,,,,no,,,,,,,,yes,GP01,,250,100,2000,,AUGP0825
69320030,Auditor - Own Account,69,true,no,,,,,,,,,,no,,,,,,,,yes,GP01,,250,100,2000,,AUGP0825
69320035,Bookkeeping Service,69,true,no,,,,,,,,,,no,,,,,,,,yes,GP01,,250,100,2000,,AUGP0825
69320040,Insolvency Reconstruction,69,true,no,,,,,,,,,,no,,,,,,,,yes,GP01,,250,100,2000,,AUGP0825
69320045,Liquidation And Receivership Accounting Service,69,true,no,,,,,,,,,,no,,,,,,,,yes,GP01,,250,100,2000,,AUGP0825
69320055,Tax Agent Service,69,true,no,,,,,,,,,,no,,,,,,,,yes,GP01,,250,100,2000,,AUGP0825
69400025,Advertising Service (Except Sale Of Advertising Space In Own Publications Or Broadcasts),69,true,no,,,,,,,,,,no,,,,,,,,yes,GP01,,250,100,2000,,AUGP0825
69400050,Direct Mail Advertising Service,69,true,no,,,,,,,,,,no,,,,,,,,yes,GP01,,250,100,2000,,AUGP0825
69400055,Internet Advertising Services,69,true,yes,ITCL01,3,250,250,1e+06,1,1e+07,,AU0825,no,,,,,,,,yes,GP01,,250,100,2000,,AUGP0825
69400056,Power Tool Demonstration,69,true,no,,,,,,,,,,no,,,,,,,,yes,GP01,,250,100,2000,,AUGP0825
69400070,Sample Distribution Service,69,true,no,,,,,,,,,,no,,,,,,,,yes,GP01,,250,100,2000,,AUGP0825
69500005,Business Statistical Service,69,true,no,,,,,,,,,,no,,,,,,,,yes,GP01,,250,100,2000,,AUGP0825
69500010,Market Research Service,69,true,no,,,,,,,,,,no,,,,,,,,yes,GP01,,250,100,2000,,AUGP0825
98000004,Catering Consultant,98,true,no,,,,,,,,,,no,,,,,,,,yes,GP01,,250,100,2000,,AUGP0825
69610005,Corporate Head Office Management,69,true,no,,,,,,,,,,no,,,,,,,,yes,GP01,,250,100,2000,,AUGP0825
98000098,Aquaculture Consulting Service,98,true,no,,,,,,,,,,no,,,,,,,,yes,GP01,,250,100,2000,,AUGP0825
69620010,Artist Entertainer Or Other Public Figures Management Service,69,true,no,,,,,,,,,,no,,,,,,,,yes,GP01,,250,100,2000,,AUGP0825
69620080,Business Migration Consulting Service,69,true,no,,,,,,,,,,no,,,,,,,,yes,GP01,,250,100,2000,,AUGP0825
69620115,Efficiency Advisory Service,69,true,no,,,,,,,,,,no,,,,,,,,yes,GP01,,250,100,2000,,AUGP0825
72910010,Billing And Record-keeping Service,72,true,no,,,,,,,,,,no,,,,,,,,yes,GP01,,250,100,2000,,AUGP0825
98000099,"Crop protection, Pest and Disease Management Consulting Service",98,true,no,,,,,,,,,,no,,,,,,,,yes,GP01,,250,100,2000,,AUGP0825
98000107,Ecology Advisors,98,true,no,,,,,,,,,,no,,,,,,,,yes,GP01,,250,100,2000,,AUGP0825
69250140,Soil Testing Service,69,true,no,,,,,,,,,,no,,,,,,,,yes,GP01,,250,100,2000,,AUGP0825
69620180,Government Relations Consulting Service,69,true,no,,,,,,,,,,no,,,,,,,,yes,GP01,,250,100,2000,,AUGP0825
72920010,Desktop Publishing - Document Preparation Service,72,true,no,,,,,,,,,,no,,,,,,,,yes,GP01,,250,100,2000,,AUGP0825
69620215,Management Consulting Service,69,true,no,,,,,,,,,,no,,,,,,,,yes,GP01,,250,100,2000,,AUGP0825
72990010,Booking Agency Operation (Except Travel Or Accommodation),72,true,no,,,,,,,,,,no,,,,,,,,yes,GP01,,250,100,2000,,AUGP0825
72200015,Booking Service - Passenger Transport And/or Accommodation,72,true,no,,,,,,,,,,no,,,,,,,,yes,GP01,,250,100,2000,,AUGP0825
72920020,Document Editing Or Proofreading Service,72,true,no,,,,,,,,,,no,,,,,,,,yes,GP01,,250,100,2000,,AUGP0825
98000021,Conference Management,98,true,no,,,,,,,,,,no,,,,,,,,yes,GP01,,250,100,2000,,AUGP0825
69620265,Occupational Health And Safety - Ohas - Consulting Service,69,true,no,,,,,,,,,,no,,,,,,,,yes,GP01,,250,100,2000,,AUGP0825
69620300,Operations Research Service - Commercial,69,true,no,,,,,,,,,,no,,,,,,,,yes,GP01,,250,100,2000,,AUGP0825
69620305,Personnel Management Consulting Service,69,true,no,,,,,,,,,,no,,,,,,,,yes,GP01,,250,100,2000,,AUGP0825
69620320,Public Relations Consulting Service,69,true,no,,,,,,,,,,no,,,,,,,,yes,GP01,,250,100,2000,,AUGP0825
69620335,Sales Advisory Service,69,true,no,,,,,,,,,,no,,,,,,,,yes,GP01,,250,100,2000,,AUGP0825
95390070,Dog Obedience Training,95,true,no,,,,,,,,,,no,,,,,,,,yes,GP01,,250,100,2000,,AUGP0825
98000002,Franchisor,98,true,refer,ITL01,5,250,250,1e+06,1,1e+07,,v04.23,no,,,,,,,,yes,GP01,,250,100,2000,,AUGP0825
69700010,Animal Hospital Operation,69,true,no,,,,,,,,,,no,,,,,,,,yes,GP01,,250,100,2000,,AUGP0825
69700020,Animal Quarantine Station Operation,69,true,no,,,,,,,,,,no,,,,,,,,yes,GP01,,250,100,2000,,AUGP0825
69700030,Sterilisation Services - Veterinary I.e. Spaying Of Animals,69,true,no,,,,,,,,,,no,,,,,,,,yes,GP01,,250,100,2000,,AUGP0825
69700035,Veterinary Clinic Operation,69,true,no,,,,,,,,,,no,,,,,,,,yes,GP01,,250,100,2000,,AUGP0825
69700045,Veterinary Pathology Services,69,true,no,,,,,,,,,,no,,,,,,,,yes,GP01,,250,100,2000,,AUGP0825
69700050,Veterinary Service,69,true,no,,,,,,,,,,no,,,,,,,,yes,GP01,,250,100,2000,,AUGP0825
69700055,Veterinary Surgeon - Own Account,69,true,no,,,,,,,,,,no,,,,,,,,yes,GP01,,250,100,2000,,AUGP0825
69910005,Commercial Photography Service (Except Aerial Photography Motion Picture Production Or Photographic Film Processing),69,true,no,,,,,,,,,,no,,,,,,,,yes,GP01,,250,100,2000,,AUGP0825
69910006,Mobile Photography Service,69,true,no,,,,,,,,,,no,,,,,,,,yes,GP01,,250,100,2000,,AUGP0825
69910015,Photography Service (Except Aerial Photography Motion Picture Production Or Photographic Film Processing),69,true,no,,,,,,,,,,no,,,,,,,,yes,GP01,,250,100,2000,,AUGP0825
69910020,Portrait Photography Service,69,true,no,,,,,,,,,,no,,,,,,,,yes,GP01,,250,100,2000,,AUGP0825
69910030,Street Photography Service,69,true,no,,,,,,,,,,no,,,,,,,,yes,GP01,,250,100,2000,,AUGP0825
69910035,Studio Photography Service,69,true,no,,,,,,,,,,no,,,,,,,,yes,GP01,,250,100,2000,,AUGP0825
69910045,Video Filming Of Special Events (E.g. Birthdays Weddings),69,true,no,,,,,,,,,,no,,,,,,,,yes,GP01,,250,100,2000,,AUGP0825
69250030,Forensic Science Consulting Service (Except Pathology Service),69,true,no,,,,,,,,,,no,,,,,,,,yes,GP01,,250,100,2000,,AUGP0825
98000121,Gemstones / Lapidiary Consultants,98,true,no,,,,,,,,,,no,,,,,,,,yes,GP01,,250,100,2000,,AUGP0825
98000122,Geological / Mining consultant,98,true,no,,,,,,,,,,no,,,,,,,,yes,GP01,,250,100,2000,,AUGP0825
69250040,Geology And Geophysical Testing Service,69,true,no,,,,,,,,,,no,,,,,,,,yes,GP01,,250,100,2000,,AUGP0825
72990075,Fundraising On A Commission Or Fee Basis,72,true,no,,,,,,,,,,no,,,,,,,,yes,GP01,,250,100,2000,,AUGP0825
69990020,Grading Fresh Liquid Whole Milk Or Cream,69,true,no,,,,,,,,,,no,,,,,,,,yes,GP01,,250,100,2000,,AUGP0825
69990055,Non-financial Asset Broking Service,69,true,no,,,,,,,,,,no,,,,,,,,yes,GP01,,250,100,2000,,AUGP0825
69990060,Registered Mediator Who Provides Mediation For Businesses,69,true,no,,,,,,,,,,no,,,,,,,,yes,GP01,,250,100,2000,,AUGP0825
69990065,Sterilisation Services - Medical Equipment,69,true,no,,,,,,,,,,no,,,,,,,,yes,GP01,,250,100,2000,,AUGP0825
69990070,Stocktaking Service (Except For Real Estate),69,true,no,,,,,,,,,,no,,,,,,,,yes,GP01,,250,100,2000,,AUGP0825
98000003,Hotel and Hospitality Consultants,98,true,no,,,,,,,,,,no,,,,,,,,yes,GP01,,250,100,2000,,AUGP0825
69990080,Valuation Service (Except For Real Estate),69,true,no,,,,,,,,,,no,,,,,,,,yes,GP01,,250,100,2000,,AUGP0825
69990085,Weather Station Operation,69,true,no,,,,,,,,,,no,,,,,,,,yes,GP01,,250,100,2000,,AUGP0825
70000015,Computer Consulting Service,70,true,yes,ITCL01,3,250,250,1e+06,1,1e+07,,AU0825,no,,,,,,,,yes,GP01,,250,100,2000,,AUGP0825
70000016,Computer Consultant Service (Including Installation),70,true,yes,ITCL01,3,250,250,1e+06,1,1e+07,,AU0825,no,,,,,,,,yes,GP01,,250,100,2000,,AUGP0825
70000017,Computer Consultant Service (Excluding Installation Of Hardware),70,true,yes,ITCL01,3,250,250,1e+06,1,1e+07,,AU0825,no,,,,,,,,yes,GP01,,250,100,2000,,AUGP0825
70000060,Computer Programming Service,70,true,yes,ITCL01,3,250,250,1e+06,1,1e+07,,AU0825,no,,,,,,,,yes,GP01,,250,100,2000,,AUGP0825
70000076,Computer Troubleshooting Service,70,true,yes,ITCL01,3,250,250,1e+06,1,1e+07,,AU0825,no,,,,,,,,yes,GP01,,250,100,2000,,AUGP0825
70000085,Development And Sale Of Customised Computer Software,70,true,yes,ITCL01,6,250,250,1e+06,1,1e+07,,AU0825,no,,,,,,,,yes,GP01,,250,100,2000,,AUGP0825
70000090,Home Page Development,70,true,yes,ITCL01,1,250,250,1e+06,1,1e+07,,AU0825,no,,,,,,,,yes,GP01,,250,100,2000,,AUGP0825
70000100,Internet And Web Design Consulting Service,70,true,yes,ITCL01,5,250,250,1e+06,1,1e+07,,AU0825,no,,,,,,,,yes,GP01,,250,100,2000,,AUGP0825
70000105,Internet Consulting Service,70,true,yes,ITCL01,3,250,250,1e+06,1,1e+07,,AU0825,no,,,,,,,,yes,GP01,,250,100,2000,,AUGP0825
70000110,Internet Development Service,70,true,yes,ITCL01,6,250,250,1e+06,1,1e+07,,AU0825,no,,,,,,,,yes,GP01,,250,100,2000,,AUGP0825
70000115,Internet Implementation Advisory Services,70,true,yes,ITCL01,3,250,250,1e+06,1,1e+07,,AU0825,no,,,,,,,,yes,GP01,,250,100,2000,,AUGP0825
70000160,Software Development Service (Except Publishing) - Customised,70,true,yes,ITCL01,6,250,250,1e+06,1,1e+07,,AU0825,no,,,,,,,,yes,GP01,,250,100,2000,,AUGP0825
70000175,Systems Analysis Service,70,true,yes,ITCL01,5,250,250,1e+06,1,1e+07,,AU0825,no,,,,,,,,yes,GP01,,250,100,2000,,AUGP0825
70000176,Systems Analysis Service - Consulting Service,70,true,yes,ITCL01,5,250,250,1e+06,1,1e+07,,AU0825,no,,,,,,,,yes,GP01,,250,100,2000,,AUGP0825
70000195,Website Development,70,true,yes,ITCL01,5,250,250,1e+06,1,1e+07,,AU0825,no,,,,,,,,yes,GP01,,250,100,2000,,AUGP0825
72110005,Casting Agency Operation,72,true,no,,,,,,,,,,no,,,,,,,,yes,GP01,,250,100,2000,,AUGP0825
72110010,Employment Agency Operation,72,true,no,,,,,,,,,,no,,,,,,,,yes,GP01,,250,100,2000,,AUGP0825
72110020,Employment Placement Service,72,true,no,,,,,,,,,,no,,,,,,,,yes,GP01,,250,100,2000,,AUGP0825
72110040,Executive Search Service,72,true,no,,,,,,,,,,no,,,,,,,,yes,GP01,,250,100,2000,,AUGP0825
72110050,Outplacement Service,72,true,no,,,,,,,,,,no,,,,,,,,yes,GP01,,250,100,2000,,AUGP0825
72110060,Recruitment Consulting Service,72,true,no,,,,,,,,,,no,,,,,,,,yes,GP01,,250,100,2000,,AUGP0825
72110061,Recruitment Agency Or Consultant - Clerical Work Only,72,true,no,,,,,,,,,,no,,,,,,,,yes,GP01,,250,100,2000,,AUGP0825
72110065,Theatrical Agent Services - To Actors And Other Performing Artists,72,true,no,,,,,,,,,,no,,,,,,,,yes,GP01,,250,100,2000,,AUGP0825
69990030,Interpreting And Translation Services,69,true,no,,,,,,,,,,no,,,,,,,,yes,GP01,,250,100,2000,,AUGP0825
72120070,Labour Hire Service,72,true,no,,,,,,,,,,no,,,,,,,,yes,GP01,,250,100,2000,,AUGP0825
72120090,Model Agency Service,72,true,no,,,,,,,,,,no,,,,,,,,yes,GP01,,250,100,2000,,AUGP0825
69620120,Entertainer/celebrity Management Service,69,true,no,,,,,,,,,,no,,,,,,,,yes,GP01,,250,100,2000,,AUGP0825
72200035,Ticket Consolidation Service For Passenger Transport,72,true,no,,,,,,,,,,no,,,,,,,,yes,GP01,,250,100,2000,,AUGP0825
72990040,Entertainment Promotion,72,true,no,,,,,,,,,,no,,,,,,,,yes,GP01,,250,100,2000,,AUGP0825
72990050,Events Booking Agent,72,true,no,,,,,,,,,,no,,,,,,,,yes,GP01,,250,100,2000,,AUGP0825
72990060,Events Management,72,true,no,,,,,,,,,,no,,,,,,,,yes,GP01,,250,100,2000,,AUGP0825
98000022,Exhibition and Display Design,98,true,no,,,,,,,,,,no,,,,,,,,yes,GP01,,250,100,2000,,AUGP0825
72990061,Exhibitions Management Or Organisation,72,true,no,,,,,,,,,,no,,,,,,,,yes,GP01,,250,100,2000,,AUGP0825
72990062,Festivals Management Or Organisation,72,true,no,,,,,,,,,,no,,,,,,,,yes,GP01,,250,100,2000,,AUGP0825
72990065,Field Day Organisation,72,true,no,,,,,,,,,,no,,,,,,,,yes,GP01,,250,100,2000,,AUGP0825
69620220,Management Of Artists And/or Musicians,69,true,no,,,,,,,,,,no,,,,,,,,yes,GP01,,250,100,2000,,AUGP0825
69620230,Management Of Sportspersons,69,true,no,,,,,,,,,,no,,,,,,,,yes,GP01,,250,100,2000,,AUGP0825
72910005,Addressing Or Mailing Service,72,true,no,,,,,,,,,,no,,,,,,,,yes,GP01,,250,100,2000,,AUGP0825
69620260,Music Group Management Service,69,true,no,,,,,,,,,,no,,,,,,,,yes,GP01,,250,100,2000,,AUGP0825
72910020,Business Administrative Service,72,true,no,,,,,,,,,,no,,,,,,,,yes,GP01,,250,100,2000,,AUGP0825
72910060,Secretarial Service,72,true,no,,,,,,,,,,no,,,,,,,,yes,GP01,,250,100,2000,,AUGP0825
72920005,Court Reporting,72,true,no,,,,,,,,,,no,,,,,,,,yes,GP01,,250,100,2000,,AUGP0825
72920025,Letter Writing Service,72,true,no,,,,,,,,,,no,,,,,,,,yes,GP01,,250,100,2000,,AUGP0825
60100050,Library Service,60,true,no,,,,,,,,,,no,,,,,,,,yes,GP01,,250,100,2000,,AUGP0825
69620210,Lobbyist,69,true,no,,,,,,,,,,no,,,,,,,,yes,GP01,,250,100,2000,,AUGP0825
92020015,Lottery Agency Operation,92,true,no,,,,,,,,,,no,,,,,,,,no,,,,,,,
69220060,Map Preparation Service,69,true,refer,ITL01,2,250,250,1e+06,1,1e+07,,v04.23,no,,,,,,,,yes,GP01,,250,100,2000,,AUGP0825
69620240,Merchandising Consulting Service (Except Advertising And Market Research Services),69,true,no,,,,,,,,,,no,,,,,,,,yes,GP01,,250,100,2000,,AUGP0825
95390135,Migration Consulting Service - For Individuals,95,true,no,,,,,,,,,,no,,,,,,,,yes,GP01,,250,100,2000,,AUGP0825
72930020,Collection Agency Operation,72,true,no,,,,,,,,,,no,,,,,,,,yes,GP01,,250,100,2000,,AUGP0825
72930025,Consumer Credit Reporting Service,72,true,no,,,,,,,,,,no,,,,,,,,yes,GP01,,250,100,2000,,AUGP0825
72930030,Credit Bureau Or Agency Operation,72,true,no,,,,,,,,,,no,,,,,,,,yes,GP01,,250,100,2000,,AUGP0825
72930050,Debt Collection Service,72,true,no,,,,,,,,,,no,,,,,,,,yes,GP01,,250,100,2000,,AUGP0825
72940010,Facsimile Receipt And Forwarding Services,72,true,yes,ITCL01,1,250,250,1e+06,1,1e+07,,AU0825,no,,,,,,,,yes,GP01,,250,100,2000,,AUGP0825
69500015,Public Opinion Research Service,69,true,no,,,,,,,,,,no,,,,,,,,yes,GP01,,250,100,2000,,AUGP0825
72920030,Resume Preparation Services,72,true,no,,,,,,,,,,no,,,,,,,,yes,GP01,,250,100,2000,,AUGP0825
72940030,Telephone Call Centre Operation,72,true,yes,ITCL01,1,250,250,1e+06,1,1e+07,,AU0825,no,,,,,,,,yes,GP01,,250,100,2000,,AUGP0825
72940040,Voice Mailbox Service,72,true,yes,ITCL01,1,250,250,1e+06,1,1e+07,,AU0825,no,,,,,,,,yes,GP01,,250,100,2000,,AUGP0825
72990005,Arts Promotion Services,72,true,no,,,,,,,,,,no,,,,,,,,yes,GP01,,250,100,2000,,AUGP0825
72990145,Theatre Booking Agency,72,true,no,,,,,,,,,,no,,,,,,,,yes,GP01,,250,100,2000,,AUGP0825
72990020,Contract Shop Assistants - Self Employed,72,true,no,,,,,,,,,,no,,,,,,,,yes,GP01,,250,100,2000,,AUGP0825
72990035,Direct Marketing Mobile Phone Subscriptions On Behalf Of Telecommunications Carrier - Commission Based,72,true,yes,ITCL01,3,250,250,1e+06,1,1e+07,,AU0825,no,,,,,,,,yes,GP01,,250,100,2000,,AUGP0825
72200045,Tour Arrangement Service,72,true,no,,,,,,,,,,no,,,,,,,,yes,GP01,,250,100,2000,,AUGP0825
72200050,Tour Guide Service,72,true,no,,,,,,,,,,no,,,,,,,,yes,GP01,,250,100,2000,,AUGP0825
72200065,Tour Operators - Arranging And Assembling Tours,72,true,no,,,,,,,,,,no,,,,,,,,yes,GP01,,250,100,2000,,AUGP0825
72200070,Tour Retailing Service,72,true,no,,,,,,,,,,no,,,,,,,,yes,GP01,,250,100,2000,,AUGP0825
72200075,Tour Wholesaling Service,72,true,no,,,,,,,,,,no,,,,,,,,yes,GP01,,250,100,2000,,AUGP0825
72200080,Tourist Agency Services,72,true,no,,,,,,,,,,no,,,,,,,,yes,GP01,,250,100,2000,,AUGP0825
69620350,Tariff Consulting Service,69,true,no,,,,,,,,,,no,,,,,,,,yes,GP01,,250,100,2000,,AUGP0825
72990080,Meter Reading Service,72,true,no,,,,,,,,,,no,,,,,,,,yes,GP01,,250,100,2000,,AUGP0825
72990085,Promotion And Sale Of Internet Connections Door To Door,72,true,yes,ITCL01,1,250,250,1e+06,1,1e+07,,AU0825,no,,,,,,,,yes,GP01,,250,100,2000,,AUGP0825
72990095,Promotion And Sale Of Electricity Connections Door To Door,72,true,no,,,,,,,,,,no,,,,,,,,yes,GP01,,250,100,2000,,AUGP0825
72990100,Promotion And Sale Of Pay TV Connections Door To Door,72,true,yes,ITCL01,1,250,250,1e+06,1,1e+07,,AU0825,no,,,,,,,,yes,GP01,,250,100,2000,,AUGP0825
72990110,Shopping Trolley Collection Service,72,true,no,,,,,,,,,,no,,,,,,,,yes,GP01,,250,100,2000,,AUGP0825
72990115,Sport Art And Similar Event Promotion Service - Without Facilities,72,true,no,,,,,,,,,,no,,,,,,,,yes,GP01,,250,100,2000,,AUGP0825
72990135,Supermarket Trolley Collection Service,72,true,no,,,,,,,,,,no,,,,,,,,yes,GP01,,250,100,2000,,AUGP0825
72990160,Tourist Bureau Service,72,true,no,,,,,,,,,,no,,,,,,,,yes,GP01,,250,100,2000,,AUGP0825
72200086,Tourist Office Operation,72,true,no,,,,,,,,,,no,,,,,,,,yes,GP01,,250,100,2000,,AUGP0825
72990165,Tourist Information Centre Operation,72,true,no,,,,,,,,,,no,,,,,,,,yes,GP01,,250,100,2000,,AUGP0825
72990170,Trade Display Services - Organisation Of Demonstrations Exhibitions Showrooms Etc,72,true,no,,,,,,,,,,no,,,,,,,,yes,GP01,,250,100,2000,,AUGP0825
72990175,Waiter Hospitality - Self Employed,72,true,no,,,,,,,,,,no,,,,,,,,yes,GP01,,250,100,2000,,AUGP0825
72990180,Waitress Hospitality - Self Employed,72,true,no,,,,,,,,,,no,,,,,,,,yes,GP01,,250,100,2000,,AUGP0825
73110010,Bathroom/toilet Cleaning,73,true,no,,,,,,,,,,no,,,,,,,,yes,GP01,,250,100,2000,,AUGP0825
73110020,Building Exterior Cleaning (Except Sand Blasting Or Steam Cleaning),73,true,no,,,,,,,,,,no,,,,,,,,yes,GP01,,250,100,2000,,AUGP0825
73110040,Chimney Cleaning Service,73,true,no,,,,,,,,,,no,,,,,,,,yes,GP01,,250,100,2000,,AUGP0825
73110060,Cleaning Contractor - Shops,73,true,no,,,,,,,,,,no,,,,,,,,yes,GP01,,250,100,2000,,AUGP0825
73110085,Cleaning Services - Office,73,true,no,,,,,,,,,,no,,,,,,,,yes,GP01,,250,100,2000,,AUGP0825
73110105,Commercial Cleaning Services,73,true,no,,,,,,,,,,no,,,,,,,,yes,GP01,,250,100,2000,,AUGP0825
73110110,Crime Scene Cleaning Service,73,true,no,,,,,,,,,,no,,,,,,,,yes,GP01,,250,100,2000,,AUGP0825
73110120,Domestic Services - Predominantly Cleaning,73,true,no,,,,,,,,,,no,,,,,,,,yes,GP01,,250,100,2000,,AUGP0825
73110125,Drain Cleaning (Except Sewerage Or Stormwater Drains),73,true,no,,,,,,,,,,no,,,,,,,,yes,GP01,,250,100,2000,,AUGP0825
73110130,Duct Cleaning,73,true,no,,,,,,,,,,no,,,,,,,,yes,GP01,,250,100,2000,,AUGP0825
73110135,Gutter Cleaning,73,true,no,,,,,,,,,,no,,,,,,,,yes,GP01,,250,100,2000,,AUGP0825
73110145,Janitorial Service - Including Transport Equipment,73,true,no,,,,,,,,,,no,,,,,,,,yes,GP01,,250,100,2000,,AUGP0825
73110150,Maid Services,73,true,no,,,,,,,,,,no,,,,,,,,yes,GP01,,250,100,2000,,AUGP0825
73110155,Office Cleaning Service,73,true,no,,,,,,,,,,no,,,,,,,,yes,GP01,,250,100,2000,,AUGP0825
73110165,Public Toilets Operation,73,true,no,,,,,,,,,,no,,,,,,,,yes,GP01,,250,100,2000,,AUGP0825
73110175,Restaurant Vat And Cooker Cleaning Services,73,true,no,,,,,,,,,,no,,,,,,,,yes,GP01,,250,100,2000,,AUGP0825
73110180,Road Sweeping,73,true,no,,,,,,,,,,no,,,,,,,,yes,GP01,,250,100,2000,,AUGP0825
73110190,Spa And Pool Cleaning,73,true,no,,,,,,,,,,no,,,,,,,,yes,GP01,,250,100,2000,,AUGP0825
73110195,Street Cleaning,73,true,no,,,,,,,,,,no,,,,,,,,yes,GP01,,250,100,2000,,AUGP0825
73110215,Telephone Cleaning Service,73,true,no,,,,,,,,,,no,,,,,,,,yes,GP01,,250,100,2000,,AUGP0825
73110220,Transport Equipment Cleaning (Except Motor Vehicles),73,true,no,,,,,,,,,,no,,,,,,,,yes,GP01,,250,100,2000,,AUGP0825
73110225,Water Tower Cleaning Services,73,true,no,,,,,,,,,,no,,,,,,,,yes,GP01,,250,100,2000,,AUGP0825
73110226,Window Cleaning Service (Below Three Stories),73,true,no,,,,,,,,,,no,,,,,,,,yes,GP01,,250,100,2000,,AUGP0825
73110227,Window Cleaning Service (Above Three Stories),73,true,no,,,,,,,,,,no,,,,,,,,yes,GP01,,250,100,2000,,AUGP0825
73110230,Window Cleaning Service,73,true,no,,,,,,,,,,no,,,,,,,,yes,GP01,,250,100,2000,,AUGP0825
73120005,Exterminating Service (Except Agricultural And Forestry),73,true,no,,,,,,,,,,no,,,,,,,,yes,GP01,,250,100,2000,,AUGP0825
73120010,Fumigating Service (Except Crop Fumigating),73,true,no,,,,,,,,,,no,,,,,,,,yes,GP01,,250,100,2000,,AUGP0825
73120030,Industrial Or Household Weed Control Service,73,true,no,,,,,,,,,,no,,,,,,,,yes,GP01,,250,100,2000,,AUGP0825
73120040,Pest Control Service (Except Agricultural And Forestry),73,true,no,,,,,,,,,,no,,,,,,,,yes,GP01,,250,100,2000,,AUGP0825
73130005,Arboriculture,73,true,no,,,,,,,,,,no,,,,,,,,yes,GP01,,250,100,2000,,AUGP0825
73130030,Gardening Service,73,true,no,,,,,,,,,,no,,,,,,,,yes,GP01,,250,100,2000,,AUGP0825
73130035,Greenkeeping Services,73,true,no,,,,,,,,,,no,,,,,,,,yes,GP01,,250,100,2000,,AUGP0825
73130055,Lawn Mowing Service,73,true,no,,,,,,,,,,no,,,,,,,,yes,GP01,,250,100,2000,,AUGP0825
73130060,Maintenance Of Plants And Shrubs In Buildings,73,true,no,,,,,,,,,,no,,,,,,,,yes,GP01,,250,100,2000,,AUGP0825
73130065,Roadside And Nature Strip Grass Mowing/slashing Service,73,true,no,,,,,,,,,,no,,,,,,,,yes,GP01,,250,100,2000,,AUGP0825
73130075,Tree Surgeon,73,true,no,,,,,,,,,,no,,,,,,,,yes,GP01,,250,100,2000,,AUGP0825
73200050,Contract Packing,73,true,no,,,,,,,,,,no,,,,,,,,yes,GP01,,250,100,2000,,AUGP0825
73200065,Contract Packing Of Groceries,73,true,no,,,,,,,,,,no,,,,,,,,yes,GP01,,250,100,2000,,AUGP0825
73200075,Contract Packing Or Filling,73,true,no,,,,,,,,,,no,,,,,,,,yes,GP01,,250,100,2000,,AUGP0825
73200080,Crating Service,73,true,no,,,,,,,,,,no,,,,,,,,yes,GP01,,250,100,2000,,AUGP0825
73200150,Shrink Wrapping Service,73,true,no,,,,,,,,,,no,,,,,,,,yes,GP01,,250,100,2000,,AUGP0825
75100005,Administration Except Justice And Defence - Central Government,75,true,no,,,,,,,,,,no,,,,,,,,yes,GP01,,250,100,2000,,AUGP0825
75100010,Central Government Administration (Except Justice And Defence),75,true,no,,,,,,,,,,no,,,,,,,,yes,GP01,,250,100,2000,,AUGP0825
75100040,Federal Government Agricultural Extension Service,75,true,no,,,,,,,,,,no,,,,,,,,yes,GP01,,250,100,2000,,AUGP0825
75100065,Financial And Economic Management Except Banking - Central Government,75,true,no,,,,,,,,,,no,,,,,,,,yes,GP01,,250,100,2000,,AUGP0825
75100070,Governor-general's Unit Operation,75,true,no,,,,,,,,,,no,,,,,,,,yes,GP01,,250,100,2000,,AUGP0825
75100085,Immigration Control,75,true,no,,,,,,,,,,no,,,,,,,,yes,GP01,,250,100,2000,,AUGP0825
75100090,Legislation Enactment - Central Government,75,true,no,,,,,,,,,,no,,,,,,,,yes,GP01,,250,100,2000,,AUGP0825
75100095,Member Of Parliament - Australian Government,75,true,no,,,,,,,,,,no,,,,,,,,yes,GP01,,250,100,2000,,AUGP0825
75100105,Parliament Operation - Central Government,75,true,no,,,,,,,,,,no,,,,,,,,yes,GP01,,250,100,2000,,AUGP0825
75100110,Policy Formulation And Administration - Central Government,75,true,no,,,,,,,,,,no,,,,,,,,yes,GP01,,250,100,2000,,AUGP0825
75200005,Financial And Economic Management Except Banking - State Government,75,true,no,,,,,,,,,,no,,,,,,,,yes,GP01,,250,100,2000,,AUGP0825
75200010,Legislation Enactment And Enforcement - State Government,75,true,no,,,,,,,,,,no,,,,,,,,yes,GP01,,250,100,2000,,AUGP0825
75200015,Member Of Parliament - State Government,75,true,no,,,,,,,,,,no,,,,,,,,yes,GP01,,250,100,2000,,AUGP0825
75200025,Parliament Operation - State Government,75,true,no,,,,,,,,,,no,,,,,,,,yes,GP01,,250,100,2000,,AUGP0825
75200030,Policy Formulation And Administration - State Government,75,true,no,,,,,,,,,,no,,,,,,,,yes,GP01,,250,100,2000,,AUGP0825
75200035,State Government Administration (Except Justice),75,true,no,,,,,,,,,,no,,,,,,,,yes,GP01,,250,100,2000,,AUGP0825
75200045,State Government Agricultural Extension Service,75,true,no,,,,,,,,,,no,,,,,,,,yes,GP01,,250,100,2000,,AUGP0825
75200080,State Governors Unit Operation,75,true,no,,,,,,,,,,no,,,,,,,,yes,GP01,,250,100,2000,,AUGP0825
75200085,State Parliament Operation,75,true,no,,,,,,,,,,no,,,,,,,,yes,GP01,,250,100,2000,,AUGP0825
75300010,Local Government Administration,75,true,no,,,,,,,,,,no,,,,,,,,yes,GP01,,250,100,2000,,AUGP0825
75300020,Local Government City Administration,75,true,no,,,,,,,,,,no,,,,,,,,yes,GP01,,250,100,2000,,AUGP0825
75300030,Local Government Town Administration,75,true,no,,,,,,,,,,no,,,,,,,,yes,GP01,,250,100,2000,,AUGP0825
75300045,Shire Administration,75,true,no,,,,,,,,,,no,,,,,,,,yes,GP01,,250,100,2000,,AUGP0825
75400005,Arbitration Court Operation,75,true,no,,,,,,,,,,no,,,,,,,,yes,GP01,,250,100,2000,,AUGP0825
75400010,Bankruptcy Court Operation,75,true,no,,,,,,,,,,no,,,,,,,,yes,GP01,,250,100,2000,,AUGP0825
75400020,Conciliation And Arbitration Commission Operation,75,true,no,,,,,,,,,,no,,,,,,,,yes,GP01,,250,100,2000,,AUGP0825
75400060,Law Court Operation,75,true,no,,,,,,,,,,no,,,,,,,,yes,GP01,,250,100,2000,,AUGP0825
75400075,Mediation Services - Courts,75,true,no,,,,,,,,,,no,,,,,,,,yes,GP01,,250,100,2000,,AUGP0825
75400080,Operation Or Administration Of Judicial Authorities Or Commissions,75,true,no,,,,,,,,,,no,,,,,,,,yes,GP01,,250,100,2000,,AUGP0825
75400085,Royal Commission Operation,75,true,no,,,,,,,,,,no,,,,,,,,yes,GP01,,250,100,2000,,AUGP0825
75510005,Consulate Operation - Domestic Government,75,true,no,,,,,,,,,,no,,,,,,,,yes,GP01,,250,100,2000,,AUGP0825
75510010,Embassy Operation - Domestic Government,75,true,no,,,,,,,,,,no,,,,,,,,yes,GP01,,250,100,2000,,AUGP0825
75510015,High Commission Operation - Domestic Government,75,true,no,,,,,,,,,,no,,,,,,,,yes,GP01,,250,100,2000,,AUGP0825
75510020,Legation Operation - Domestic Government,75,true,no,,,,,,,,,,no,,,,,,,,yes,GP01,,250,100,2000,,AUGP0825
75510025,Trade Commission Operation - Domestic Government,75,true,no,,,,,,,,,,no,,,,,,,,yes,GP01,,250,100,2000,,AUGP0825
75520005,Commonwealth Government High Commission Operation,75,true,no,,,,,,,,,,no,,,,,,,,yes,GP01,,250,100,2000,,AUGP0825
75520010,Consulate Operation - Foreign Government,75,true,no,,,,,,,,,,no,,,,,,,,yes,GP01,,250,100,2000,,AUGP0825
75520015,Embassy Operation - Foreign Government,75,true,no,,,,,,,,,,no,,,,,,,,yes,GP01,,250,100,2000,,AUGP0825
75520025,Foreign Government - Provision Of Diplomatic Services,75,true,no,,,,,,,,,,no,,,,,,,,yes,GP01,,250,100,2000,,AUGP0825
75520055,High Commission Operation - Foreign Government,75,true,no,,,,,,,,,,no,,,,,,,,yes,GP01,,250,100,2000,,AUGP0825
75520065,International Organisation Administration,75,true,no,,,,,,,,,,no,,,,,,,,yes,GP01,,250,100,2000,,AUGP0825
75520070,Legation Operation - Foreign Government,75,true,no,,,,,,,,,,no,,,,,,,,yes,GP01,,250,100,2000,,AUGP0825
75520075,Trade Commission Operation - Foreign Government,75,true,no,,,,,,,,,,no,,,,,,,,yes,GP01,,250,100,2000,,AUGP0825
76000020,Army Navy Or Air Force Operation,76,true,no,,,,,,,,,,no,,,,,,,,no,,,,,,,
76000030,Civil Defence Operation - Military,76,true,no,,,,,,,,,,no,,,,,,,,no,,,,,,,
76000045,Government Defence Administration (Except Manufacturing Or Educational),76,true,no,,,,,,,,,,no,,,,,,,,no,,,,,,,
77110010,Government Police Service,77,true,no,,,,,,,,,,no,,,,,,,,no,,,,,,,
77110020,Intelligence Service Operation,77,true,no,,,,,,,,,,no,,,,,,,,no,,,,,,,
77110026,Police Colleges And Academies,77,true,no,,,,,,,,,,no,,,,,,,,no,,,,,,,
77110030,Police Station Operation,77,true,no,,,,,,,,,,no,,,,,,,,no,,,,,,,
77120005,Alarm Monitoring Service,77,true,no,,,,,,,,,,no,,,,,,,,no,,,,,,,
77120010,Armoured Car Service,77,true,no,,,,,,,,,,no,,,,,,,,no,,,,,,,
77120015,Body Guard Service,77,true,no,,,,,,,,,,no,,,,,,,,no,,,,,,,
77120016,Bouncer Service,77,true,no,,,,,,,,,,no,,,,,,,,yes,GP01,,250,100,2000,,AUGP0825
77120020,Burglary Protection Service (Except Police),77,true,no,,,,,,,,,,no,,,,,,,,yes,GP01,,250,100,2000,,AUGP0825
77120025,Caretaking Service - Security,77,true,no,,,,,,,,,,no,,,,,,,,yes,GP01,,250,100,2000,,AUGP0825
77120030,Detective Agency Service (Except Police),77,true,no,,,,,,,,,,no,,,,,,,,yes,GP01,,250,100,2000,,AUGP0825
77120035,Enquiry Agency Service,77,true,no,,,,,,,,,,no,,,,,,,,yes,GP01,,250,100,2000,,AUGP0825
77120050,Locksmith Service - Not Manufacturing,77,true,no,,,,,,,,,,no,,,,,,,,yes,GP01,,250,100,2000,,AUGP0825
77120055,Night Watchman Service,77,true,no,,,,,,,,,,no,,,,,,,,yes,GP01,,250,100,2000,,AUGP0825
77120056,Private Investigator Service,77,true,no,,,,,,,,,,no,,,,,,,,yes,GP01,,250,100,2000,,AUGP0825
77120060,Protection Service (Except Police),77,true,no,,,,,,,,,,no,,,,,,,,yes,GP01,,250,100,2000,,AUGP0825
77120070,Security Guard Service,77,true,no,,,,,,,,,,no,,,,,,,,yes,GP01,,250,100,2000,,AUGP0825
77120075,Security Service (Except Police),77,true,no,,,,,,,,,,no,,,,,,,,yes,GP01,,250,100,2000,,AUGP0825
77120080,Specialist Engraving Done Specifically For Protection Of Assets,77,true,no,,,,,,,,,,no,,,,,,,,yes,GP01,,250,100,2000,,AUGP0825
77130005,Airport Fire Service,77,true,no,,,,,,,,,,no,,,,,,,,no,,,,,,,
77130010,Bush Fire Brigade Service,77,true,no,,,,,,,,,,no,,,,,,,,no,,,,,,,
77130015,Emergency Service (Except Defence And Police),77,true,no,,,,,,,,,,no,,,,,,,,no,,,,,,,
77130020,Fire Brigade Service,77,true,no,,,,,,,,,,no,,,,,,,,no,,,,,,,
77130025,Fire Fighting Service,77,true,no,,,,,,,,,,no,,,,,,,,no,,,,,,,
77130030,Fire Prevention Service,77,true,no,,,,,,,,,,no,,,,,,,,no,,,,,,,
77130035,Forest Fire Fighting Service,77,true,no,,,,,,,,,,no,,,,,,,,no,,,,,,,
77140005,Correctional Centre Operation,77,true,no,,,,,,,,,,no,,,,,,,,no,,,,,,,
77140015,Detention Centre Operation,77,true,no,,,,,,,,,,no,,,,,,,,no,,,,,,,
77140020,Gaol Operation,77,true,no,,,,,,,,,,no,,,,,,,,no,,,,,,,
77140030,Juvenile Corrective Institution Operation,77,true,no,,,,,,,,,,no,,,,,,,,no,,,,,,,
77140035,Juvenile Detention Centre Operation,77,true,no,,,,,,,,,,no,,,,,,,,no,,,,,,,
77140050,Prison Farm Operation,77,true,no,,,,,,,,,,no,,,,,,,,no,,,,,,,
77140055,Prison Operation,77,true,no,,,,,,,,,,no,,,,,,,,no,,,,,,,
77140065,Reformatory Operation,77,true,no,,,,,,,,,,no,,,,,,,,no,,,,,,,
77140075,Remand Centre Operation,77,true,no,,,,,,,,,,no,,,,,,,,no,,,,,,,
77190015,Government Quarantine Inspection Services,77,true,no,,,,,,,,,,no,,,,,,,,no,,,,,,,
77190025,Local Government Animal Control,77,true,no,,,,,,,,,,no,,,,,,,,yes,GP01,,250,100,2000,,AUGP0825
77190050,Traffic Control Services (Except Police),77,true,no,,,,,,,,,,no,,,,,,,,yes,GP01,,250,100,2000,,AUGP0825
77200005,Consumer Protection Service,77,true,no,,,,,,,,,,no,,,,,,,,yes,GP01,,250,100,2000,,AUGP0825
77200010,Enforcing Regulations And Legislation On Weights And Measures,77,true,no,,,,,,,,,,no,,,,,,,,yes,GP01,,250,100,2000,,AUGP0825
77200030,Local Government Food And Water Standards Control,77,true,no,,,,,,,,,,no,,,,,,,,yes,GP01,,250,100,2000,,AUGP0825
77200035,Local Government Health Inspection,77,true,no,,,,,,,,,,no,,,,,,,,yes,GP01,,250,100,2000,,AUGP0825
77200050,Motor Vehicle Testing,77,true,no,,,,,,,,,,no,,,,,,,,yes,GP01,,250,100,2000,,AUGP0825
77200055,Qualification Regulation,77,true,no,,,,,,,,,,no,,,,,,,,yes,GP01,,250,100,2000,,AUGP0825
77200060,Registration And Licensing Services - Boat Car Etc,77,true,no,,,,,,,,,,no,,,,,,,,yes,GP01,,250,100,2000,,AUGP0825
77200065,Regulating Casino And Other Gambling,77,true,no,,,,,,,,,,no,,,,,,,,yes,GP01,,250,100,2000,,AUGP0825
77200070,Regulating Food And Agricultural Standards,77,true,no,,,,,,,,,,no,,,,,,,,yes,GP01,,250,100,2000,,AUGP0825
77200075,Regulating Qualification Standards,77,true,no,,,,,,,,,,no,,,,,,,,yes,GP01,,250,100,2000,,AUGP0825
77200080,Regulation Enactment And Enforcement - Local Government,77,true,no,,,,,,,,,,no,,,,,,,,yes,GP01,,250,100,2000,,AUGP0825
80100005,Kindergarten Preschool Operation (Except Child Minding Centre),80,true,no,,,,,,,,,,refer,AHCL05,AH06,100,150,$1m PI $10m PL,,AUAH25,yes,GP01,,250,100,2000,,AUGP0825
80100015,Pre-school,80,true,no,,,,,,,,,,refer,AHCL05,AH06,100,150,$1m PI $10m PL,,AUAH25,yes,GP01,,250,100,2000,,AUGP0825
80210020,Primary Boarding School (Except Combined Primary/secondary School),80,true,no,,,,,,,,,,refer,AHCL05,AH06,100,150,$1m PI $10m PL,,AUAH25,yes,GP01,,250,100,2000,,AUGP0825
80210031,Primary School (Non Boarding),80,true,no,,,,,,,,,,refer,AHCL05,AH06,100,150,$1m PI $10m PL,,AUAH25,yes,GP01,,250,100,2000,,AUGP0825
80210035,Private Boys' School - Primary School Only,80,true,no,,,,,,,,,,refer,AHCL05,AH06,100,150,$1m PI $10m PL,,AUAH25,yes,GP01,,250,100,2000,,AUGP0825
80210040,Private Girls' School - Primary School Only,80,true,no,,,,,,,,,,refer,AHCL05,AH06,100,150,$1m PI $10m PL,,AUAH25,yes,GP01,,250,100,2000,,AUGP0825
80210045,Private School - Primary School Only,80,true,no,,,,,,,,,,refer,AHCL05,AH06,100,150,$1m PI $10m PL,,AUAH25,yes,GP01,,250,100,2000,,AUGP0825
80210050,Public Boys' School - Primary School Only,80,true,no,,,,,,,,,,refer,AHCL05,AH06,100,150,$1m PI $10m PL,,AUAH25,yes,GP01,,250,100,2000,,AUGP0825
80210055,Public Girls' School Operation - Primary School Only,80,true,no,,,,,,,,,,refer,AHCL05,AH06,100,150,$1m PI $10m PL,,AUAH25,yes,GP01,,250,100,2000,,AUGP0825
80210060,Public School Operation - Primary School Only,80,true,no,,,,,,,,,,refer,AHCL05,AH06,100,150,$1m PI $10m PL,,AUAH25,yes,GP01,,250,100,2000,,AUGP0825
80220005,Agricultural High School Operation (Except Combined Primary/secondary School),80,true,no,,,,,,,,,,refer,AHCL05,AH06,100,150,$1m PI $10m PL,,AUAH25,yes,GP01,,250,100,2000,,AUGP0825
80220010,Boarding School - Secondary School Education; (Except Combined Primary/secondary School),80,true,no,,,,,,,,,,refer,AHCL05,AH06,100,150,$1m PI $10m PL,,AUAH25,yes,GP01,,250,100,2000,,AUGP0825
80220015,High School (Except Combined Primary/secondary School),80,true,no,,,,,,,,,,refer,AHCL05,AH06,100,150,$1m PI $10m PL,,AUAH25,yes,GP01,,250,100,2000,,AUGP0825
80220020,Matriculation College (Except Combined Primary/secondary School),80,true,no,,,,,,,,,,refer,AHCL05,AH06,100,150,$1m PI $10m PL,,AUAH25,yes,GP01,,250,100,2000,,AUGP0825
80220025,Private Boys' School - Secondary School Only,80,true,no,,,,,,,,,,refer,AHCL05,AH06,100,150,$1m PI $10m PL,,AUAH25,yes,GP01,,250,100,2000,,AUGP0825
80220030,Private Girls' School - Secondary School Only,80,true,no,,,,,,,,,,refer,AHCL05,AH06,100,150,$1m PI $10m PL,,AUAH25,yes,GP01,,250,100,2000,,AUGP0825
80220035,Private School Operation - Secondary School Only,80,true,no,,,,,,,,,,refer,AHCL05,AH06,100,150,$1m PI $10m PL,,AUAH25,yes,GP01,,250,100,2000,,AUGP0825
80220040,Public Boys' School Operation - Secondary School Only,80,true,no,,,,,,,,,,refer,AHCL05,AH06,100,150,$1m PI $10m PL,,AUAH25,yes,GP01,,250,100,2000,,AUGP0825
80220045,Public Girls' School Operation - Secondary School Only,80,true,no,,,,,,,,,,refer,AHCL05,AH06,100,150,$1m PI $10m PL,,AUAH25,yes,GP01,,250,100,2000,,AUGP0825
80220050,Public School Operation - Secondary School Only,80,true,no,,,,,,,,,,refer,AHCL05,AH06,100,150,$1m PI $10m PL,,AUAH25,yes,GP01,,250,100,2000,,AUGP0825
80220066,Secondary School Operation (Non Boarding),80,true,no,,,,,,,,,,refer,AHCL05,AH06,100,150,$1m PI $10m PL,,AUAH25,yes,GP01,,250,100,2000,,AUGP0825
80230005,Agricultural High School - Combined Primary/secondary School,80,true,no,,,,,,,,,,refer,AHCL05,AH06,100,150,$1m PI $10m PL,,AUAH25,yes,GP01,,250,100,2000,,AUGP0825
80230010,Area School - Combined Primary/secondary School,80,true,no,,,,,,,,,,refer,AHCL05,AH06,100,150,$1m PI $10m PL,,AUAH25,yes,GP01,,250,100,2000,,AUGP0825
80230015,Boarding School Operation - Combined Primary/secondary School,80,true,no,,,,,,,,,,refer,AHCL05,AH06,100,150,$1m PI $10m PL,,AUAH25,yes,GP01,,250,100,2000,,AUGP0825
80230020,Central School Operation - Combined Primary/secondary School,80,true,no,,,,,,,,,,refer,AHCL05,AH06,100,150,$1m PI $10m PL,,AUAH25,yes,GP01,,250,100,2000,,AUGP0825
80230030,District School Operation - Combined Primary/secondary School,80,true,no,,,,,,,,,,refer,AHCL05,AH06,100,150,$1m PI $10m PL,,AUAH25,yes,GP01,,250,100,2000,,AUGP0825
80230040,Private Boys' School Operation - Combined Primary/secondary School,80,true,no,,,,,,,,,,refer,AHCL05,AH06,100,150,$1m PI $10m PL,,AUAH25,yes,GP01,,250,100,2000,,AUGP0825
80230045,Private Girls' School Operation - Combined Primary/secondary School,80,true,no,,,,,,,,,,refer,AHCL05,AH06,100,150,$1m PI $10m PL,,AUAH25,yes,GP01,,250,100,2000,,AUGP0825
80230050,Private School Operation - Combined Primary/secondary School,80,true,no,,,,,,,,,,refer,AHCL05,AH06,100,150,$1m PI $10m PL,,AUAH25,yes,GP01,,250,100,2000,,AUGP0825
80230055,Public Boys' School Operation - Combined Primary/secondary School,80,true,no,,,,,,,,,,refer,AHCL05,AH06,100,150,$1m PI $10m PL,,AUAH25,yes,GP01,,250,100,2000,,AUGP0825
80230060,Public Girls' School Operation - Combined Primary/secondary School,80,true,no,,,,,,,,,,refer,AHCL05,AH06,100,150,$1m PI $10m PL,,AUAH25,yes,GP01,,250,100,2000,,AUGP0825
80230065,Public School - Combined Primary/secondary School,80,true,no,,,,,,,,,,refer,AHCL05,AH06,100,150,$1m PI $10m PL,,AUAH25,yes,GP01,,250,100,2000,,AUGP0825
80230075,Secondary School - Combined Primary/secondary School,80,true,no,,,,,,,,,,refer,AHCL05,AH06,100,150,$1m PI $10m PL,,AUAH25,yes,GP01,,250,100,2000,,AUGP0825
80240020,Special School For Disabled Children (Except Normal Primary Or Secondary School Education),80,true,no,,,,,,,,,,refer,AHCL05,AH06,100,150,$1m PI $10m PL,,AUAH25,yes,GP01,,250,100,2000,,AUGP0825
81010010,Beauty School Operation,81,true,no,,,,,,,,,,refer,AHCL01,AH06,100,150,$1m PI $10m PL,AUAH0006,AUAH25,yes,GP01,,250,100,2000,,AUGP0825
81010015,Business College And School Operation,81,true,no,,,,,,,,,,refer,AHCL05,AH06,100,150,$1m PI $10m PL,,AUAH25,yes,GP01,,250,100,2000,,AUGP0825
81010025,Business Training Service - Conducted On A Consultancy Basis At Clients Premises,81,true,no,,,,,,,,,,refer,AHCL05,AH06,100,150,$1m PI $10m PL,AUAH0018,AUAH25,yes,GP01,,250,100,2000,,AUGP0825
81010030,Coaching College Operation - Technical Or Vocational,81,true,no,,,,,,,,,,refer,AHCL05,AH06,100,150,$1m PI $10m PL,,AUAH25,yes,GP01,,250,100,2000,,AUGP0825
81010035,Computer Education (Except That Provided By Educational Institutions Classified Elsewhere (E.g. Universities Colleges Etc.)),81,true,no,,,,,,,,,,refer,AHCL05,AH06,100,150,$1m PI $10m PL,,AUAH25,yes,GP01,,250,100,2000,,AUGP0825
81010041,College (Further Education Except Universities),81,true,no,,,,,,,,,,refer,AHCL05,AH06,100,150,$1m PI $10m PL,,AUAH25,yes,GP01,,250,100,2000,,AUGP0825
81010045,Earthmoving Equipment Operation Training,81,true,no,,,,,,,,,,no,,,,,,,,yes,GP01,,250,100,2000,,AUGP0825
81010055,Industrial Equipment Training,81,true,no,,,,,,,,,,no,,,,,,,,yes,GP01,,250,100,2000,,AUGP0825
81010070,Management Training Service,81,true,no,,,,,,,,,,refer,AHCL05,AH06,100,150,$1m PI $10m PL,AUAH0018,AUAH25,yes,GP01,,250,100,2000,,AUGP0825
81010080,Modelling School,81,true,no,,,,,,,,,,refer,AHCL05,AH06,100,150,$1m PI $10m PL,,AUAH25,yes,GP01,,250,100,2000,,AUGP0825
81010085,Nursing College Operation (Except That Provided By Educational Institutions Classified Elsewhere (E.g. Universities Colleges Etc.) Or In Association With Hospital Operation),81,true,no,,,,,,,,,,refer,AHCL02,AH06,100,450,$1m PI $10m PL,,AUAH25,yes,GP01,,250,100,2000,,AUGP0825
81010090,Paramedical Training College Operation (Except That Provided By Educational Institutions Classified Elsewhere (E.g. Universities Colleges Etc.) Or In Association With Hospital Operation),81,true,no,,,,,,,,,,no,,,,,,,,yes,GP01,,250,100,2000,,AUGP0825
81010115,Secretarial Training,81,true,no,,,,,,,,,,refer,AHCL05,AH06,100,150,$1m PI $10m PL,,AUAH25,yes,GP01,,250,100,2000,,AUGP0825
81010125,Teachers College Operation (Except That Provided By Educational Institutions Classified Elsewhere (E.g. Universities Colleges Etc.)),81,true,no,,,,,,,,,,refer,AHCL05,AH06,100,150,$1m PI $10m PL,,AUAH25,yes,GP01,,250,100,2000,,AUGP0825
81010130,Technical And Further Education College,81,true,no,,,,,,,,,,refer,AHCL05,AH06,100,150,$1m PI $10m PL,,AUAH25,yes,GP01,,250,100,2000,,AUGP0825
81010135,Technical College,81,true,no,,,,,,,,,,refer,AHCL05,AH06,100,150,$1m PI $10m PL,,AUAH25,yes,GP01,,250,100,2000,,AUGP0825
81010140,Theological College Or Seminary (Except That Provided By Educational Institutions Classified Elsewhere (E.g. Universities Colleges Etc.)),81,true,no,,,,,,,,,,refer,AHCL05,AH06,100,150,$1m PI $10m PL,,AUAH25,yes,GP01,,250,100,2000,,AUGP0825
81020011,College (Further Education Except Universities),81,true,no,,,,,,,,,,refer,AHCL05,AH06,100,150,$1m PI $10m PL,,AUAH25,yes,GP01,,250,100,2000,,AUGP0825
81020015,Defence Force Academy Operation,81,true,no,,,,,,,,,,no,,,,,,,,yes,GP01,,250,100,2000,,AUGP0825
81020020,Postgraduate School University,81,true,no,,,,,,,,,,refer,AHCL05,AH06,100,150,$1m PI $10m PL,,AUAH25,yes,GP01,,250,100,2000,,AUGP0825
81020025,Research School University,81,true,no,,,,,,,,,,refer,AHCL05,AH06,100,150,$1m PI $10m PL,,AUAH25,yes,GP01,,250,100,2000,,AUGP0825
81020035,Teachers' College,81,true,no,,,,,,,,,,refer,AHCL05,AH06,100,150,$1m PI $10m PL,,AUAH25,yes,GP01,,250,100,2000,,AUGP0825
81020040,Tertiary Education Law School,81,true,no,,,,,,,,,,refer,AHCL05,AH06,100,150,$1m PI $10m PL,,AUAH25,yes,GP01,,250,100,2000,,AUGP0825
81020045,Tertiary Education Medical School,81,true,no,,,,,,,,,,refer,AHCL05,AH06,100,150,$1m PI $10m PL,,AUAH25,yes,GP01,,250,100,2000,,AUGP0825
81020050,Undergraduate School University,81,true,no,,,,,,,,,,refer,AHCL05,AH06,100,150,$1m PI $10m PL,,AUAH25,yes,GP01,,250,100,2000,,AUGP0825
81020065,University,81,true,no,,,,,,,,,,refer,AHCL05,AH06,100,150,$1m PI $10m PL,,AUAH25,yes,GP01,,250,100,2000,,AUGP0825
82110015,Diving Instruction,82,true,no,,,,,,,,,,no,,,,,,,,yes,GP01,,250,100,2000,,AUGP0825
82110050,Horse Riding School Operation,82,true,no,,,,,,,,,,no,,,,,,,,yes,GP01,,250,100,2000,,AUGP0825
82110065,Martial Arts And Self Defence Instruction,82,true,no,,,,,,,,,,no,,,,,,,,yes,GP01,,250,100,2000,,AUGP0825
82110075,Parachuting Club Or School Operation,82,true,no,,,,,,,,,,no,,,,,,,,yes,GP01,,250,100,2000,,AUGP0825
82110080,Riding School Operation,82,true,no,,,,,,,,,,refer,AHCL05,AH06,100,150,$1m PI $10m PL,,AUAH25,yes,GP01,,250,100,2000,,AUGP0825
82110085,Sailing School Operation,82,true,no,,,,,,,,,,refer,AHCL05,AH06,100,150,$1m PI $10m PL,,AUAH25,yes,GP01,,250,100,2000,,AUGP0825
82110125,Sports Coaching Service,82,true,no,,,,,,,,,,refer,AHCL05,AH06,100,150,$1m PI $10m PL,,AUAH25,yes,GP01,,250,100,2000,,AUGP0825
82110135,Swimming School Operation,82,true,no,,,,,,,,,,refer,AHCL05,AH06,100,150,$1m PI $10m PL,,AUAH25,yes,GP01,,250,100,2000,,AUGP0825
82110140,Tennis Coaching,82,true,no,,,,,,,,,,no,,,,,,,,yes,GP01,,250,100,2000,,AUGP0825
82120015,Art School (Except Technical And Further Education Colleges Or University),82,true,no,,,,,,,,,,refer,AHCL05,AH06,100,150,$1m PI $10m PL,,AUAH25,yes,GP01,,250,100,2000,,AUGP0825
82120020,Ballet School,82,true,no,,,,,,,,,,refer,AHCL05,AH06,100,150,$1m PI $10m PL,,AUAH25,yes,GP01,,250,100,2000,,AUGP0825
82120025,Ballet Teaching,82,true,no,,,,,,,,,,no,,,,,,,,yes,GP01,,250,100,2000,,AUGP0825
82120040,Dance And Ballet School,82,true,no,,,,,,,,,,refer,AHCL05,AH06,100,150,$1m PI $10m PL,,AUAH25,yes,GP01,,250,100,2000,,AUGP0825
82120055,Dance Teaching,82,true,no,,,,,,,,,,no,,,,,,,,yes,GP01,,250,100,2000,,AUGP0825
82120060,Drama School,82,true,no,,,,,,,,,,refer,AHCL05,AH06,100,150,$1m PI $10m PL,,AUAH25,yes,GP01,,250,100,2000,,AUGP0825
82120065,Music School (Except Technical And Further Education Colleges Or University),82,true,no,,,,,,,,,,refer,AHCL05,AH06,100,150,$1m PI $10m PL,,AUAH25,yes,GP01,,250,100,2000,,AUGP0825
82120070,Music Teaching - Own Account,82,true,no,,,,,,,,,,refer,AHCL05,AH06,100,150,$1m PI $10m PL,,AUAH25,yes,GP01,,250,100,2000,,AUGP0825
82120075,Painting Instruction,82,true,no,,,,,,,,,,no,,,,,,,,yes,GP01,,250,100,2000,,AUGP0825
82120080,Performing Arts School,82,true,no,,,,,,,,,,refer,AHCL05,AH06,100,150,$1m PI $10m PL,,AUAH25,yes,GP01,,250,100,2000,,AUGP0825
82120085,Photography School Operation,82,true,no,,,,,,,,,,refer,AHCL05,AH06,100,150,$1m PI $10m PL,,AUAH25,yes,GP01,,250,100,2000,,AUGP0825
82120090,Sculpture Instruction,82,true,no,,,,,,,,,,no,,,,,,,,yes,GP01,,250,100,2000,,AUGP0825
82190010,Air Training School Operation,82,true,no,,,,,,,,,,no,,,,,,,,yes,GP01,,250,100,2000,,AUGP0825
82190015,Coaching College - Adult Or Community,82,true,no,,,,,,,,,,refer,AHCL05,AH06,100,150,$1m PI $10m PL,,AUAH25,yes,GP01,,250,100,2000,,AUGP0825
82190020,Contract Teacher Working For Schools On A Contract Basis - Self Employed,82,true,no,,,,,,,,,,no,,,,,,,,yes,GP01,,250,100,2000,,AUGP0825
82190025,Contract University Lecturer Working For Universities On A Contract Basis - Self Employed,82,true,no,,,,,,,,,,no,,,,,,,,yes,GP01,,250,100,2000,,AUGP0825
82190030,Correspondence School (Except Technical And Further Education Colleges Or University),82,true,no,,,,,,,,,,no,,,,,,,,yes,GP01,,250,100,2000,,AUGP0825
82190035,Deportment School,82,true,no,,,,,,,,,,refer,AHCL05,AH06,100,150,$1m PI $10m PL,,AUAH25,yes,GP01,,250,100,2000,,AUGP0825
82190045,Driving School Operation,82,true,no,,,,,,,,,,no,,,,,,,,yes,GP01,,250,100,2000,,AUGP0825
82190050,Education (Except Technical And Further Education Colleges Universities Or Schools),82,true,no,,,,,,,,,,no,,,,,,,,yes,GP01,,250,100,2000,,AUGP0825
82190060,Elocution School,82,true,no,,,,,,,,,,refer,AHCL05,AH06,100,150,$1m PI $10m PL,,AUAH25,yes,GP01,,250,100,2000,,AUGP0825
82190065,Flying School Operation,82,true,no,,,,,,,,,,no,,,,,,,,yes,GP01,,250,100,2000,,AUGP0825
82190095,Language Teaching,82,true,no,,,,,,,,,,no,,,,,,,,yes,GP01,,250,100,2000,,AUGP0825
82190130,Survival Skill Training,82,true,no,,,,,,,,,,no,,,,,,,,yes,GP01,,250,100,2000,,AUGP0825
82190135,Truck Driver Training,82,true,no,,,,,,,,,,no,,,,,,,,yes,GP01,,250,100,2000,,AUGP0825
82190140,Tutoring Service,82,true,no,,,,,,,,,,no,,,,,,,,yes,GP01,,250,100,2000,,AUGP0825
82200010,Curriculum Development Educational,82,true,no,,,,,,,,,,no,,,,,,,,yes,GP01,,250,100,2000,,AUGP0825
82200020,Test And Exam Service Educational,82,true,no,,,,,,,,,,no,,,,,,,,yes,GP01,,250,100,2000,,AUGP0825
84010005,Children's Hospital Operation,84,true,no,,,,,,,,,,no,,,,,,,,no,,,,,,,
84010010,Day Hospital,84,true,no,,,,,,,,,,no,,,,,,,,no,,,,,,,
84010015,Ear Nose And Throat Hospital Operation,84,true,no,,,,,,,,,,no,,,,,,,,no,,,,,,,
84010020,Eye Hospital Operation,84,true,no,,,,,,,,,,no,,,,,,,,no,,,,,,,
84010025,General Hospital Operation,84,true,no,,,,,,,,,,no,,,,,,,,no,,,,,,,
84010030,Geriatric Hospital Operation (Except Nursing Home),84,true,no,,,,,,,,,,no,,,,,,,,no,,,,,,,
84010040,Hospital Operation (Except Psychiatric Dental Military Or Veterinary),84,true,no,,,,,,,,,,no,,,,,,,,no,,,,,,,
84010050,Infectious Diseases Hospital - Including Human Quarantine Stations,84,true,no,,,,,,,,,,no,,,,,,,,no,,,,,,,
84010060,Maternity Hospital Operation,84,true,no,,,,,,,,,,no,,,,,,,,no,,,,,,,
84010065,Obstetric Hospital Operation,84,true,no,,,,,,,,,,no,,,,,,,,no,,,,,,,
84010070,Private Hospital Operation (Except Psychiatric),84,true,no,,,,,,,,,,no,,,,,,,,no,,,,,,,
84010075,Public Hospital Operation (Except Psychiatric),84,true,no,,,,,,,,,,no,,,,,,,,no,,,,,,,
84010080,Repatriation Hospital Operation,84,true,no,,,,,,,,,,no,,,,,,,,no,,,,,,,
84010085,Women's Hospital Operation,84,true,no,,,,,,,,,,no,,,,,,,,no,,,,,,,
84020020,Psychiatric Hospital Operation,84,true,no,,,,,,,,,,no,,,,,,,,no,,,,,,,
85110005,Community Health Centre Operation - Mainly General Practice Medical Services (Medical Establishment),85,true,no,,,,,,,,,,refer,AHCL04,AH06,100,1000,$1m PI $10m PL,AUAH0025,AUAH25,yes,GP01,,250,100,2000,,AUGP0825
85110010,Doctors Surgery - General Practice Medical Establishment,85,true,no,,,,,,,,,,refer,AHCL04,AH06,100,1000,$1m PI $10m PL,AUAH0025,AUAH25,yes,GP01,,250,100,2000,,AUGP0825
85110015,Flying Doctor Service,85,true,no,,,,,,,,,,no,,,,,,,,yes,GP01,,250,100,2000,,AUGP0825
85110060,Rural General Medical Practice Service Medical Establishment,85,true,no,,,,,,,,,,refer,AHCL04,AH06,100,1000,$1m PI $10m PL,AUAH0025,AUAH25,yes,GP01,,250,100,2000,,AUGP0825
85120005,Allergist - Own Account,85,true,no,,,,,,,,,,refer,AHCL02,AH06,100,450,$1m PI $10m PL,,AUAH25,yes,GP01,,250,100,2000,,AUGP0825
85120015,Anaesthetist - Own Account,85,true,no,,,,,,,,,,no,,,,,,,,yes,GP01,,250,100,2000,,AUGP0825
85120020,Consultant Physician - Own Account,85,true,no,,,,,,,,,,no,,,,,,,,yes,GP01,,250,100,2000,,AUGP0825
85120025,Dermatologist - Own Account,85,true,no,,,,,,,,,,no,,,,,,,,yes,GP01,,250,100,2000,,AUGP0825
85120070,Family Planning Clinic With Medical Services,85,true,no,,,,,,,,,,no,,,,,,,,yes,GP01,,250,100,2000,,AUGP0825
85120075,Gynaecologist - Own Account,85,true,no,,,,,,,,,,no,,,,,,,,yes,GP01,,250,100,2000,,AUGP0825
85120090,Hair Restoration Service By Registered Medical Practitioner,85,true,no,,,,,,,,,,no,,,,,,,,yes,GP01,,250,100,2000,,AUGP0825
85120106,Specialist Medical Clinic Medical Establishment (Excluding General Practice),85,true,no,,,,,,,,,,no,,,,,$1m PI $10m PL,,,yes,GP01,,250,100,2000,,AUGP0825
85120135,Medical Service - Specialist Practice Medical Clinic Medical Establishment,85,true,no,,,,,,,,,,refer,AHCL04,AH06,100,1000,$1m PI $10m PL,AUAH0025,AUAH25,yes,GP01,,250,100,2000,,AUGP0825
85120160,Neurologist - Own Account,85,true,no,,,,,,,,,,no,,,,,,,,yes,GP01,,250,100,2000,,AUGP0825
85120175,Nuclear Medicine Practice - Specialist Services,85,true,no,,,,,,,,,,no,,,,,,,,yes,GP01,,250,100,2000,,AUGP0825
85120180,Obstetrician - Own Account,85,true,no,,,,,,,,,,no,,,,,,,,yes,GP01,,250,100,2000,,AUGP0825
85120190,Ophthalmologist - Own Account,85,true,no,,,,,,,,,,no,,,,,,,,yes,GP01,,250,100,2000,,AUGP0825
85120205,Orthopaedic Specialist Service,85,true,no,,,,,,,,,,no,,,,,,,,yes,GP01,,250,100,2000,,AUGP0825
85120210,Otorhinolaryngologist - Own Account,85,true,no,,,,,,,,,,no,,,,,,,,yes,GP01,,250,100,2000,,AUGP0825
85120215,Paediatric Service,85,true,no,,,,,,,,,,no,,,,,,,,yes,GP01,,250,100,2000,,AUGP0825
85120225,Plastic Surgeon - Own Account,85,true,no,,,,,,,,,,no,,,,,,,,yes,GP01,,250,100,2000,,AUGP0825
85120230,Psychiatrist - Own Account,85,true,no,,,,,,,,,,no,,,,,,,,yes,GP01,,250,100,2000,,AUGP0825
85120240,Rheumatologist - Own Account,85,true,no,,,,,,,,,,no,,,,,,,,yes,GP01,,250,100,2000,,AUGP0825
85120265,Specialist Medical Practitioner - Own Account (Except Anaesthetist Dermatologist Gynaecologist Obstetrician Pathologist Psychiatrist And Specialist Medical Clinic Operation),85,true,no,,,,,,,,,,no,,,,,,,,yes,GP01,,250,100,2000,,AUGP0825
85120285,Surgeon - Own Account (Except Dental Veterinary Anaesthetist Dermatologist Gynaecologist Obstetrician Pathologist Psychiatrist And Specialist Medical Clinic Operation),85,true,no,,,,,,,,,,no,,,,,,,,yes,GP01,,250,100,2000,,AUGP0825
85120290,Thoracic Specialist - Own Account,85,true,no,,,,,,,,,,no,,,,,,,,yes,GP01,,250,100,2000,,AUGP0825
85120305,Urology Service,85,true,no,,,,,,,,,,no,,,,,,,,yes,GP01,,250,100,2000,,AUGP0825
85200010,IVF Services - Provided By Pathology Or Medical Laboratory,85,true,no,,,,,,,,,,no,,,,,,,,yes,GP01,,250,100,2000,,AUGP0825
85200030,Medical Imaging Clinic Operation,85,true,no,,,,,,,,,,refer,AHCL04,AH06,100,1000,$1m PI $10m PL,AUAH0025,AUAH25,yes,GP01,,250,100,2000,,AUGP0825
85200035,Medical Laboratory Operation (no clinical trials),85,true,no,,,,,,,,,,refer,AHCL04,AH06,100,1000,$1m PI $10m PL,AUAH0025,AUAH25,yes,GP01,,250,100,2000,,AUGP0825
85200060,Pathologist - Own Account,85,true,no,,,,,,,,,,yes,AHCL02,AH09,100,300,$1m PI $10m PL,,AUAH25,yes,GP01,,250,100,2000,,AUGP0825
85200065,Pathology Laboratory Operation,85,true,no,,,,,,,,,,yes,AHCL04,AH10,100,1000,$1m PI $10m PL,AUAH0025,AUAH25,yes,GP01,,250,100,2000,,AUGP0825
85200080,Radiography Service - Own Account,85,true,no,,,,,,,,,,no,,,,,,,,yes,GP01,,250,100,2000,,AUGP0825
85200085,Radiologist - Own Account,85,true,no,,,,,,,,,,no,,,,,,,,yes,GP01,,250,100,2000,,AUGP0825
85200090,Radiology Service - Not Own Account Account Radiologist,85,true,no,,,,,,,,,,no,,,,,,,,yes,GP01,,250,100,2000,,AUGP0825
85200100,X-ray Clinic Service,85,true,no,,,,,,,,,,refer,AHCL04,AH06,100,1000,$1m PI $10m PL,AUAH0025,AUAH25,yes,GP01,,250,100,2000,,AUGP0825
85310010,Conservative Dental Service,85,true,no,,,,,,,,,,no,,,,,$1m PI $10m PL,,,yes,GP01,,250,100,2000,,AUGP0825
85310020,Dental Clinic Operation,85,true,no,,,,,,,,,,no,,,,,,,,yes,GP01,,250,100,2000,,AUGP0825
85310030,Dental Hospital Operation - Outpatient,85,true,no,,,,,,,,,,no,,,,,,,,yes,GP01,,250,100,2000,,AUGP0825
85310045,Dental Surgeon - Own Account,85,true,no,,,,,,,,,,no,,,,,,,,yes,GP01,,250,100,2000,,AUGP0825
85310050,Dental Surgery Service,85,true,no,,,,,,,,,,no,,,,,,,,yes,GP01,,250,100,2000,,AUGP0825
85310055,Dentistry,85,true,no,,,,,,,,,,no,,,,,,,,yes,GP01,,250,100,2000,,AUGP0825
85310060,Endodontic Service,85,true,no,,,,,,,,,,no,,,,,,,,yes,GP01,,250,100,2000,,AUGP0825
85310075,Oral Pathology Service,85,true,no,,,,,,,,,,no,,,,,,,,yes,GP01,,250,100,2000,,AUGP0825
85310085,Oral Surgery Service,85,true,no,,,,,,,,,,no,,,,,,,,yes,GP01,,250,100,2000,,AUGP0825
85310090,Orthodontic Service,85,true,no,,,,,,,,,,no,,,,,,,,yes,GP01,,250,100,2000,,AUGP0825
85310105,Paedodontist - Own Account,85,true,no,,,,,,,,,,no,,,,,,,,yes,GP01,,250,100,2000,,AUGP0825
85310115,Periodontist - Own Account,85,true,no,,,,,,,,,,no,,,,,,,,yes,GP01,,250,100,2000,,AUGP0825
85310125,Prosthodontist - Own Account,85,true,no,,,,,,,,,,no,,,,,,,,yes,GP01,,250,100,2000,,AUGP0825
85320020,Optical Dispensing,85,true,no,,,,,,,,,,yes,AHCL02,AH02,100,125,$1m PI $10m PL,,AUAH25,yes,GP01,,250,100,2000,,AUGP0825
85320035,Optician Service,85,true,no,,,,,,,,,,yes,AHCL02,AH13,100,400,$1m PI $10m PL,,AUAH25,yes,GP01,,250,100,2000,,AUGP0825
85320040,Optometrist - Own Account,85,true,no,,,,,,,,,,yes,AHCL02,AH13,100,400,$1m PI $10m PL,,AUAH25,yes,GP01,,250,100,2000,,AUGP0825
85320045,Orthoptic Service,85,true,no,,,,,,,,,,yes,AHCL02,AH02,100,125,$1m PI $10m PL,,AUAH25,yes,GP01,,250,100,2000,,AUGP0825
85320050,Orthoptist - Own Account,85,true,no,,,,,,,,,,yes,AHCL02,AH02,100,125,$1m PI $10m PL,,AUAH25,yes,GP01,,250,100,2000,,AUGP0825
85320055,Spectacles Dispensing,85,true,no,,,,,,,,,,yes,AHCL02,AH01,100,100,$1m PI $10m PL,,AUAH25,yes,GP01,,250,100,2000,,AUGP0825
85330010,Physiotherapy Service,85,true,no,,,,,,,,,,yes,AHCL02,AH07,100,250,$1m PI $10m PL,,AUAH25,yes,GP01,,250,100,2000,,AUGP0825
85340005,Chiropractic Service,85,true,no,,,,,,,,,,no,,,,,,,,yes,GP01,,250,100,2000,,AUGP0825
85340030,Osteopathic Service,85,true,no,,,,,,,,,,yes,AHCL02,AH07,100,250,$1m PI $10m PL,,AUAH25,yes,GP01,,250,100,2000,,AUGP0825
85390005,Aboriginal Health Centre Medical Establishment - Providing A Range Of Allied Health Services,85,true,no,,,,,,,,,,refer,AHCL04,AH06,100,1000,$1m PI $10m PL,AUAH0025,AUAH25,yes,GP01,,250,100,2000,,AUGP0825
85390010,Acupuncture Service,85,true,no,,,,,,,,,,yes,AHCL02,AH03,100,150,$1m PI $10m PL,,AUAH25,yes,GP01,,250,100,2000,,AUGP0825
85390015,Aromatherapy Service,85,true,no,,,,,,,,,,yes,AHCL01,AH03,100,150,$1m PI $10m PL,AUAH0006,AUAH25,yes,GP01,,250,100,2000,,AUGP0825
85390020,Audiology Service,85,true,no,,,,,,,,,,yes,AHCL03,AH02,100,125,$1m PI $10m PL,,AUAH25,yes,GP01,,250,100,2000,,AUGP0825
85390025,Chiropodist - Own Account,85,true,no,,,,,,,,,,no,,,,,,,,yes,GP01,,250,100,2000,,AUGP0825
85390035,Clinical Massage Service,85,true,no,,,,,,,,,,yes,AHCL01,AH01,100,100,$1m PI $10m PL,AUAH0020,AUAH25,yes,GP01,,250,100,2000,,AUGP0825
85390045,Community Health Centre Operation Medical Establishment - Mainly Nursing Services,85,true,no,,,,,,,,,,refer,AHCL04,AH06,100,1000,$1m PI $10m PL,AUAH0025,AUAH25,yes,GP01,,250,100,2000,,AUGP0825
85390050,Contract Pharmacist Working On Contract To Pharmacies - Self Employed,85,true,no,,,,,,,,,,yes,AHCL02,AH01,100,100,$1m PI $10m PL,,AUAH25,yes,GP01,,250,100,2000,,AUGP0825
85390055,Dental Hygiene Service,85,true,no,,,,,,,,,,no,,,,,,,,yes,GP01,,250,100,2000,,AUGP0825
85390060,Dietician Service,85,true,no,,,,,,,,,,yes,AHCL03,AH01,100,100,$1m PI $10m PL,,AUAH25,yes,GP01,,250,100,2000,,AUGP0825
85390075,Hearing Aid Dispensing,85,true,no,,,,,,,,,,yes,AHCL03,AH02,100,125,$1m PI $10m PL,,AUAH25,yes,GP01,,250,100,2000,,AUGP0825
85390080,Herbalist or Chinese Medicine,85,true,no,,,,,,,,,,yes,AHCL02,AH01,100,100,$1m PI $10m PL,,AUAH25,yes,GP01,,250,100,2000,,AUGP0825
85390095,Homeopath - Own Account,85,true,no,,,,,,,,,,yes,AHCL03,AH01,100,100,$1m PI $10m PL,,AUAH25,yes,GP01,,250,100,2000,,AUGP0825
85390105,Hydropath - Own Account,85,true,no,,,,,,,,,,yes,AHCL03,AH01,100,100,$1m PI $10m PL,,AUAH25,yes,GP01,,250,100,2000,,AUGP0825
85390115,Hypnotherapist - Own Account,85,true,no,,,,,,,,,,yes,AHCL03,AH01,100,100,$1m PI $10m PL,AUAH0008,AUAH25,yes,GP01,,250,100,2000,,AUGP0825
85390120,Locum Pharmacist Working On Contract To Pharmacies - Self Employed,85,true,no,,,,,,,,,,yes,AHCL02,AH01,100,100,$1m PI $10m PL,,AUAH25,yes,GP01,,250,100,2000,,AUGP0825
85390125,Magnetic Therapy Service,85,true,no,,,,,,,,,,yes,AHCL03,AH01,100,100,$1m PI $10m PL,,AUAH25,yes,GP01,,250,100,2000,,AUGP0825
85390130,Massage Therapy Service (not Adult massage),85,true,no,,,,,,,,,,yes,AHCL01,AH01,100,100,$1m PI $10m PL,AUAH0020,AUAH25,yes,GP01,,250,100,2000,,AUGP0825
85390135,Midwifery Service - Own Account,85,true,no,,,,,,,,,,no,,,,,,,,yes,GP01,,250,100,2000,,AUGP0825
85390140,Naturopath - Own Account,85,true,no,,,,,,,,,,yes,AHCL03,AH01,100,100,$1m PI $10m PL,,AUAH25,yes,GP01,,250,100,2000,,AUGP0825
85390165,Nursing Care - In Patients Home,85,true,no,,,,,,,,,,yes,AHCL02,AH13,100,400,$1m PI $10m PL,,AUAH25,yes,GP01,,250,100,2000,,AUGP0825
85390170,Nursing Service,85,true,no,,,,,,,,,,yes,AHCL02,AH13,100,400,$1m PI $10m PL,,AUAH25,yes,GP01,,250,100,2000,,AUGP0825
85390175,Occupational Therapy Service,85,true,no,,,,,,,,,,yes,AHCL02,AH01,100,100,$1m PI $10m PL,,AUAH25,yes,GP01,,250,100,2000,,AUGP0825
85390180,Paramedical Service - Own Account,85,true,no,,,,,,,,,,no,,,,,,,,yes,GP01,,250,100,2000,,AUGP0825
85390185,Podiatry Service or Podiatrist,85,true,no,,,,,,,,,,yes,AHCL02,AH02,100,125,$1m PI $10m PL,AUAH0009,AUAH25,yes,GP01,,250,100,2000,,AUGP0825
85390205,Psychologist - Own Account,85,true,no,,,,,,,,,,yes,AHCL02,AH15,100,350,$1m PI $10m PL,AUAH0011,AUAH25,yes,GP01,,250,100,2000,,AUGP0825
85390210,Psychotherapist - Own Account,85,true,no,,,,,,,,,,yes,AHCL02,AH15,100,350,$1m PI $10m PL,AUAH0011,AUAH25,yes,GP01,,250,100,2000,,AUGP0825
85390215,Reflexologist - Own Account,85,true,no,,,,,,,,,,yes,AHCL03,AH01,100,100,$1m PI $10m PL,,AUAH25,yes,GP01,,250,100,2000,,AUGP0825
85390220,Speech Pathology Service,85,true,no,,,,,,,,,,yes,AHCL03,AH01,100,100,$1m PI $10m PL,,AUAH25,yes,GP01,,250,100,2000,,AUGP0825
85390230,Therapeutic Massage Service,85,true,no,,,,,,,,,,yes,AHCL01,AH01,100,100,$1m PI $10m PL,AUAH0020,AUAH25,yes,GP01,,250,100,2000,,AUGP0825
85390235,Transcendental Meditation Service,85,true,no,,,,,,,,,,yes,AHCL03,AH01,100,100,$1m PI $10m PL,,AUAH25,yes,GP01,,250,100,2000,,AUGP0825
85390245,Women's Health Centre Medical Establishment - Providing A Range Of Allied Health Services,85,true,no,,,,,,,,,,yes,AHCL04,AH04,100,1000,$1m PI $10m PL,AUAH0025,AUAH25,yes,GP01,,250,100,2000,,AUGP0825
85910005,Aerial Ambulance Service,85,true,no,,,,,,,,,,no,,,,,,,,yes,GP01,,250,100,2000,,AUGP0825
85910015,Ambulance Service,85,true,no,,,,,,,,,,no,,,,,,,,yes,GP01,,250,100,2000,,AUGP0825
85990005,Autoclaving Service,85,true,no,,,,,,,,,,yes,AHCL03,AH19,100,550,$1m PI $10m PL,,AUAH25,yes,GP01,,250,100,2000,,AUGP0825
85990010,Blood Bank Operation,85,true,no,,,,,,,,,,no,,,,,,,,yes,GP01,,250,100,2000,,AUGP0825
85990015,Child Health Centre Operation - On Account Of Government Or Non-profit Organisation,85,true,no,,,,,,,,,,refer,AHCL04,AH06,100,1000,$1m PI $10m PL,AUAH0025,AUAH25,yes,GP01,,250,100,2000,,AUGP0825
85990020,Community Health Centre Operation,85,true,no,,,,,,,,,,refer,AHCL04,AH06,100,1000,$1m PI $10m PL,AUAH0025,AUAH25,yes,GP01,,250,100,2000,,AUGP0825
85990025,Curative Bath Or Spa Centre Operation,85,true,no,,,,,,,,,,yes,AHCL01,AH03,100,150,$1m PI $10m PL,AUAH0006;AUAH0020,AUAH25,yes,GP01,,250,100,2000,,AUGP0825
85990030,Drug Referral Centre Operation - On Account Of Government Or Non-profit Organisation,85,true,no,,,,,,,,,,refer,AHCL04,AH06,100,1000,$1m PI $10m PL,AUAH0025,AUAH25,yes,GP01,,250,100,2000,,AUGP0825
85990035,Family Planning Clinic Operation,85,true,no,,,,,,,,,,no,,,,,,,,yes,GP01,,250,100,2000,,AUGP0825
85990040,Health Assessment Services,85,true,no,,,,,,,,,,yes,AHCL03,AH05,100,200,$1m PI $10m PL,,AUAH25,yes,GP01,,250,100,2000,,AUGP0825
85990045,Health Retreat Operation - Mainly Providing Medical Services,85,true,no,,,,,,,,,,refer,AHCL04,AH06,100,1000,$1m PI $10m PL,AUAH0025;AUAH0006;AUAH0020,AUAH25,yes,GP01,,250,100,2000,,AUGP0825
86010015,Convalescent Home Operation (Except Hospitals),86,true,no,,,,,,,,,,no,,,,,,,,yes,GP01,,250,100,2000,,AUGP0825
86010035,Nursing Home Operation (Except Hospitals),86,true,no,,,,,,,,,,no,,,,,,,,yes,GP01,,250,100,2000,,AUGP0825
86010040,Residential Care For The Aged Operation,86,true,no,,,,,,,,,,no,,,,,,,,yes,GP01,,250,100,2000,,AUGP0825
86090005,Charitable Home Accommodation Operation,86,true,no,,,,,,,,,,no,,,,,,,,yes,GP01,,250,100,2000,,AUGP0825
86090010,Children's Home Operation,86,true,no,,,,,,,,,,no,,,,,,,,yes,GP01,,250,100,2000,,AUGP0825
86090015,Community Mental Health Hostel,86,true,no,,,,,,,,,,refer,AHCL04,AH06,100,1000,$1m PI $10m PL,AUAH0025,AUAH25,yes,GP01,,250,100,2000,,AUGP0825
86090020,Crisis Care Accommodation Operation,86,true,no,,,,,,,,,,refer,AHCL04,AH06,100,1000,$1m PI $10m PL,AUAH0025,AUAH25,yes,GP01,,250,100,2000,,AUGP0825
86090045,Home For The Disadvantaged Operation,86,true,no,,,,,,,,,,no,,,,,,,,yes,GP01,,250,100,2000,,AUGP0825
86090050,Homeless Accommodation,86,true,no,,,,,,,,,,no,,,,,,,,yes,GP01,,250,100,2000,,AUGP0825
86090055,Hospice Operation,86,true,no,,,,,,,,,,no,,,,,,,,yes,GP01,,250,100,2000,,AUGP0825
86090070,Orphanage Operation,86,true,no,,,,,,,,,,no,,,,,,,,yes,GP01,,250,100,2000,,AUGP0825
86090085,Respite Residential Care Operation,86,true,no,,,,,,,,,,refer,AHCL04,AH06,100,1000,$1m PI $10m PL,AUAH0018,AUAH25,yes,GP01,,250,100,2000,,AUGP0825
86090090,Women's Refuge Operation,86,true,no,,,,,,,,,,refer,AHCL04,AH06,100,1000,$1m PI $10m PL,AUAH0025,AUAH25,yes,GP01,,250,100,2000,,AUGP0825
87100006,Babysitting Service,87,true,no,,,,,,,,,,no,,,,,,,,yes,GP01,,250,100,2000,,AUGP0825
87100020,Child Care Service,87,true,no,,,,,,,,,,refer,AHCL05,AH06,,,,,AUAH25,yes,GP01,,250,100,2000,,AUGP0825
87100030,Childminding Service,87,true,no,,,,,,,,,,no,,,,,,,,yes,GP01,,250,100,2000,,AUGP0825
87100040,Children's Nursery Operation (Except Preschool Education),87,true,no,,,,,,,,,,refer,AHCL05,AH06,,,,,AUAH25,yes,GP01,,250,100,2000,,AUGP0825
87100050,Family Day Care Service,87,true,no,,,,,,,,,,no,,,,,,,,yes,GP01,,250,100,2000,,AUGP0825
87100055,Kindergarten Operation - Child Minding Centre,87,true,no,,,,,,,,,,refer,AHCL05,AH06,,,,,AUAH25,yes,GP01,,250,100,2000,,AUGP0825
72940020,Telemarketing Service,72,true,no,,,,,,,,,,no,,,,,,,,yes,GP01,,250,100,2000,,AUGP0825
87900010,Adult Day Care Centre Operation,87,true,no,,,,,,,,,,refer,AHCL05,AH06,,,,,AUAH25,yes,GP01,,250,100,2000,,AUGP0825
87900015,Aged Care Support Worker (excluding any work within an aged care facility),87,true,no,,,,,,,,,,yes,AHCL03,AH05,100,200,$1m PI $10m PL,AUAH0033,AUAH25,yes,GP01,,250,100,2000,,AUGP0825
87900020,Alcohol Counselling Services,87,true,no,,,,,,,,,,yes,AHCL03,AH05,100,200,$1m PI $10m PL,,AUAH25,yes,GP01,,250,100,2000,,AUGP0825
87900030,Blind Institute Operation (Except Home Or School),87,true,no,,,,,,,,,,no,,,,,,,,yes,GP01,,250,100,2000,,AUGP0825
87900045,Charity Service,87,true,no,,,,,,,,,,no,,,,,,,,yes,GP01,,250,100,2000,,AUGP0825
87900055,Child Welfare Clinic Operation,87,true,no,,,,,,,,,,no,,,,,,,,yes,GP01,,250,100,2000,,AUGP0825
87900060,Community Health Centre Operation - Mainly Counselling Services,87,true,no,,,,,,,,,,refer,AHCL04,AH06,100,1000,$1m PI $10m PL,AUAH0025,AUAH25,yes,GP01,,250,100,2000,,AUGP0825
87900080,Counselling Service - Marriage,87,true,no,,,,,,,,,,yes,AHCL03,AH05,100,200,$1m PI $10m PL,,AUAH25,yes,GP01,,250,100,2000,,AUGP0825
87900090,Counselling Service - Relationships,87,true,no,,,,,,,,,,yes,AHCL03,AH05,100,200,$1m PI $10m PL,,AUAH25,yes,GP01,,250,100,2000,,AUGP0825
87900095,Disabilities Assistance Service,87,true,no,,,,,,,,,,yes,AHCL03,AH05,100,200,$1m PI $10m PL,,AUAH25,yes,GP01,,250,100,2000,,AUGP0825
87900105,Drug Rehabilitation Counselling Services,87,true,no,,,,,,,,,,yes,AHCL03,AH05,100,200,$1m PI $10m PL,,AUAH25,yes,GP01,,250,100,2000,,AUGP0825
87900110,Emergency Housekeeping Service,87,true,no,,,,,,,,,,no,,,,,,,,yes,GP01,,250,100,2000,,AUGP0825
87900125,Home Support - Welfare,87,true,no,,,,,,,,,,yes,AHCL03,AH05,100,200,$1m PI $10m PL,,AUAH25,yes,GP01,,250,100,2000,,AUGP0825
87900130,Homeless Welfare Assistance (Except Accommodation),87,true,no,,,,,,,,,,yes,AHCL03,AH05,100,200,$1m PI $10m PL,,AUAH25,yes,GP01,,250,100,2000,,AUGP0825
87900135,Humane Society Operation,87,true,no,,,,,,,,,,no,,,,,,,,yes,GP01,,250,100,2000,,AUGP0825
87900145,Meals On Wheels Service,87,true,no,,,,,,,,,,no,,,,,,,,yes,GP01,,250,100,2000,,AUGP0825
87900160,Non-residential Welfare Service,87,true,no,,,,,,,,,,no,,,,,,,,yes,GP01,,250,100,2000,,AUGP0825
87900170,Parole Or Probationary Service,87,true,no,,,,,,,,,,no,,,,,,,,yes,GP01,,250,100,2000,,AUGP0825
87900180,Refuge Operation (Except Residential),87,true,no,,,,,,,,,,no,,,,,,,,yes,GP01,,250,100,2000,,AUGP0825
87900205,Sheltered Workshop Operation - Predominantly Welfare,87,true,no,,,,,,,,,,no,,,,,,,,yes,GP01,,250,100,2000,,AUGP0825
87900210,Social Workers,87,true,no,,,,,,,,,,yes,AHCL03,AH05,100,200,$1m PI $10m PL,,AUAH25,yes,GP01,,250,100,2000,,AUGP0825
87900220,Toy Library - Welfare Service,87,true,no,,,,,,,,,,no,,,,,,,,yes,GP01,,250,100,2000,,AUGP0825
87900235,Welfare Counselling Service,87,true,no,,,,,,,,,,yes,AHCL03,AH05,100,200,$1m PI $10m PL,,AUAH25,yes,GP01,,250,100,2000,,AUGP0825
87900240,Welfare Services For The Elderly (Except Accommodation),87,true,no,,,,,,,,,,yes,AHCL03,AH05,100,200,$1m PI $10m PL,,AUAH25,yes,GP01,,250,100,2000,,AUGP0825
87900245,Youth Centre Operation,87,true,no,,,,,,,,,,refer,AHCL05,AH06,,,,,AUAH25,yes,GP01,,250,100,2000,,AUGP0825
89100005,Art Gallery Operation (Except Retailing),89,true,no,,,,,,,,,,no,,,,,,,,no,,,,,,,
89100015,Artwork Restoration,89,true,no,,,,,,,,,,no,,,,,,,,yes,GP01,,1000,1000,2000,,AUGP0825
89100025,Historic Or Heritage Place Site Or House Operation,89,true,no,,,,,,,,,,no,,,,,,,,yes,GP01,,250,100,2000,,AUGP0825
89100035,Museum Operation,89,true,no,,,,,,,,,,no,,,,,,,,yes,GP01,,1000,1000,2000,,AUGP0825
89100060,War Memorial Museum Operation,89,true,no,,,,,,,,,,no,,,,,,,,yes,GP01,,250,100,2000,,AUGP0825
89210005,Aquarium Operation,89,true,no,,,,,,,,,,no,,,,,,,,yes,GP01,,250,100,2000,,AUGP0825
89210010,Arboretum Operation,89,true,no,,,,,,,,,,no,,,,,,,,yes,GP01,,250,100,2000,,AUGP0825
89210015,Aviary Operation,89,true,no,,,,,,,,,,no,,,,,,,,yes,GP01,,250,100,2000,,AUGP0825
89210020,Botanical Garden Operation,89,true,no,,,,,,,,,,no,,,,,,,,yes,GP01,,250,100,2000,,AUGP0825
89210025,Herbarium Operation,89,true,no,,,,,,,,,,no,,,,,,,,yes,GP01,,250,100,2000,,AUGP0825
89210045,Zoological Park Or Garden Operation,89,true,no,,,,,,,,,,no,,,,,,,,yes,GP01,,250,100,2000,,AUGP0825
89220005,Animal Park Operation,89,true,no,,,,,,,,,,no,,,,,,,,yes,GP01,,250,100,2000,,AUGP0825
89220025,Flora And Fauna Reserve Operation,89,true,no,,,,,,,,,,no,,,,,,,,yes,GP01,,250,100,2000,,AUGP0825
89220040,Marine Reserve Operation,89,true,no,,,,,,,,,,no,,,,,,,,yes,GP01,,250,100,2000,,AUGP0825
89220045,National Or State/territory Park Or Reserve Operation,89,true,no,,,,,,,,,,no,,,,,,,,yes,GP01,,250,100,2000,,AUGP0825
89220055,Parks And Gardens Operation,89,true,no,,,,,,,,,,no,,,,,,,,yes,GP01,,250,100,2000,,AUGP0825
89220060,Picnic Ground Operation,89,true,no,,,,,,,,,,no,,,,,,,,yes,GP01,,250,100,2000,,AUGP0825
89220065,Recreation Ground Operation (Except Sporting),89,true,no,,,,,,,,,,no,,,,,,,,yes,GP01,,250,100,2000,,AUGP0825
89220070,Tourist Caves Operation,89,true,no,,,,,,,,,,no,,,,,,,,yes,GP01,,250,100,2000,,AUGP0825
89220075,Wild-life Sanctuary Operation,89,true,no,,,,,,,,,,no,,,,,,,,yes,GP01,,250,100,2000,,AUGP0825
89220080,Wildlife Park Or Reserve Operation - Wildlife Not Actively Managed,89,true,no,,,,,,,,,,no,,,,,,,,yes,GP01,,250,100,2000,,AUGP0825
90010005,Ballet Company Operation,90,true,no,,,,,,,,,,no,,,,,,,,yes,GP01,,250,100,2000,,AUGP0825
90010020,Choral Group Operation,90,true,no,,,,,,,,,,no,,,,,,,,yes,GP01,,250,100,2000,,AUGP0825
90010025,Circus Operation,90,true,no,,,,,,,,,,no,,,,,,,,yes,GP01,,250,100,2000,,AUGP0825
90010030,Dance And Ballet Company Operation,90,true,no,,,,,,,,,,no,,,,,,,,yes,GP01,,250,100,2000,,AUGP0825
90010055,Musical Comedy Company Operation,90,true,no,,,,,,,,,,no,,,,,,,,yes,GP01,,250,100,2000,,AUGP0825
90010060,Musical Group Operation,90,true,no,,,,,,,,,,no,,,,,,,,yes,GP01,,250,100,2000,,AUGP0825
90010080,Opera Company Operation,90,true,no,,,,,,,,,,no,,,,,,,,yes,GP01,,250,100,2000,,AUGP0825
90010085,Orchestra Operation,90,true,no,,,,,,,,,,no,,,,,,,,yes,GP01,,250,100,2000,,AUGP0825
90010090,Performing Arts Operation,90,true,no,,,,,,,,,,no,,,,,,,,yes,GP01,,250,100,2000,,AUGP0825
90010095,Puppet Show Operation,90,true,no,,,,,,,,,,no,,,,,,,,yes,GP01,,250,100,2000,,AUGP0825
90010100,Pyrotechnics Display Operation,90,true,no,,,,,,,,,,no,,,,,,,,no,,,,,,,
90010115,Stage Show Operation,90,true,no,,,,,,,,,,no,,,,,,,,yes,GP01,,250,100,2000,,AUGP0825
90010125,Theatre Restaurant Operation - Mainly Entertainment Facility,90,true,no,,,,,,,,,,no,,,,,,,,yes,GP01,,250,100,2000,,AUGP0825
90010130,Theatrical Company Operation,90,true,no,,,,,,,,,,no,,,,,,,,yes,GP01,,250,100,2000,,AUGP0825
90010135,Tribute Shows,90,true,no,,,,,,,,,,no,,,,,,,,yes,GP01,,250,100,2000,,AUGP0825
90020005,Actor,90,true,no,,,,,,,,,,no,,,,,,,,yes,GP01,,250,100,2000,,AUGP0825
90020010,Artist - Own Account,90,true,no,,,,,,,,,,no,,,,,,,,yes,GP01,,250,100,2000,,AUGP0825
90020015,Author - Own Account,90,true,no,,,,,,,,,,no,,,,,,,,yes,GP01,,250,100,2000,,AUGP0825
90020020,Band Operation,90,true,no,,,,,,,,,,no,,,,,,,,yes,GP01,,250,100,2000,,AUGP0825
90020025,Busker - Own Account,90,true,no,,,,,,,,,,no,,,,,,,,yes,GP01,,250,100,2000,,AUGP0825
90020030,Cartoon Character Design,90,true,no,,,,,,,,,,no,,,,,,,,yes,GP01,,250,100,2000,,AUGP0825
90020035,Cartoonist - Own Account,90,true,no,,,,,,,,,,no,,,,,,,,yes,GP01,,250,100,2000,,AUGP0825
90020040,Celebrities/media Presenters,90,true,no,,,,,,,,,,no,,,,,,,,yes,GP01,,250,100,2000,,AUGP0825
90020045,Choreography Service,90,true,no,,,,,,,,,,no,,,,,,,,yes,GP01,,250,100,2000,,AUGP0825
90020050,Collection Of Royalties - By Creative Artists,90,true,no,,,,,,,,,,no,,,,,,,,yes,GP01,,250,100,2000,,AUGP0825
90020055,Comedian,90,true,no,,,,,,,,,,no,,,,,,,,yes,GP01,,250,100,2000,,AUGP0825
90020060,Composing - Including Musical Composition,90,true,no,,,,,,,,,,no,,,,,,,,yes,GP01,,250,100,2000,,AUGP0825
98000058,Industrial Design,98,true,no,,,,,,,,,,no,,,,,,,,yes,GP01,,250,100,2000,,AUGP0825
90020085,Creative Writing,90,true,no,,,,,,,,,,no,,,,,,,,yes,GP01,,250,100,2000,,AUGP0825
90020090,Dancers (Not Dance Group),90,true,no,,,,,,,,,,no,,,,,,,,yes,GP01,,250,100,2000,,AUGP0825
90020100,Entertainers,90,true,no,,,,,,,,,,no,,,,,,,,yes,GP01,,250,100,2000,,AUGP0825
90020105,Fashion Model Self Employed,90,true,no,,,,,,,,,,no,,,,,,,,yes,GP01,,250,100,2000,,AUGP0825
98000059,Inspection Services - Pre-purchase/ Building / Pest or Mould (Excluding Building Surveying),98,true,no,,,,,,,,,,no,,,,,,,,yes,GP01,,250,100,2000,,AUGP0825
90020145,Musician,90,true,no,,,,,,,,,,no,,,,,,,,yes,GP01,,250,100,2000,,AUGP0825
90020165,Performing Artist,90,true,no,,,,,,,,,,no,,,,,,,,yes,GP01,,250,100,2000,,AUGP0825
90020170,Playwright,90,true,no,,,,,,,,,,no,,,,,,,,yes,GP01,,250,100,2000,,AUGP0825
90020180,Poet,90,true,no,,,,,,,,,,no,,,,,,,,yes,GP01,,250,100,2000,,AUGP0825
90020190,Producer - Creative Arts,90,true,no,,,,,,,,,,no,,,,,,,,yes,GP01,,250,100,2000,,AUGP0825
90020200,Radio Announcer,90,true,no,,,,,,,,,,no,,,,,,,,yes,GP01,,250,100,2000,,AUGP0825
90020205,Radio Program Production - Fee Or Contract Or Freelance,90,true,no,,,,,,,,,,no,,,,,,,,yes,GP01,,250,100,2000,,AUGP0825
90020210,Reporter,90,true,no,,,,,,,,,,no,,,,,,,,yes,GP01,,250,100,2000,,AUGP0825
90020220,Sculpting,90,true,no,,,,,,,,,,no,,,,,,,,yes,GP01,,250,100,2000,,AUGP0825
69240045,Interior Design Service,69,true,no,,,,,,,,,,no,,,,,,,,yes,GP01,,250,100,2000,,AUGP0825
90020235,Showperson,90,true,no,,,,,,,,,,no,,,,,,,,yes,GP01,,250,100,2000,,AUGP0825
90020245,Song Writer,90,true,no,,,,,,,,,,no,,,,,,,,yes,GP01,,250,100,2000,,AUGP0825
90020250,Speaking Service - Including Radio And Television Announcing,90,true,no,,,,,,,,,,no,,,,,,,,yes,GP01,,250,100,2000,,AUGP0825
90020255,Stage Management Operation,90,true,no,,,,,,,,,,no,,,,,,,,yes,GP01,,250,100,2000,,AUGP0825
90020265,Television Direction Services - Freelance,90,true,no,,,,,,,,,,no,,,,,,,,yes,GP01,,250,100,2000,,AUGP0825
69240050,Jewellery Design Service,69,true,no,,,,,,,,,,no,,,,,,,,yes,GP01,,250,100,2000,,AUGP0825
90020275,Ventriloquist,90,true,no,,,,,,,,,,no,,,,,,,,yes,GP01,,250,100,2000,,AUGP0825
90020285,Writer,90,true,no,,,,,,,,,,no,,,,,,,,yes,GP01,,250,100,2000,,AUGP0825
90030005,Concert Hall Operation,90,true,no,,,,,,,,,,no,,,,,,,,yes,GP01,,250,100,2000,,AUGP0825
90030010,Entertainment Centre Operation,90,true,no,,,,,,,,,,no,,,,,,,,yes,GP01,,250,100,2000,,AUGP0825
90030011,Exhibition Centre Operation,90,true,no,,,,,,,,,,no,,,,,,,,yes,GP01,,250,100,2000,,AUGP0825
90030012,Music And Other Festival Organisation,90,true,no,,,,,,,,,,no,,,,,,,,yes,GP01,,250,100,2000,,AUGP0825
90030015,Music Bowl Operation,90,true,no,,,,,,,,,,no,,,,,,,,yes,GP01,,250,100,2000,,AUGP0825
90030020,Music Hall Operation (Except Theatre Restaurant Operation),90,true,no,,,,,,,,,,no,,,,,,,,yes,GP01,,250,100,2000,,AUGP0825
90030025,Opera House Operation,90,true,no,,,,,,,,,,no,,,,,,,,yes,GP01,,250,100,2000,,AUGP0825
90030030,Performing Arts Venue Operation,90,true,no,,,,,,,,,,no,,,,,,,,yes,GP01,,250,100,2000,,AUGP0825
90030035,Playhouse Operation,90,true,no,,,,,,,,,,no,,,,,,,,yes,GP01,,250,100,2000,,AUGP0825
90030040,Theatre Operation (Except Motion Picture Theatre),90,true,no,,,,,,,,,,no,,,,,,,,yes,GP01,,250,100,2000,,AUGP0825
91110015,Gymnasium Operation,91,true,no,,,,,,,,,,no,,,,,,,,yes,GP01,,250,100,2000,,AUGP0825
91110025,Health Club Operation,91,true,no,,,,,,,,,,no,,,,,,,,yes,GP01,,250,100,2000,,AUGP0825
91120005,Athletic Club Operation (Except Hospitality),91,true,no,,,,,,,,,,no,,,,,,,,yes,GP01,,250,100,2000,,AUGP0825
91120025,Basketballers - Professional,91,true,no,,,,,,,,,,no,,,,,,,,yes,GP01,,250,100,2000,,AUGP0825
91120045,Cricketers - Professional,91,true,no,,,,,,,,,,no,,,,,,,,yes,GP01,,250,100,2000,,AUGP0825
91120055,Football Club Operation (Except Hospitality),91,true,no,,,,,,,,,,no,,,,,,,,yes,GP01,,250,100,2000,,AUGP0825
91120060,Footballers - Professional,91,true,no,,,,,,,,,,no,,,,,,,,yes,GP01,,250,100,2000,,AUGP0825
91120065,Golf Club Operation,91,true,no,,,,,,,,,,no,,,,,,,,yes,GP01,,250,100,2000,,AUGP0825
91120070,Gun Club Operation,91,true,no,,,,,,,,,,no,,,,,,,,yes,GP01,,250,100,2000,,AUGP0825
91120075,Hockey Club Operation (Except Hospitality),91,true,no,,,,,,,,,,no,,,,,,,,yes,GP01,,250,100,2000,,AUGP0825
91120085,Jockeys,91,true,no,,,,,,,,,,no,,,,,,,,yes,GP01,,250,100,2000,,AUGP0825
91120100,Life Saving Club Operation,91,true,no,,,,,,,,,,no,,,,,,,,yes,GP01,,250,100,2000,,AUGP0825
91120105,Martial Arts Club Operation,91,true,no,,,,,,,,,,no,,,,,,,,yes,GP01,,250,100,2000,,AUGP0825
91120115,Motor Racing Team Operation,91,true,no,,,,,,,,,,no,,,,,,,,yes,GP01,,250,100,2000,,AUGP0825
91120130,Professional Sportspersons - Own Account,91,true,no,,,,,,,,,,no,,,,,,,,yes,GP01,,250,100,2000,,AUGP0825
91120135,Racing Car Club Operation,91,true,no,,,,,,,,,,no,,,,,,,,yes,GP01,,250,100,2000,,AUGP0825
91120140,Referees And Umpires,91,true,no,,,,,,,,,,no,,,,,,,,yes,GP01,,250,100,2000,,AUGP0825
91120175,Sporting Club Operation (Except Hospitality),91,true,no,,,,,,,,,,no,,,,,,,,yes,GP01,,250,100,2000,,AUGP0825
91120200,Yacht Club Operation (Except Hospitality),91,true,no,,,,,,,,,,no,,,,,,,,yes,GP01,,250,100,2000,,AUGP0825
91130005,Archery Centre Operation,91,true,no,,,,,,,,,,no,,,,,,,,yes,GP01,,250,100,2000,,AUGP0825
91130010,Athletic Field Operation,91,true,no,,,,,,,,,,no,,,,,,,,yes,GP01,,250,100,2000,,AUGP0825
91130020,Basketball Court Or Stadium Operation,91,true,no,,,,,,,,,,no,,,,,,,,yes,GP01,,250,100,2000,,AUGP0825
91130035,Billiard Snooker Or Pool Hall Operation,91,true,no,,,,,,,,,,no,,,,,,,,yes,GP01,,250,100,2000,,AUGP0825
91130040,Bowling Alley Tenpin Operation,91,true,no,,,,,,,,,,no,,,,,,,,yes,GP01,,250,100,2000,,AUGP0825
91130045,Bowling Green Operation (Except In Association With Hospitality Club),91,true,no,,,,,,,,,,no,,,,,,,,yes,GP01,,250,100,2000,,AUGP0825
91130050,Boxing Stadium Operation,91,true,no,,,,,,,,,,no,,,,,,,,yes,GP01,,250,100,2000,,AUGP0825
91130055,Cricket Ground Operation,91,true,no,,,,,,,,,,no,,,,,,,,yes,GP01,,250,100,2000,,AUGP0825
91130060,Football Field Or Stadium Operation,91,true,no,,,,,,,,,,no,,,,,,,,yes,GP01,,250,100,2000,,AUGP0825
91130065,Golf Club Operation (Except Hospitality),91,true,no,,,,,,,,,,no,,,,,,,,yes,GP01,,250,100,2000,,AUGP0825
91130070,Golf Course Or Practice Range Operation (Except In Association With A Licensed Golf Club),91,true,no,,,,,,,,,,no,,,,,,,,yes,GP01,,250,100,2000,,AUGP0825
91130071,"Sports Pavillion, Stadium Or Grandstand Operation",91,true,no,,,,,,,,,,no,,,,,,,,yes,GP01,,250,100,2000,,AUGP0825
91130075,Hiring Of Sports Ground Facilities (Except Horse And Dog Racing),91,true,no,,,,,,,,,,no,,,,,,,,yes,GP01,,250,100,2000,,AUGP0825
91130080,Ice Or Roller Skating Rink Operation,91,true,no,,,,,,,,,,no,,,,,,,,yes,GP01,,250,100,2000,,AUGP0825
91130086,Indoor Sporting Facility Operation,91,true,no,,,,,,,,,,no,,,,,,,,yes,GP01,,250,100,2000,,AUGP0825
91130090,Indoor Cricket Centre Operation,91,true,no,,,,,,,,,,no,,,,,,,,yes,GP01,,250,100,2000,,AUGP0825
91130105,Motor Racing Track Or Speedway Operation,91,true,no,,,,,,,,,,no,,,,,,,,yes,GP01,,250,100,2000,,AUGP0825
91130115,Netball Court Or Stadium Operation,91,true,no,,,,,,,,,,no,,,,,,,,yes,GP01,,250,100,2000,,AUGP0825
91130125,Pitch And Putt Centre Operation - Golf,91,true,no,,,,,,,,,,no,,,,,,,,yes,GP01,,250,100,2000,,AUGP0825
91130140,Race Course Or Track Operation (Except Dog Or Horse),91,true,no,,,,,,,,,,no,,,,,,,,yes,GP01,,250,100,2000,,AUGP0825
91130145,Recreational Facilities - Public Swimming Pool,91,true,no,,,,,,,,,,no,,,,,,,,yes,GP01,,250,100,2000,,AUGP0825
91130155,Rifle Range Operation,91,true,no,,,,,,,,,,no,,,,,,,,yes,GP01,,250,100,2000,,AUGP0825
91130160,Skating Rink Operation,91,true,no,,,,,,,,,,no,,,,,,,,yes,GP01,,250,100,2000,,AUGP0825
91130170,Sports Ground Stadium Or Venue Operation,91,true,no,,,,,,,,,,no,,,,,,,,yes,GP01,,250,100,2000,,AUGP0825
91130175,Squash Court Operation,91,true,no,,,,,,,,,,no,,,,,,,,yes,GP01,,250,100,2000,,AUGP0825
91130190,Tennis Court Operation,91,true,no,,,,,,,,,,no,,,,,,,,yes,GP01,,250,100,2000,,AUGP0825
91130195,Thermal Pool Operation,91,true,no,,,,,,,,,,no,,,,,,,,yes,GP01,,250,100,2000,,AUGP0825
91130200,Velodrome Cycle Track Operation,91,true,no,,,,,,,,,,no,,,,,,,,yes,GP01,,250,100,2000,,AUGP0825
91140010,National Sporting Association Or League,91,true,no,,,,,,,,,,no,,,,,,,,yes,GP01,,250,100,2000,,AUGP0825
91140020,Sports Administration Service,91,true,no,,,,,,,,,,no,,,,,,,,yes,GP01,,250,100,2000,,AUGP0825
91140025,State/territory Sporting Association Or League,91,true,no,,,,,,,,,,no,,,,,,,,yes,GP01,,250,100,2000,,AUGP0825
91210020,Race Course Or Track Operation - Dog Or Horse,91,true,no,,,,,,,,,,no,,,,,,,,yes,GP01,,250,100,2000,,AUGP0825
91210035,Racing Or Jockey Club Operation - Race Track Operation,91,true,no,,,,,,,,,,no,,,,,,,,yes,GP01,,250,100,2000,,AUGP0825
91210040,Trotting Track Operation,91,true,no,,,,,,,,,,no,,,,,,,,yes,GP01,,250,100,2000,,AUGP0825
91290005,Dog Training For Racing,91,true,no,,,,,,,,,,no,,,,,,,,yes,GP01,,250,100,2000,,AUGP0825
91290010,Greyhound Training,91,true,no,,,,,,,,,,no,,,,,,,,yes,GP01,,250,100,2000,,AUGP0825
91290015,Horse And Dog Racing Activities,91,true,no,,,,,,,,,,no,,,,,,,,yes,GP01,,250,100,2000,,AUGP0825
91290035,Racehorse Training Operation,91,true,no,,,,,,,,,,no,,,,,,,,yes,GP01,,250,100,2000,,AUGP0825
91290040,Racing Kennels Operation,91,true,no,,,,,,,,,,no,,,,,,,,yes,GP01,,250,100,2000,,AUGP0825
91290045,Racing Stables Operation,91,true,no,,,,,,,,,,no,,,,,,,,yes,GP01,,250,100,2000,,AUGP0825
91310005,Amusement Arcade Or Centre Operation,91,true,no,,,,,,,,,,no,,,,,,,,no,,,,,,,
91310015,Amusement Machine Or Ride Operation - Including Concession Operators,91,true,no,,,,,,,,,,no,,,,,,,,no,,,,,,,
91310020,Amusement Park Operation,91,true,no,,,,,,,,,,no,,,,,,,,no,,,,,,,
91310025,Arcade Operation,91,true,no,,,,,,,,,,no,,,,,,,,no,,,,,,,
91310030,Carnival Operation,91,true,no,,,,,,,,,,no,,,,,,,,no,,,,,,,
91310035,Go-kart Centre Operation,91,true,no,,,,,,,,,,no,,,,,,,,no,,,,,,,
91310050,Indoor Climbing Operation,91,true,no,,,,,,,,,,no,,,,,,,,yes,GP01,,250,100,2000,,AUGP0825
91310055,Merry-go-round Operation,91,true,no,,,,,,,,,,no,,,,,,,,yes,GP01,,250,100,2000,,AUGP0825
91310060,Mini Golf Centre Operation,91,true,no,,,,,,,,,,no,,,,,,,,yes,GP01,,250,100,2000,,AUGP0825
91310075,Side Show Operation,91,true,no,,,,,,,,,,no,,,,,,,,yes,GP01,,250,100,2000,,AUGP0825
91310090,Water Slide Operation,91,true,no,,,,,,,,,,no,,,,,,,,yes,GP01,,250,100,2000,,AUGP0825
91390005,Abseiling Adventure,91,true,no,,,,,,,,,,no,,,,,,,,no,,,,,,,
91390010,Bridge Club Operation,91,true,no,,,,,,,,,,no,,,,,,,,yes,GP01,,250,100,2000,,AUGP0825
91390015,Bungy Jumping Operation,91,true,no,,,,,,,,,,no,,,,,,,,no,,,,,,,
91390040,Chess Club Operation,91,true,no,,,,,,,,,,no,,,,,,,,yes,GP01,,250,100,2000,,AUGP0825
91390045,Dance Hall Operation Without Dance Instruction,91,true,no,,,,,,,,,,no,,,,,,,,yes,GP01,,250,100,2000,,AUGP0825
91390050,Dog Showing Or Trialling Operation,91,true,no,,,,,,,,,,no,,,,,,,,yes,GP01,,250,100,2000,,AUGP0825
91390055,Gymbaroo Centre Operation,91,true,no,,,,,,,,,,no,,,,,,,,yes,GP01,,250,100,2000,,AUGP0825
91390070,Horse Riding Tours,91,true,no,,,,,,,,,,no,,,,,,,,yes,GP01,,250,100,2000,,AUGP0825
91390075,Jet Boat River Rafting Operation,91,true,no,,,,,,,,,,no,,,,,,,,yes,GP01,,250,100,2000,,AUGP0825
91390080,Marina Operation For Pleasure Craft,91,true,no,,,,,,,,,,no,,,,,,,,yes,GP01,,250,100,2000,,AUGP0825
91390085,Outdoor Adventure Operation,91,true,no,,,,,,,,,,no,,,,,,,,yes,GP01,,250,100,2000,,AUGP0825
91390090,Para-gliding Adventure Tours,91,true,no,,,,,,,,,,no,,,,,,,,no,,,,,,,
91390095,Para-sailing Adventure Tours,91,true,no,,,,,,,,,,no,,,,,,,,no,,,,,,,
91390100,Playground Operation,91,true,no,,,,,,,,,,no,,,,,,,,yes,GP01,,250,100,2000,,AUGP0825
91390110,Police And Citizens Youth Club Operation,91,true,no,,,,,,,,,,no,,,,,,,,yes,GP01,,250,100,2000,,AUGP0825
91390115,School Camp Operation - Mainly Provision Of Recreational Activities,91,true,no,,,,,,,,,,no,,,,,,,,yes,GP01,,250,100,2000,,AUGP0825
91390120,Scout Group Operation (Except Scout Association Operation),91,true,no,,,,,,,,,,no,,,,,,,,yes,GP01,,250,100,2000,,AUGP0825
91390125,Shooting Gallery Operation,91,true,no,,,,,,,,,,no,,,,,,,,yes,GP01,,250,100,2000,,AUGP0825
91390130,White Water Rafting Operation,91,true,no,,,,,,,,,,no,,,,,,,,yes,GP01,,250,100,2000,,AUGP0825
91390140,Youth Camp Operation,91,true,no,,,,,,,,,,refer,AHCL05,AH06,,,,,AUAH25,yes,GP01,,250,100,2000,,AUGP0825
92010005,Casino Operation,92,true,no,,,,,,,,,,no,,,,,,,,no,,,,,,,
92020005,Art Union Operation,92,true,no,,,,,,,,,,no,,,,,,,,no,,,,,,,
72940025,Telephone Answering Service,72,true,yes,ITCL01,1,250,250,1e+06,1,1e+07,,AU0825,no,,,,,,,,yes,GP01,,250,100,2000,,AUGP0825
92020020,Lottery Operation,92,true,no,,,,,,,,,,no,,,,,,,,no,,,,,,,
92090005,Betting Shop Operation,92,true,no,,,,,,,,,,no,,,,,,,,no,,,,,,,
92090010,Bingo Operation,92,true,no,,,,,,,,,,no,,,,,,,,no,,,,,,,
92090015,Bookmaker Operation,92,true,no,,,,,,,,,,no,,,,,,,,no,,,,,,,
92090020,Football Pools Operation,92,true,no,,,,,,,,,,no,,,,,,,,no,,,,,,,
92090025,Gambling Services - Dog Racing - On Course Bookmaker,92,true,no,,,,,,,,,,no,,,,,,,,no,,,,,,,
92090035,Gambling Services - Horse Racing - On Course Bookmaker,92,true,no,,,,,,,,,,no,,,,,,,,no,,,,,,,
92090040,Gambling Unit Operation (Except Casinos Or Lotteries),92,true,no,,,,,,,,,,no,,,,,,,,no,,,,,,,
92090055,Tab Operation,92,true,no,,,,,,,,,,no,,,,,,,,no,,,,,,,
92090060,Totalisator Agency Operation,92,true,no,,,,,,,,,,no,,,,,,,,no,,,,,,,
94110020,Automotive Air Conditioning Dealing Or Installation,94,true,no,,,,,,,,,,no,,,,,,,,yes,GP01,,250,100,2000,,AUGP0825
94110030,Automotive Electrical Product Installation And/or Repair,94,true,no,,,,,,,,,,no,,,,,,,,yes,GP01,,250,100,2000,,AUGP0825
94110045,Automotive Mobile Phone Installation,94,true,no,,,,,,,,,,no,,,,,,,,yes,GP01,,250,100,2000,,AUGP0825
94110050,Automotive Servicing - Electrical Repairs,94,true,no,,,,,,,,,,no,,,,,,,,yes,GP01,,250,100,2000,,AUGP0825
94120025,Automotive Interior Repair,94,true,no,,,,,,,,,,no,,,,,,,,yes,GP01,,250,100,2000,,AUGP0825
94120035,Automotive Rustproofing And Undercoating,94,true,no,,,,,,,,,,no,,,,,,,,yes,GP01,,250,100,2000,,AUGP0825
94120050,Automotive Trimming,94,true,no,,,,,,,,,,no,,,,,,,,yes,GP01,,250,100,2000,,AUGP0825
94120060,Car Detailing Service,94,true,no,,,,,,,,,,no,,,,,,,,yes,GP01,,250,100,2000,,AUGP0825
94120070,Car Wash Or Cleaning Operation,94,true,no,,,,,,,,,,no,,,,,,,,yes,GP01,,250,100,2000,,AUGP0825
94120080,Carwash Operation,94,true,no,,,,,,,,,,no,,,,,,,,yes,GP01,,250,100,2000,,AUGP0825
94120081,Bus Or Coach Painting Service,94,true,no,,,,,,,,,,no,,,,,,,,yes,GP01,,250,100,2000,,AUGP0825
94120105,Motor Vehicle Restoration,94,true,no,,,,,,,,,,no,,,,,,,,yes,GP01,,250,100,2000,,AUGP0825
94120130,Motor Vehicle Window Tinting Service,94,true,no,,,,,,,,,,no,,,,,,,,yes,GP01,,250,100,2000,,AUGP0825
94120135,Motor Vehicle Windscreen Repairing,94,true,no,,,,,,,,,,no,,,,,,,,yes,GP01,,250,100,2000,,AUGP0825
94120140,Motor Vehicle Windscreen Replacement,94,true,no,,,,,,,,,,no,,,,,,,,yes,GP01,,250,100,2000,,AUGP0825
94120145,Panel Beating - Motor Body,94,true,no,,,,,,,,,,no,,,,,,,,yes,GP01,,500,100,2000,,AUGP0825
94120155,Repair Of Caravans - Including Fitting-out,94,true,no,,,,,,,,,,no,,,,,,,,yes,GP01,,250,100,2000,,AUGP0825
94120160,Repair Of Coachwork - Large Vehicles And Truck Trays,94,true,no,,,,,,,,,,no,,,,,,,,yes,GP01,,250,100,2000,,AUGP0825
94120175,Spray Painting - Motor Body,94,true,no,,,,,,,,,,no,,,,,,,,yes,GP01,,500,100,2000,,AUGP0825
94190016,Automotive Engineering Service,94,true,no,,,,,,,,,,no,,,,,,,,yes,GP01,,250,100,2000,,AUGP0825
94190050,Automotive Repair Garage Operation,94,true,no,,,,,,,,,,no,,,,,,,,yes,GP01,,250,100,2000,,AUGP0825
94190055,Automotive Servicing - General Mechanical Repairs,94,true,no,,,,,,,,,,no,,,,,,,,yes,GP01,,250,100,2000,,AUGP0825
94190100,Customised Engine Reconditioning,94,true,no,,,,,,,,,,no,,,,,,,,yes,GP01,,250,100,2000,,AUGP0825
94190120,Engine Repair Or Reconditioning - Automotive (Except Factory Reconditioning),94,true,no,,,,,,,,,,no,,,,,,,,yes,GP01,,250,100,2000,,AUGP0825
94190125,Exhaust System Or Muffler Repair - Automotive,94,true,no,,,,,,,,,,no,,,,,,,,yes,GP01,,250,100,2000,,AUGP0825
94190130,Gearbox Repair - Automotive,94,true,no,,,,,,,,,,no,,,,,,,,yes,GP01,,250,100,2000,,AUGP0825
94190141,Mobile Mechanic Service,94,true,no,,,,,,,,,,no,,,,,,,,yes,GP01,,250,100,2000,,AUGP0825
94190145,Motor Cycle Or Scooter Repair - Automotive,94,true,no,,,,,,,,,,no,,,,,,,,yes,GP01,,250,100,2000,,AUGP0825
94190230,Motor Vehicle Radiator Repairing,94,true,no,,,,,,,,,,no,,,,,,,,yes,GP01,,250,100,2000,,AUGP0825
94190265,Motor Vehicle Warranty Inspection Service,94,true,no,,,,,,,,,,no,,,,,,,,yes,GP01,,250,100,2000,,AUGP0825
94190300,Repair Of Motor Vehicle Clutches Or Brakes,94,true,no,,,,,,,,,,no,,,,,,,,yes,GP01,,250,100,2000,,AUGP0825
94190305,Towbar Fitting Service,94,true,no,,,,,,,,,,no,,,,,,,,yes,GP01,,250,100,2000,,AUGP0825
94190315,Transmission Repair - Automotive,94,true,no,,,,,,,,,,no,,,,,,,,yes,GP01,,250,100,2000,,AUGP0825
94210005,Air Conditioner Repair And Maintenance - Domestic,94,true,no,,,,,,,,,,no,,,,,,,,yes,GP01,,250,100,2000,,AUGP0825
94210010,Appliance Domestic Repair,94,true,no,,,,,,,,,,no,,,,,,,,yes,GP01,,250,100,2000,,AUGP0825
94210015,DVD Player Maintenance,94,true,no,,,,,,,,,,no,,,,,,,,yes,GP01,,250,100,2000,,AUGP0825
94210020,DVD Player Repair,94,true,no,,,,,,,,,,no,,,,,,,,yes,GP01,,250,100,2000,,AUGP0825
94210025,Gas Appliances Repair Or Maintenance,94,true,no,,,,,,,,,,no,,,,,,,,yes,GP01,,250,100,2000,,AUGP0825
94210030,Heater Repair - Domestic,94,true,no,,,,,,,,,,no,,,,,,,,yes,GP01,,250,100,2000,,AUGP0825
94210040,Maintenance Of Household Electrical Appliances,94,true,no,,,,,,,,,,no,,,,,,,,yes,GP01,,250,100,2000,,AUGP0825
94210055,Refrigerator Domestic Repair,94,true,no,,,,,,,,,,no,,,,,,,,yes,GP01,,250,100,2000,,AUGP0825
94210060,Repair Of Electric Shavers,94,true,no,,,,,,,,,,no,,,,,,,,yes,GP01,,250,100,2000,,AUGP0825
94210090,Repair Of Household Electric Stoves Or Heaters,94,true,no,,,,,,,,,,no,,,,,,,,yes,GP01,,250,100,2000,,AUGP0825
94210110,Repair Of Household Sewing Machines,94,true,no,,,,,,,,,,no,,,,,,,,yes,GP01,,250,100,2000,,AUGP0825
94210125,Repair Of Household Washing Machines,94,true,no,,,,,,,,,,no,,,,,,,,yes,GP01,,250,100,2000,,AUGP0825
94210130,Repair Of Radios (Except Car Radios),94,true,no,,,,,,,,,,no,,,,,,,,yes,GP01,,250,100,2000,,AUGP0825
94210155,Television Repair And Maintenance,94,true,no,,,,,,,,,,no,,,,,,,,yes,GP01,,250,100,2000,,AUGP0825
94210160,VCR And DVD Repair And Maintenance,94,true,no,,,,,,,,,,no,,,,,,,,yes,GP01,,250,100,2000,,AUGP0825
94220010,Computer And Computer Peripheral Equipment Repair And Maintenance,94,true,yes,ITCL01,1,250,250,1e+06,1,1e+07,,AU0825,no,,,,,,,,yes,GP01,,250,100,2000,,AUGP0825
94220015,Computer Maintenance Service,94,true,yes,ITCL01,1,250,250,1e+06,1,1e+07,,AU0825,no,,,,,,,,yes,GP01,,250,100,2000,,AUGP0825
94220025,Computer Peripheral Maintenance Service,94,true,yes,ITCL01,1,250,250,1e+06,1,1e+07,,AU0825,no,,,,,,,,yes,GP01,,250,100,2000,,AUGP0825
94220030,Computer Printer Repairs,94,true,yes,ITCL01,1,250,250,1e+06,1,1e+07,,AU0825,no,,,,,,,,yes,GP01,,250,100,2000,,AUGP0825
94220080,Maintenance Of Burglar Alarms,94,true,yes,ITCL01,1,250,250,1e+06,1,1e+07,,AU0825,no,,,,,,,,yes,GP01,,250,100,2000,,AUGP0825
94220090,Measuring Equipment Repair And Maintenance,94,true,yes,ITCL01,1,250,250,1e+06,1,1e+07,,AU0825,no,,,,,,,,yes,GP01,,250,100,2000,,AUGP0825
94220095,Medical And Surgical Equipment Repair And Maintenance,94,true,no,,,,,,,,,,no,,,,,,,,yes,GP01,,250,100,2000,,AUGP0825
94220105,Meteorological Instrument Repair And Maintenance,94,true,yes,ITCL01,1,250,250,1e+06,1,1e+07,,AU0825,no,,,,,,,,yes,GP01,,250,100,2000,,AUGP0825
94220110,Navigation Instrument Repair And Maintenance - Including Radar And Sonar,94,true,yes,ITCL01,20,250,250,1e+06,1,1e+07,,AU0825,no,,,,,,,,yes,GP01,,250,100,2000,,AUGP0825
94220115,Office Machine Repair And Maintenance,94,true,yes,ITCL01,1,250,250,1e+06,1,1e+07,,AU0825,no,,,,,,,,yes,GP01,,250,100,2000,,AUGP0825
94220120,Optical Instrument Repair And Maintenance - Including Microscopes And Telescopes,94,true,yes,ITCL01,1,250,250,1e+06,1,1e+07,,AU0825,no,,,,,,,,yes,GP01,,250,100,2000,,AUGP0825
94220130,Photographic Equipment Repair - Including Camera,94,true,yes,ITCL01,1,250,250,1e+06,1,1e+07,,AU0825,no,,,,,,,,yes,GP01,,250,100,2000,,AUGP0825
94220135,Poker Machine Maintenance - Electronic,94,true,no,,,,,,,,,,no,,,,,,,,yes,GP01,,250,100,2000,,AUGP0825
94220140,Precision Equipment Calibration,94,true,no,,,,,,,,,,no,,,,,,,,yes,GP01,,250,100,2000,,AUGP0825
94220150,Repair Of Avionics Equipment - In Electronics Workshops,94,true,no,,,,,,,,,,no,,,,,,,,yes,GP01,,250,100,2000,,AUGP0825
94220180,Repair Of Microphones,94,true,no,,,,,,,,,,no,,,,,,,,yes,GP01,,250,100,2000,,AUGP0825
94220205,Repair Of Public Address Equipment,94,true,no,,,,,,,,,,no,,,,,,,,yes,GP01,,250,100,2000,,AUGP0825
94220215,Servicing Of Burglar Alarms (Except On-site And Motor Vehicle),94,true,no,,,,,,,,,,no,,,,,,,,yes,GP01,,250,100,2000,,AUGP0825
94220225,Surveying Equipment Repair And Maintenance,94,true,no,,,,,,,,,,no,,,,,,,,yes,GP01,,250,100,2000,,AUGP0825
94220230,Telephone Equipment Repair And Maintenance,94,true,yes,ITCL01,1,250,250,1e+06,1,1e+07,,AU0825,no,,,,,,,,yes,GP01,,250,100,2000,,AUGP0825
94290005,Above Ground Pool Repairs,94,true,no,,,,,,,,,,no,,,,,,,,yes,GP01,,250,100,2000,,AUGP0825
94290015,Agricultural Or Construction Machinery Repair Or Maintenance,94,true,no,,,,,,,,,,no,,,,,,,,yes,GP01,,250,100,2000,,AUGP0825
94290025,Blade Sharpening,94,true,no,,,,,,,,,,no,,,,,,,,yes,GP01,,250,100,2000,,AUGP0825
94290030,Brewery Equipment Maintenance,94,true,no,,,,,,,,,,no,,,,,,,,yes,GP01,,250,100,2000,,AUGP0825
94290035,Brushcutter Repair And Maintenance,94,true,no,,,,,,,,,,no,,,,,,,,yes,GP01,,250,100,2000,,AUGP0825
94290040,Commercial Air Conditioner Repairs,94,true,no,,,,,,,,,,no,,,,,,,,yes,GP01,,250,100,2000,,AUGP0825
94290045,Compressor Repairs,94,true,no,,,,,,,,,,no,,,,,,,,yes,GP01,,250,100,2000,,AUGP0825
94290050,Construction Machinery And Equipment Repair And Maintenance,94,true,no,,,,,,,,,,no,,,,,,,,yes,GP01,,250,100,2000,,AUGP0825
94290055,Drum Reconditioning,94,true,no,,,,,,,,,,no,,,,,,,,yes,GP01,,250,100,2000,,AUGP0825
94290060,Electric Motor Repair And Maintenance Including Armature Rewinding (Except Factory-based),94,true,no,,,,,,,,,,no,,,,,,,,yes,GP01,,250,100,2000,,AUGP0825
94290065,Electrical Generating And Transmission Equipment Repair And Maintenance,94,true,no,,,,,,,,,,no,,,,,,,,yes,GP01,,250,100,2000,,AUGP0825
94290075,Engine Repair (Except Automotive),94,true,no,,,,,,,,,,no,,,,,,,,yes,GP01,,250,100,2000,,AUGP0825
94290085,Fire Extinguisher Servicing,94,true,no,,,,,,,,,,no,,,,,,,,yes,GP01,,250,100,2000,,AUGP0825
94290090,Food Machinery And Equipment Repair And Maintenance - Industrial,94,true,no,,,,,,,,,,no,,,,,,,,yes,GP01,,250,100,2000,,AUGP0825
94290095,Forestry Machinery And Equipment Repair And Maintenance,94,true,no,,,,,,,,,,no,,,,,,,,yes,GP01,,250,100,2000,,AUGP0825
94290100,Foundry Machinery And Equipment Repair And Maintenance,94,true,no,,,,,,,,,,no,,,,,,,,yes,GP01,,250,100,2000,,AUGP0825
94290105,Gas Welding Or Cutting Equipment Repairs,94,true,no,,,,,,,,,,no,,,,,,,,yes,GP01,,250,100,2000,,AUGP0825
94290110,Heavy Machinery And Equipment Repair And Maintenance,94,true,no,,,,,,,,,,no,,,,,,,,yes,GP01,,250,100,2000,,AUGP0825
94290125,Industrial Sewing Machine Repair,94,true,no,,,,,,,,,,no,,,,,,,,yes,GP01,,250,100,2000,,AUGP0825
94290140,Lineboring Repairs On Heavy Plant And Equipment,94,true,no,,,,,,,,,,no,,,,,,,,yes,GP01,,250,100,2000,,AUGP0825
94290145,Machine Tool Repair And Maintenance,94,true,no,,,,,,,,,,no,,,,,,,,yes,GP01,,250,100,2000,,AUGP0825
94290155,Maintenance Of Mining Excavating Equipment,94,true,no,,,,,,,,,,no,,,,,,,,yes,GP01,,250,100,2000,,AUGP0825
94290160,Maintenance Of Non-electric Traffic Control Equipment,94,true,no,,,,,,,,,,no,,,,,,,,yes,GP01,,250,100,2000,,AUGP0825
94290165,Maintenance Of Non-electric Traffic Signals,94,true,no,,,,,,,,,,no,,,,,,,,yes,GP01,,250,100,2000,,AUGP0825
94290170,Maintenance Of Non-electric Traffic Signs,94,true,no,,,,,,,,,,no,,,,,,,,yes,GP01,,250,100,2000,,AUGP0825
94290175,Material Handling Equipment Repair And Maintenance,94,true,no,,,,,,,,,,no,,,,,,,,yes,GP01,,250,100,2000,,AUGP0825
94290180,Mining Machinery And Equipment Repair And Maintenance,94,true,no,,,,,,,,,,no,,,,,,,,yes,GP01,,250,100,2000,,AUGP0825
94290190,Outboard Motor Repair,94,true,no,,,,,,,,,,no,,,,,,,,yes,GP01,,250,100,2000,,AUGP0825
94290195,Paper Making And Printing Trade Machinery Repair And Maintenance,94,true,no,,,,,,,,,,no,,,,,,,,yes,GP01,,250,100,2000,,AUGP0825
94290200,Power Transformer Repair And Servicing,94,true,no,,,,,,,,,,no,,,,,,,,yes,GP01,,250,100,2000,,AUGP0825
94290205,Pump And Compressor Repair,94,true,no,,,,,,,,,,no,,,,,,,,yes,GP01,,250,100,2000,,AUGP0825
94290225,Repair And Maintenance Of Industrial Gas Equipment,94,true,no,,,,,,,,,,no,,,,,,,,yes,GP01,,250,100,2000,,AUGP0825
94290230,Repair And Maintenance Of Irrigation Equipment,94,true,no,,,,,,,,,,no,,,,,,,,yes,GP01,,250,100,2000,,AUGP0825
94290235,Repair Of Agricultural Machinery Equipment Or Parts - Including Maintenance,94,true,no,,,,,,,,,,no,,,,,,,,yes,GP01,,250,100,2000,,AUGP0825
94290240,Repair Of Air Compressor Equipment,94,true,no,,,,,,,,,,no,,,,,,,,yes,GP01,,250,100,2000,,AUGP0825
94290245,Repair Of Arc Welding Equipment,94,true,no,,,,,,,,,,no,,,,,,,,yes,GP01,,250,100,2000,,AUGP0825
94290250,Repair Of Commercial Dish Washers,94,true,no,,,,,,,,,,no,,,,,,,,yes,GP01,,250,100,2000,,AUGP0825
94290270,Repair Of Commercial Glass Washing Equipment,94,true,no,,,,,,,,,,no,,,,,,,,yes,GP01,,250,100,2000,,AUGP0825
94290275,Repair Of Commercial Laundry Machinery And Equipment,94,true,no,,,,,,,,,,no,,,,,,,,yes,GP01,,250,100,2000,,AUGP0825
94290280,Repair Of Commercial Refrigeration Equipment,94,true,no,,,,,,,,,,no,,,,,,,,yes,GP01,,250,100,2000,,AUGP0825
94290285,Repair Of Construction Machinery Equipment Or Parts - Including Maintenance,94,true,no,,,,,,,,,,no,,,,,,,,yes,GP01,,250,100,2000,,AUGP0825
94290290,Repair Of Dairy Farm Refrigerated Vats,94,true,no,,,,,,,,,,no,,,,,,,,yes,GP01,,250,100,2000,,AUGP0825
94290295,Repair Of Drink Machines,94,true,no,,,,,,,,,,no,,,,,,,,yes,GP01,,250,100,2000,,AUGP0825
94290300,Repair Of Earthmoving Machinery Equipment Or Parts - Including Maintenance,94,true,no,,,,,,,,,,no,,,,,,,,yes,GP01,,250,100,2000,,AUGP0825
94290305,Repair Of Electrical Welding Equipment,94,true,no,,,,,,,,,,no,,,,,,,,yes,GP01,,250,100,2000,,AUGP0825
94290310,Repair Of Elevators,94,true,no,,,,,,,,,,no,,,,,,,,yes,GP01,,250,100,2000,,AUGP0825
94290315,Repair Of Escalators,94,true,no,,,,,,,,,,no,,,,,,,,yes,GP01,,250,100,2000,,AUGP0825
94290320,Repair Of Forklifts,94,true,no,,,,,,,,,,no,,,,,,,,yes,GP01,,250,100,2000,,AUGP0825
94290325,Repair Of Hydraulic Equipment,94,true,no,,,,,,,,,,no,,,,,,,,yes,GP01,,250,100,2000,,AUGP0825
94290330,Repair Of Industrial Dishwashing Equipment,94,true,no,,,,,,,,,,no,,,,,,,,yes,GP01,,250,100,2000,,AUGP0825
94290340,Repair Of Industrial Refrigeration Equipment,94,true,no,,,,,,,,,,no,,,,,,,,yes,GP01,,250,100,2000,,AUGP0825
94290345,Repair Of Lapidary Machines,94,true,no,,,,,,,,,,no,,,,,,,,yes,GP01,,250,100,2000,,AUGP0825
94290350,Repair Of Lawn Mowers,94,true,no,,,,,,,,,,no,,,,,,,,yes,GP01,,250,100,2000,,AUGP0825
94290365,Repair Of Outboard Motors,94,true,no,,,,,,,,,,no,,,,,,,,yes,GP01,,250,100,2000,,AUGP0825
94290375,Repair Of Petrol Pumps,94,true,no,,,,,,,,,,no,,,,,,,,yes,GP01,,250,100,2000,,AUGP0825
94290385,Repair Of Prosthetics - Including Maintenance,94,true,no,,,,,,,,,,no,,,,,,,,yes,GP01,,250,100,2000,,AUGP0825
94290395,Repair Of Swimming Pool Pumps And Filtration Equipment,94,true,no,,,,,,,,,,no,,,,,,,,yes,GP01,,250,100,2000,,AUGP0825
94290400,Repair Of Tractors - Including Maintenance,94,true,no,,,,,,,,,,no,,,,,,,,yes,GP01,,250,100,2000,,AUGP0825
94290405,Repair Of Transport Containers,94,true,no,,,,,,,,,,no,,,,,,,,yes,GP01,,250,100,2000,,AUGP0825
94290410,Saw Sharpening Service,94,true,no,,,,,,,,,,no,,,,,,,,yes,GP01,,250,100,2000,,AUGP0825
94290415,Servicing Commercial Laundry Machinery And Equipment,94,true,no,,,,,,,,,,no,,,,,,,,yes,GP01,,250,100,2000,,AUGP0825
94290420,Servicing Of Outboard Motors,94,true,no,,,,,,,,,,no,,,,,,,,yes,GP01,,250,100,2000,,AUGP0825
94290425,Servicing Of Petrol Bowsers,94,true,no,,,,,,,,,,no,,,,,,,,yes,GP01,,250,100,2000,,AUGP0825
94290435,Sharpening Service - Knives Scissors Garden And Household Tools Etc,94,true,no,,,,,,,,,,no,,,,,,,,yes,GP01,,250,100,2000,,AUGP0825
94290445,Shopping Trolley Repair And Maintenance,94,true,no,,,,,,,,,,no,,,,,,,,yes,GP01,,250,100,2000,,AUGP0825
94290450,Stove And/or Oven Repair And Maintenance - Industrial,94,true,no,,,,,,,,,,no,,,,,,,,yes,GP01,,250,100,2000,,AUGP0825
94290460,Surgical Instrument Repair (Except Electrical),94,true,no,,,,,,,,,,no,,,,,,,,yes,GP01,,250,100,2000,,AUGP0825
94290465,Technical Service And Support For Commercial Laundry Machinery And Equipment,94,true,no,,,,,,,,,,no,,,,,,,,yes,GP01,,250,100,2000,,AUGP0825
94290470,Textile Machinery Repair And Maintenance,94,true,no,,,,,,,,,,no,,,,,,,,yes,GP01,,250,100,2000,,AUGP0825
94290480,Vehicle Hoist Repairs,94,true,no,,,,,,,,,,no,,,,,,,,yes,GP01,,250,100,2000,,AUGP0825
94290490,Welding Repair Service - Including Automotive,94,true,no,,,,,,,,,,no,,,,,,,,yes,GP01,,250,100,2000,,AUGP0825
94910025,Repair Of Footwear,94,true,no,,,,,,,,,,no,,,,,,,,yes,GP01,,250,100,2000,,AUGP0825
94910035,Repair Or Alteration Of Clothing,94,true,no,,,,,,,,,,no,,,,,,,,yes,GP01,,250,100,2000,,AUGP0825
94990035,Furniture Restoration,94,true,no,,,,,,,,,,no,,,,,,,,yes,GP01,,250,100,2000,,AUGP0825
94990050,Key Cutting Or Duplicating Service,94,true,no,,,,,,,,,,no,,,,,,,,yes,GP01,,250,100,2000,,AUGP0825
94990095,Repair Of Leather Goods (Except Apparel),94,true,no,,,,,,,,,,no,,,,,,,,yes,GP01,,250,100,2000,,AUGP0825
94990110,Repair Of Non-electrical Household Or Personal Goods,94,true,no,,,,,,,,,,no,,,,,,,,yes,GP01,,250,100,2000,,AUGP0825
94990140,Upholstery Repair - Furniture,94,true,no,,,,,,,,,,no,,,,,,,,yes,GP01,,250,100,2000,,AUGP0825
95110005,Barber Shop Operation,95,true,no,,,,,,,,,,yes,AHCL01,AH03,100,150,$1m PI $10m PL,AUAH0006,AUAH25,yes,GP01,,250,100,2000,,AUGP0825
95110010,Beauty Salon Operation,95,true,no,,,,,,,,,,yes,AHCL01,AH03,100,150,$1m PI $10m PL,AUAH0006,AUAH25,yes,GP01,,250,100,2000,,AUGP0825
95110020,Cosmetic Hair Restoration Service,95,true,no,,,,,,,,,,yes,AHCL01,AH03,100,150,$1m PI $10m PL,AUAH0006,AUAH25,yes,GP01,,250,100,2000,,AUGP0825
95110035,Epilation Service or Hair removal (except laser),95,true,no,,,,,,,,,,yes,AHCL01,AH03,100,150,$1m PI $10m PL,AUAH0006,AUAH25,yes,GP01,,250,100,2000,,AUGP0825
95110060,Hairdressing Service,95,true,no,,,,,,,,,,yes,AHCL01,AH03,100,150,$1m PI $10m PL,AUAH0006,AUAH25,yes,GP01,,250,100,2000,,AUGP0825
95110061,Hairdressing Service - Mobile,95,true,no,,,,,,,,,,yes,AHCL01,AH03,100,150,$1m PI $10m PL,AUAH0006,AUAH25,yes,GP01,,250,100,2000,,AUGP0825
95110065,Make-up Service,95,true,no,,,,,,,,,,yes,AHCL01,AH03,100,150,$1m PI $10m PL,AUAH0006,AUAH25,yes,GP01,,250,100,2000,,AUGP0825
95110070,Manicure Service,95,true,no,,,,,,,,,,yes,AHCL01,AH03,100,150,$1m PI $10m PL,AUAH0006,AUAH25,yes,GP01,,250,100,2000,,AUGP0825
95110071,Manicure Service - Mobile,95,true,no,,,,,,,,,,yes,AHCL01,AH03,100,150,$1m PI $10m PL,AUAH0006,AUAH25,yes,GP01,,250,100,2000,,AUGP0825
95110075,Massage Service (Except Clinical Or Therapy Massage Service),95,true,no,,,,,,,,,,yes,AHCL01,AH01,100,150,$1m PI $10m PL,AUAH0020,AUAH25,yes,GP01,,250,100,2000,,AUGP0825
95110085,Pedicure Service,95,true,no,,,,,,,,,,yes,AHCL01,AH03,100,150,$1m PI $10m PL,AUAH0006,AUAH25,yes,GP01,,250,100,2000,,AUGP0825
95110100,Tanning - Excluding Solarium Services,95,true,no,,,,,,,,,,yes,AHCL01,AH03,100,150,$1m PI $10m PL,AUAH0006,AUAH25,yes,GP01,,250,100,2000,,AUGP0825
95120020,Weight Loss Consulting Service,95,true,no,,,,,,,,,,yes,AHCL03,AH01,100,100,$1m PI $10m PL,,AUAH25,yes,GP01,,250,100,2000,,AUGP0825
95120030,Weight Reduction Service - Mainly Diet Planning Programs,95,true,no,,,,,,,,,,yes,AHCL03,AH01,100,100,$1m PI $10m PL,,AUAH25,yes,GP01,,250,100,2000,,AUGP0825
95200010,Cemetery Operation,95,true,no,,,,,,,,,,no,,,,,,,,yes,GP01,,250,100,2000,,AUGP0825
95200020,Crematorium Operation,95,true,no,,,,,,,,,,no,,,,,,,,yes,GP01,,250,100,2000,,AUGP0825
95200030,Funeral Directing,95,true,no,,,,,,,,,,no,,,,,,,,yes,GP01,,250,100,2000,,AUGP0825
95200031,Funeral Parlour Operation (Excluding Coffin Manufacturing),95,true,no,,,,,,,,,,no,,,,,,,,yes,GP01,,250,100,2000,,AUGP0825
95310005,Automatic Laundry Operation - Coin-operated,95,true,no,,,,,,,,,,no,,,,,,,,yes,GP01,,250,100,2000,,AUGP0825
95310010,Baby Napkin Hire Service,95,true,no,,,,,,,,,,no,,,,,,,,yes,GP01,,250,100,2000,,AUGP0825
95310015,Carpet Cleaning Service,95,true,no,,,,,,,,,,no,,,,,,,,yes,GP01,,250,100,2000,,AUGP0825
95310035,Cleaning Contractor - Curtains,95,true,no,,,,,,,,,,no,,,,,,,,yes,GP01,,250,100,2000,,AUGP0825
95310040,Cleaning Contractor - Domestic Soft Furnishings,95,true,no,,,,,,,,,,no,,,,,,,,yes,GP01,,250,100,2000,,AUGP0825
95310055,Clothes Ironing Service,95,true,no,,,,,,,,,,no,,,,,,,,yes,GP01,,250,100,2000,,AUGP0825
95310065,Clothing Hat Or Garment Cleaning Service - Including Leather,95,true,no,,,,,,,,,,no,,,,,,,,yes,GP01,,250,100,2000,,AUGP0825
95310075,Curtain Cleaning Service,95,true,no,,,,,,,,,,no,,,,,,,,yes,GP01,,250,100,2000,,AUGP0825
95310085,Dry Cleaning Service,95,true,no,,,,,,,,,,no,,,,,,,,yes,GP01,,250,100,2000,,AUGP0825
95310090,Dry-cleaning Agency Operation,95,true,no,,,,,,,,,,no,,,,,,,,yes,GP01,,250,100,2000,,AUGP0825
95310095,Dry-cleaning Service,95,true,no,,,,,,,,,,no,,,,,,,,yes,GP01,,250,100,2000,,AUGP0825
95310100,Fabric Protection Service (Except In Conjunction With Manufacturing),95,true,no,,,,,,,,,,no,,,,,,,,yes,GP01,,250,100,2000,,AUGP0825
95310115,Laundry Operation,95,true,no,,,,,,,,,,no,,,,,,,,yes,GP01,,250,100,2000,,AUGP0825
95310116,Laundry Operation\Laundrette\Laundromat,95,true,no,,,,,,,,,,no,,,,,,,,yes,GP01,,250,100,2000,,AUGP0825
95310121,Laundry Service - Domestic,95,true,no,,,,,,,,,,no,,,,,,,,yes,GP01,,250,100,2000,,AUGP0825
95310130,Linen Hire Service,95,true,no,,,,,,,,,,no,,,,,,,,yes,GP01,,250,100,2000,,AUGP0825
95310145,Repair Of Water Damaged Carpets,95,true,no,,,,,,,,,,no,,,,,,,,yes,GP01,,250,100,2000,,AUGP0825
95310150,Rug Cleaning Service,95,true,no,,,,,,,,,,no,,,,,,,,yes,GP01,,250,100,2000,,AUGP0825
95310155,Self-service Laundry Operation,95,true,no,,,,,,,,,,no,,,,,,,,yes,GP01,,250,100,2000,,AUGP0825
95310165,Uniform Hire Service,95,true,no,,,,,,,,,,no,,,,,,,,yes,GP01,,250,100,2000,,AUGP0825
95310170,Vacuum Cleaning Service,95,true,no,,,,,,,,,,no,,,,,,,,yes,GP01,,250,100,2000,,AUGP0825
95320010,Film Developing And Printing (Except Motion Picture),95,true,no,,,,,,,,,,no,,,,,,,,yes,GP01,,250,100,2000,,AUGP0825
95320025,Photofinishing Laboratory Operation,95,true,no,,,,,,,,,,no,,,,,,,,yes,GP01,,250,100,2000,,AUGP0825
95330010,Car Park Operation,95,true,no,,,,,,,,,,no,,,,,,,,yes,GP01,,250,100,2000,,AUGP0825
95330025,Parking Station Operation,95,true,no,,,,,,,,,,no,,,,,,,,yes,GP01,,250,100,2000,,AUGP0825
95330030,Valet Parking Service,95,true,no,,,,,,,,,,no,,,,,,,,yes,GP01,,250,100,2000,,AUGP0825
95340005,Brothel Keeping,95,true,no,,,,,,,,,,no,,,,,,,,no,,,,,,,
95340015,Escort Agency Service,95,true,no,,,,,,,,,,no,,,,,,,,no,,,,,,,
95340025,Massage Parlour Operation (Adult),95,true,no,,,,,,,,,,no,,,,,,,,no,,,,,,,
95340030,Prostitution Service,95,true,no,,,,,,,,,,no,,,,,,,,no,,,,,,,
95390005,Adult Telephone Message Services,95,true,no,,,,,,,,,,no,,,,,,,,no,,,,,,,
95390010,Animal Beauty Parlour Operation,95,true,no,,,,,,,,,,no,,,,,,,,yes,GP01,,250,100,2000,,AUGP0825
95390015,Animal Or Pet Boarding,95,true,no,,,,,,,,,,no,,,,,,,,yes,GP01,,250,100,2000,,AUGP0825
95390020,Astrology Service,95,true,no,,,,,,,,,,no,,,,,,,,yes,GP01,,250,100,2000,,AUGP0825
95390025,Baby Sitting Service,95,true,no,,,,,,,,,,no,,,,,,,,yes,GP01,,250,100,2000,,AUGP0825
95390030,Boarding Kennels,95,true,no,,,,,,,,,,no,,,,,,,,yes,GP01,,250,100,2000,,AUGP0825
95390050,Cloak Room Service,95,true,no,,,,,,,,,,no,,,,,,,,yes,GP01,,250,100,2000,,AUGP0825
95390055,Computer Digital Imaging Hair Styling Service,95,true,no,,,,,,,,,,yes,AHCL01,AH03,100,150,$1m PI $10m PL,AUAH0006,AUAH25,yes,GP01,,250,100,2000,,AUGP0825
69620355,Tourism Development Consulting Service,69,true,no,,,,,,,,,,no,,,,,,,,yes,GP01,,250,100,2000,,AUGP0825
95390080,Domestic Services - Providing A Range Of Domestic Services None Of Which Are Predominant (E.g. Cleaning Cooking Baby Sitting),95,true,no,,,,,,,,,,no,,,,,,,,yes,GP01,,250,100,2000,,AUGP0825
95390085,Fortune Telling Service,95,true,no,,,,,,,,,,no,,,,,,,,yes,GP01,,250,100,2000,,AUGP0825
95390090,Gambling Tips Provision On A Subscription Basis,95,true,no,,,,,,,,,,no,,,,,,,,yes,GP01,,250,100,2000,,AUGP0825
95390095,Genealogy Service,95,true,no,,,,,,,,,,no,,,,,,,,yes,GP01,,250,100,2000,,AUGP0825
95390100,Heraldry Service,95,true,no,,,,,,,,,,no,,,,,,,,yes,GP01,,250,100,2000,,AUGP0825
95390105,Horse Training (Except Race Horse),95,true,no,,,,,,,,,,no,,,,,,,,yes,GP01,,250,100,2000,,AUGP0825
95390110,House Sitting Service,95,true,no,,,,,,,,,,no,,,,,,,,yes,GP01,,250,100,2000,,AUGP0825
95390115,Introduction Agency Service,95,true,no,,,,,,,,,,no,,,,,,,,yes,GP01,,250,100,2000,,AUGP0825
95390130,Marriage Celebrant Service,95,true,no,,,,,,,,,,no,,,,,,,,yes,GP01,,250,100,2000,,AUGP0825
72920055,Transcription Services,72,true,no,,,,,,,,,,no,,,,,,,,yes,GP01,,250,100,2000,,AUGP0825
95390180,Physical Fitness Service Other Than As Part Of The Operation Of A Fitness Centre Or Gymnasium,95,true,no,,,,,,,,,,yes,AHCL03,AH02,100,125,$1m PI $10m PL,,AUAH25,yes,GP01,,250,100,2000,,AUGP0825
95390190,Psychic Service,95,true,no,,,,,,,,,,no,,,,,,,,yes,GP01,,250,100,2000,,AUGP0825
95390195,Racing Information Service,95,true,no,,,,,,,,,,no,,,,,,,,yes,GP01,,250,100,2000,,AUGP0825
95390200,Sauna Bath Operation,95,true,no,,,,,,,,,,no,,,,,,,,yes,GP01,,250,100,2000,,AUGP0825
95390205,Shoe Shining,95,true,no,,,,,,,,,,no,,,,,,,,yes,GP01,,250,100,2000,,AUGP0825
95390210,Tattooing And Piercing Service,95,true,no,,,,,,,,,,no,,,,,,,,yes,GP01,,250,100,2000,,AUGP0825
95390220,Turkish Bath Operation,95,true,no,,,,,,,,,,no,,,,,,,,yes,GP01,,250,100,2000,,AUGP0825
95390230,Weight Reduction Service - Mainly Exercise And Fitness Programs,95,true,no,,,,,,,,,,yes,AHCL03,AH02,100,125,$1m PI $10m PL,,AUAH25,yes,GP01,,250,100,2000,,AUGP0825
95400005,Bible Society Operation (Except Units Providing Goods Or Services Primary To Other Industries),95,true,no,,,,,,,,,,no,,,,,,,,yes,GP01,,250,100,2000,,AUGP0825
95400006,Chapel Operation (Non Denominational),95,true,no,,,,,,,,,,no,,,,,,,,yes,GP01,,250,100,2000,,AUGP0825
95400010,Church Operation,95,true,no,,,,,,,,,,no,,,,,,,,yes,GP01,,250,100,2000,,AUGP0825
95400011,Church Hall Operation,95,true,no,,,,,,,,,,no,,,,,,,,yes,GP01,,250,100,2000,,AUGP0825
95400015,Convent Operation (Except Schools),95,true,no,,,,,,,,,,no,,,,,,,,yes,GP01,,250,100,2000,,AUGP0825
95400020,Diocesan Registry Operation,95,true,no,,,,,,,,,,no,,,,,,,,yes,GP01,,250,100,2000,,AUGP0825
95400025,Minister Of Religion - Self Employed,95,true,no,,,,,,,,,,no,,,,,,,,yes,GP01,,250,100,2000,,AUGP0825
95400030,Missionary Society Operation (Except Units Providing Goods Or Services Primary To Other Industries),95,true,no,,,,,,,,,,no,,,,,,,,yes,GP01,,250,100,2000,,AUGP0825
95400035,Monastery Operation (Except Schools),95,true,no,,,,,,,,,,no,,,,,,,,yes,GP01,,250,100,2000,,AUGP0825
95400040,Mosque Operation,95,true,no,,,,,,,,,,no,,,,,,,,yes,GP01,,250,100,2000,,AUGP0825
95400050,Religious Organisation Operation (Except Units Providing Goods Or Services Primary To Other Industries),95,true,no,,,,,,,,,,no,,,,,,,,yes,GP01,,250,100,2000,,AUGP0825
95400060,Religious Temple Operation,95,true,no,,,,,,,,,,no,,,,,,,,yes,GP01,,250,100,2000,,AUGP0825
95400065,Salvation Army Operation (Except Units Providing Goods Or Services Primary To Other Industries),95,true,no,,,,,,,,,,no,,,,,,,,yes,GP01,,250,100,2000,,AUGP0825
95400070,Sunday School Operation,95,true,no,,,,,,,,,,no,,,,,,,,yes,GP01,,250,100,2000,,AUGP0825
95400075,Synagogue Operation,95,true,no,,,,,,,,,,no,,,,,,,,yes,GP01,,250,100,2000,,AUGP0825
95510005,Accountants Association Operation,95,true,no,,,,,,,,,,no,,,,,,,,yes,GP01,,250,100,2000,,AUGP0825
95510010,Architects Association Operation,95,true,no,,,,,,,,,,no,,,,,,,,yes,GP01,,250,100,2000,,AUGP0825
95510025,Bar Association Operation,95,true,no,,,,,,,,,,no,,,,,,,,yes,GP01,,250,100,2000,,AUGP0825
95510030,Builders Association Operation,95,true,no,,,,,,,,,,no,,,,,,,,yes,GP01,,250,100,2000,,AUGP0825
95510035,Business Taxpayers Association Operation,95,true,no,,,,,,,,,,no,,,,,,,,yes,GP01,,250,100,2000,,AUGP0825
95510040,Chamber Of Commerce Operation,95,true,no,,,,,,,,,,no,,,,,,,,yes,GP01,,250,100,2000,,AUGP0825
95510045,Chamber Of Manufacturers Operation,95,true,no,,,,,,,,,,no,,,,,,,,yes,GP01,,250,100,2000,,AUGP0825
95510050,Chemists Association Operation,95,true,no,,,,,,,,,,no,,,,,,,,yes,GP01,,250,100,2000,,AUGP0825
95510055,Dentists Association Operation,95,true,no,,,,,,,,,,no,,,,,,,,yes,GP01,,250,100,2000,,AUGP0825
95510060,Employers Association Operation,95,true,no,,,,,,,,,,no,,,,,,,,yes,GP01,,250,100,2000,,AUGP0825
95510065,Engineers Association Operation (Except Trade Union),95,true,no,,,,,,,,,,no,,,,,,,,yes,GP01,,250,100,2000,,AUGP0825
95510075,Farmers Association Operation,95,true,no,,,,,,,,,,no,,,,,,,,yes,GP01,,250,100,2000,,AUGP0825
95510085,Graziers Association Operation,95,true,no,,,,,,,,,,no,,,,,,,,yes,GP01,,250,100,2000,,AUGP0825
95510090,Hotelkeepers Association Operation,95,true,no,,,,,,,,,,no,,,,,,,,yes,GP01,,250,100,2000,,AUGP0825
95510100,Lawyers Association Operation,95,true,no,,,,,,,,,,no,,,,,,,,yes,GP01,,250,100,2000,,AUGP0825
95510105,Manufacturers Association Operation,95,true,no,,,,,,,,,,no,,,,,,,,yes,GP01,,250,100,2000,,AUGP0825
95510110,Medical Association Operation,95,true,no,,,,,,,,,,no,,,,,,,,yes,GP01,,250,100,2000,,AUGP0825
95510125,Pastoralists Association Operation,95,true,no,,,,,,,,,,no,,,,,,,,yes,GP01,,250,100,2000,,AUGP0825
95510130,Professional Association Operation,95,true,no,,,,,,,,,,no,,,,,,,,yes,GP01,,250,100,2000,,AUGP0825
95510140,Retail Traders Association Operation,95,true,no,,,,,,,,,,no,,,,,,,,yes,GP01,,250,100,2000,,AUGP0825
95510150,Surveyors Association Operation,95,true,no,,,,,,,,,,no,,,,,,,,yes,GP01,,250,100,2000,,AUGP0825
95510155,Trade Association Operation (Except Trade Union),95,true,no,,,,,,,,,,no,,,,,,,,yes,GP01,,250,100,2000,,AUGP0825
95520020,Industrial Union Operation,95,true,no,,,,,,,,,,no,,,,,,,,yes,GP01,,250,100,2000,,AUGP0825
95520045,Trade Union Operation,95,true,no,,,,,,,,,,no,,,,,,,,yes,GP01,,250,100,2000,,AUGP0825
95590005,Accident Prevention Association Operation,95,true,no,,,,,,,,,,no,,,,,,,,yes,GP01,,250,100,2000,,AUGP0825
95590025,Advocacy Services - Welfare,95,true,no,,,,,,,,,,no,,,,,,,,yes,GP01,,250,100,2000,,AUGP0825
95590035,Association Operation - For Promotion Of Community Or Sectional Interests,95,true,no,,,,,,,,,,no,,,,,,,,yes,GP01,,250,100,2000,,AUGP0825
95590040,Automobile Association Operation,95,true,no,,,,,,,,,,no,,,,,,,,yes,GP01,,250,100,2000,,AUGP0825
95590045,Civil Liberty Service,95,true,no,,,,,,,,,,no,,,,,,,,yes,GP01,,250,100,2000,,AUGP0825
95590050,Club Operation For The Promotion Of Community Or Sectional Interests (Except Recreation Sport Or Hospitality Clubs),95,true,no,,,,,,,,,,no,,,,,,,,yes,GP01,,250,100,2000,,AUGP0825
95590055,Community Association Operation,95,true,no,,,,,,,,,,no,,,,,,,,yes,GP01,,250,100,2000,,AUGP0825
95590060,Conservation Association Operation - Including Wildlife,95,true,no,,,,,,,,,,no,,,,,,,,yes,GP01,,250,100,2000,,AUGP0825
95590061,Environmental Association,95,true,no,,,,,,,,,,no,,,,,,,,yes,GP01,,250,100,2000,,AUGP0825
95590065,Consumers Association Operation,95,true,no,,,,,,,,,,no,,,,,,,,yes,GP01,,250,100,2000,,AUGP0825
95590070,Country Women's Association Operation,95,true,no,,,,,,,,,,no,,,,,,,,yes,GP01,,250,100,2000,,AUGP0825
95590075,Discount Buying Scheme - By A Club Or Association,95,true,no,,,,,,,,,,no,,,,,,,,yes,GP01,,250,100,2000,,AUGP0825
95590080,Disease Research Fundraising - Including Cancer And Heart Disease,95,true,no,,,,,,,,,,no,,,,,,,,yes,GP01,,250,100,2000,,AUGP0825
95590105,Housewives Association Operation,95,true,no,,,,,,,,,,no,,,,,,,,yes,GP01,,250,100,2000,,AUGP0825
95590110,Human Rights Association Operation,95,true,no,,,,,,,,,,no,,,,,,,,yes,GP01,,250,100,2000,,AUGP0825
95590115,Indigenous Society Operation - Including Maori,95,true,no,,,,,,,,,,no,,,,,,,,yes,GP01,,250,100,2000,,AUGP0825
95590120,Interest Group Service,95,true,no,,,,,,,,,,no,,,,,,,,yes,GP01,,250,100,2000,,AUGP0825
95590140,Masonic Lodge Operation,95,true,no,,,,,,,,,,no,,,,,,,,yes,GP01,,250,100,2000,,AUGP0825
95590180,Parents And Citizens Associations,95,true,no,,,,,,,,,,no,,,,,,,,yes,GP01,,250,100,2000,,AUGP0825
95590190,Pensioners' Association Operation,95,true,no,,,,,,,,,,no,,,,,,,,yes,GP01,,250,100,2000,,AUGP0825
95590195,Personal Taxpayers Association Operation,95,true,no,,,,,,,,,,no,,,,,,,,yes,GP01,,250,100,2000,,AUGP0825
95590205,Political Party Operation,95,true,no,,,,,,,,,,no,,,,,,,,yes,GP01,,250,100,2000,,AUGP0825
95590220,Ratepayers Association Operation,95,true,no,,,,,,,,,,no,,,,,,,,yes,GP01,,250,100,2000,,AUGP0825
95590235,Safety And Rescue Association Operation,95,true,no,,,,,,,,,,no,,,,,,,,yes,GP01,,250,100,2000,,AUGP0825
95590240,School Canteen Operation By Parents And Citizens Association,95,true,no,,,,,,,,,,no,,,,,,,,yes,GP01,,250,100,2000,,AUGP0825
95590255,Scout Association Operation,95,true,no,,,,,,,,,,no,,,,,,,,yes,GP01,,250,100,2000,,AUGP0825
95590260,Social Club Operation,95,true,no,,,,,,,,,,no,,,,,,,,yes,GP01,,250,100,2000,,AUGP0825
95590265,Society Operation For The Prevention Of Cruelty To Animals,95,true,no,,,,,,,,,,no,,,,,,,,yes,GP01,,250,100,2000,,AUGP0825
95590285,Welfare Fundraising (Except On A Commission Or Fee Basis),95,true,no,,,,,,,,,,no,,,,,,,,yes,GP01,,250,100,2000,,AUGP0825
95590290,Women's Interest Group Association Operation,95,true,no,,,,,,,,,,no,,,,,,,,yes,GP01,,250,100,2000,,AUGP0825
95590295,Youth Club/association Operation - Including Girl Guides And Scouts,95,true,no,,,,,,,,,,no,,,,,,,,yes,GP01,,250,100,2000,,AUGP0825
96010005,Domestic Servant Services,96,true,no,,,,,,,,,,no,,,,,,,,yes,GP01,,250,100,2000,,AUGP0825
97010001,Beauty Therapist - (Non-AHPRA regulated),97,true,no,,,,,,,,,,yes,AHCL01,AH03,100,150,$1m PI $10m PL,AUAH0006,AUAH25,yes,GP01,,250,100,2000,,AUGP0825
97010002,Acid or chemical peels up to a strength of 40%,97,true,no,,,,,,,,,,yes,AHCL01,AH05,100,200,$1m PI $10m PL,AUAH0006,AUAH25,yes,GP01,,250,100,2000,,AUGP0825
97010003,Acid or chemical peels up to a strength of 60%,97,true,no,,,,,,,,,,yes,AHCL01,AH19,100,550,$1m PI $10m PL,AUAH0006,AUAH25,yes,GP01,,250,100,2000,,AUGP0825
97010004,Aromatherapy,97,true,no,,,,,,,,,,yes,AHCL01,AH03,100,150,$1m PI $10m PL,AUAH0006,AUAH25,yes,GP01,,250,100,2000,,AUGP0825
97010005,Body Piercing (excl Genitalia & Tongue),97,true,no,,,,,,,,,,yes,AHCL01,AH19,100,550,$1m PI $10m PL,AUAH0006,AUAH25,yes,GP01,,250,100,2000,,AUGP0825
97010006,Body Wrapping,97,true,no,,,,,,,,,,yes,AHCL01,AH03,100,150,$1m PI $10m PL,AUAH0006,AUAH25,yes,GP01,,250,100,2000,,AUGP0825
97010007,Calendula Eye Baths,97,true,no,,,,,,,,,,yes,AHCL01,AH03,100,150,$1m PI $10m PL,AUAH0006,AUAH25,yes,GP01,,250,100,2000,,AUGP0825
97010008,Cosmetic Injectables (Botox/Juverderm etc),97,true,no,,,,,,,,,,refer,AHCL01,AH06,1000,650,$1m PI $10m PL,AUAH0006,AUAH25,yes,GP01,,250,100,2000,,AUGP0825
97010009,Cosmetic Tattoo/Micropigmentation Derma therapy,97,true,no,,,,,,,,,,yes,AHCL01,AH05,500,280,$1m PI $10m PL,AUAH0006,AUAH25,yes,GP01,,250,100,2000,,AUGP0825
97010010,Dyathermy,97,true,no,,,,,,,,,,yes,AHCL01,AH05,100,200,$1m PI $10m PL,AUAH0006,AUAH25,yes,GP01,,250,100,2000,,AUGP0825
97010011,Ear Candling,97,true,no,,,,,,,,,,yes,AHCL01,AH03,100,150,$1m PI $10m PL,AUAH0006,AUAH25,yes,GP01,,250,100,2000,,AUGP0825
97010012,Electrical Epilation,97,true,no,,,,,,,,,,yes,AHCL01,AH05,100,200,$1m PI $10m PL,AUAH0006,AUAH25,yes,GP01,,250,100,2000,,AUGP0825
97010013,Electro Collagen Therapy,97,true,no,,,,,,,,,,yes,AHCL01,AH03,100,150,$1m PI $10m PL,AUAH0006,AUAH25,yes,GP01,,250,100,2000,,AUGP0825
97010014,Electro Proration Treatment,97,true,no,,,,,,,,,,yes,AHCL01,AH03,100,150,$1m PI $10m PL,AUAH0006,AUAH25,yes,GP01,,250,100,2000,,AUGP0825
97010015,Electrolysis,97,true,no,,,,,,,,,,yes,AHCL01,AH03,100,150,$1m PI $10m PL,AUAH0006,AUAH25,yes,GP01,,250,100,2000,,AUGP0825
97010016,Epidermal Levelling,97,true,no,,,,,,,,,,yes,AHCL01,AH03,100,150,$1m PI $10m PL,AUAH0006,AUAH25,yes,GP01,,250,100,2000,,AUGP0825
97010017,Eyebrow Shaping/Threading/Tinting/Eyelash Extension/Tinting,97,true,no,,,,,,,,,,yes,AHCL01,AH03,100,150,$1m PI $10m PL,AUAH0006,AUAH25,yes,GP01,,250,100,2000,,AUGP0825
97010018,Facials,97,true,no,,,,,,,,,,yes,AHCL01,AH03,100,150,$1m PI $10m PL,AUAH0006,AUAH25,yes,GP01,,250,100,2000,,AUGP0825
97010019,Fat Reduction Laser/Galvanic Gua Sha,97,true,no,,,,,,,,,,yes,AHCL01,AH28,1000,650,$1m PI $10m PL,AUAH0006,AUAH25,yes,GP01,,250,100,2000,,AUGP0825
97010020,Hair Transplant Services,97,true,no,,,,,,,,,,refer,AHCL01,AH06,1000,650,$1m PI $10m PL,AUAH0006,AUAH25,yes,GP01,,250,100,2000,,AUGP0825
97010021,Hairdressing,97,true,no,,,,,,,,,,yes,AHCL01,AH03,100,150,$1m PI $10m PL,AUAH0006,AUAH25,yes,GP01,,250,100,2000,,AUGP0825
97010022,High Frequency Facial,97,true,no,,,,,,,,,,yes,AHCL01,AH03,100,150,$1m PI $10m PL,AUAH0006,AUAH25,yes,GP01,,250,100,2000,,AUGP0825
97010023,Intense Pulse Light (IPL/VPL),97,true,no,,,,,,,,,,yes,AHCL01,AH05,500,650,$1m PI $10m PL,AUAH0006,AUAH25,yes,GP01,,250,100,2000,,AUGP0825
97010024,Laser Hair Removal,97,true,no,,,,,,,,,,yes,AHCL01,AH05,500,650,$1m PI $10m PL,AUAH0006,AUAH25,yes,GP01,,250,100,2000,,AUGP0825
97010025,Laser Tattoo Removal,97,true,no,,,,,,,,,,yes,AHCL01,AH23,1000,650,$1m PI $10m PL,AUAH0006,AUAH25,yes,GP01,,250,100,2000,,AUGP0825
97010026,Light/Heat Therapy,97,true,no,,,,,,,,,,yes,AHCL01,AH05,100,200,$1m PI $10m PL,AUAH0006,AUAH25,yes,GP01,,250,100,2000,,AUGP0825
97010027,Makeup/Make-up,97,true,no,,,,,,,,,,yes,AHCL01,AH03,100,150,$1m PI $10m PL,AUAH0006,AUAH25,yes,GP01,,250,100,2000,,AUGP0825
97010028,Manicure / Pedicure / Spa,97,true,no,,,,,,,,,,yes,AHCL01,AH03,100,150,$1m PI $10m PL,AUAH0006;AUAH0020,AUAH25,yes,GP01,,250,100,2000,,AUGP0825
97010029,Massage (not Adult),97,true,no,,,,,,,,,,yes,AHCL01,AH01,100,150,$1m PI $10m PL,AUAH0020,AUAH25,yes,GP01,,250,100,2000,,AUGP0825
97010030,Mesotherapy,97,true,no,,,,,,,,,,yes,AHCL01,AH03,100,150,$1m PI $10m PL,AUAH0006,AUAH25,yes,GP01,,250,100,2000,,AUGP0825
97010031,Microcurrent Treatment,97,true,no,,,,,,,,,,yes,AHCL01,AH03,100,150,$1m PI $10m PL,AUAH0006,AUAH25,yes,GP01,,250,100,2000,,AUGP0825
97010032,Microdermabrasion,97,true,no,,,,,,,,,,yes,AHCL01,AH03,100,150,$1m PI $10m PL,AUAH0006,AUAH25,yes,GP01,,250,100,2000,,AUGP0825
97010033,Microsclerotherapy/Micro sclerotherapy,97,true,no,,,,,,,,,,yes,AHCL01,AH03,100,150,$1m PI $10m PL,AUAH0006,AUAH25,yes,GP01,,250,100,2000,,AUGP0825
97010034,Milia Extractions,97,true,no,,,,,,,,,,yes,AHCL01,AH03,100,150,$1m PI $10m PL,AUAH0006,AUAH25,yes,GP01,,250,100,2000,,AUGP0825
97010035,Non-Laser Tattoo Removal,97,true,no,,,,,,,,,,yes,AHCL01,AH23,1000,650,$1m PI $10m PL,AUAH0006,AUAH25,yes,GP01,,250,100,2000,,AUGP0825
97010036,Non-Surgical Facelift,97,true,no,,,,,,,,,,refer,AHCL01,AH06,1000,650,$1m PI $10m PL,AUAH0006,AUAH25,yes,GP01,,250,100,2000,,AUGP0825
97010037,Oxygen Therapy,97,true,no,,,,,,,,,,yes,AHCL01,AH03,100,150,$1m PI $10m PL,AUAH0006,AUAH25,yes,GP01,,250,100,2000,,AUGP0825
97010038,Paraffin Wax Treatment,97,true,no,,,,,,,,,,yes,AHCL01,AH03,100,150,$1m PI $10m PL,AUAH0006,AUAH25,yes,GP01,,250,100,2000,,AUGP0825
97010039,Plasma Skin Resurfacing,97,true,no,,,,,,,,,,refer,AHCL01,AH06,1000,650,$1m PI $10m PL,AUAH0006,AUAH25,yes,GP01,,250,100,2000,,AUGP0825
97010040,Radio & Ultrasonic Skin Treatments,97,true,no,,,,,,,,,,yes,AHCL01,AH03,100,150,$1m PI $10m PL,AUAH0006,AUAH25,yes,GP01,,250,100,2000,,AUGP0825
97010041,Reflexology,97,true,no,,,,,,,,,,yes,AHCL01,AH03,100,150,$1m PI $10m PL,AUAH0006,AUAH25,yes,GP01,,250,100,2000,,AUGP0825
97010042,Sauna (including Infrared),97,true,no,,,,,,,,,,yes,AHCL01,AH03,100,150,$1m PI $10m PL,AUAH0006,AUAH25,yes,GP01,,250,100,2000,,AUGP0825
97010043,Skin Needling,97,true,no,,,,,,,,,,yes,AHCL01,AH05,100,200,$1m PI $10m PL,AUAH0006,AUAH25,yes,GP01,,250,100,2000,,AUGP0825
97010044,Solarium,97,true,no,,,,,,,,,,no,,,,,,,,yes,GP01,,250,100,2000,,AUGP0825
97010045,Spray Tan,97,true,no,,,,,,,,,,yes,AHCL01,AH03,100,150,$1m PI $10m PL,AUAH0006,AUAH25,yes,GP01,,250,100,2000,,AUGP0825
97010046,Teeth Whitening,97,true,no,,,,,,,,,,yes,AHCL01,AH03,100,150,$1m PI $10m PL,AUAH0006,AUAH25,yes,GP01,,250,100,2000,,AUGP0825
97010047,Waxing/Alkaline Hair Removal,97,true,no,,,,,,,,,,yes,AHCL01,AH03,100,150,$1m PI $10m PL,AUAH0006,AUAH25,yes,GP01,,250,100,2000,,AUGP0825
97010048,Weight loss consulting,97,true,no,,,,,,,,,,yes,AHCL01,AH05,100,200,$1m PI $10m PL,AUAH0006,AUAH25,yes,GP01,,250,100,2000,,AUGP0825
97010049,Aboriginal and Torres Strait Islander Health Practice Medical Establishment,97,true,no,,,,,,,,,,refer,AHCL04,AH06,100,1000,$1m PI $10m PL,AUAH0025,AUAH25,yes,GP01,,250,100,2000,,AUGP0825
97010050,Aboriginal and Torres Strait Islander Allied Health Practitioner,97,true,no,,,,,,,,,,refer,AHCL02,AH06,100,100,$1m PI $10m PL,,AUAH25,yes,GP01,,250,100,2000,,AUGP0825
97010051,Aboriginal Allied Health Practitioner,97,true,no,,,,,,,,,,refer,AHCL02,AH06,100,100,$1m PI $10m PL,,AUAH25,yes,GP01,,250,100,2000,,AUGP0825
97010052,Acupuncturist or Chinese Medicine Practitioner,97,true,no,,,,,,,,,,yes,AHCL02,AH01,100,100,$1m PI $10m PL,,AUAH25,yes,GP01,,250,100,2000,,AUGP0825
97010053,Anaesthetist,97,true,no,,,,,,,,,,no,,,,,,,,yes,GP01,,250,100,2000,,AUGP0825
97010054,Chinese herbal dispenser,97,true,no,,,,,,,,,,yes,AHCL02,AH01,100,100,$1m PI $10m PL,,AUAH25,yes,GP01,,250,100,2000,,AUGP0825
97010055,Chinese herbal medicine practitioner,97,true,no,,,,,,,,,,yes,AHCL02,AH01,100,100,$1m PI $10m PL,,AUAH25,yes,GP01,,250,100,2000,,AUGP0825
97010056,Chinese Medicine,97,true,no,,,,,,,,,,yes,AHCL02,AH01,100,100,$1m PI $10m PL,,AUAH25,yes,GP01,,250,100,2000,,AUGP0825
97010057,Chinese medicine practitioner,97,true,no,,,,,,,,,,yes,AHCL02,AH01,100,100,$1m PI $10m PL,,AUAH25,yes,GP01,,250,100,2000,,AUGP0825
97010058,Chiropodist,97,true,no,,,,,,,,,,no,,,,,,,,yes,GP01,,250,100,2000,,AUGP0825
97010059,Chiropractic,97,true,no,,,,,,,,,,no,,,,,,,,yes,GP01,,250,100,2000,,AUGP0825
97010060,Chiropractor,97,true,no,,,,,,,,,,no,,,,,,,,yes,GP01,,250,100,2000,,AUGP0825
97010061,Clerical/Administrative - Allied Health Professional,97,true,no,,,,,,,,,,yes,AHCL02,AH01,100,100,$1m PI $10m PL,,AUAH25,yes,GP01,,250,100,2000,,AUGP0825
97010062,Dental,97,true,no,,,,,,,,,,no,,,,,,,,yes,GP01,,250,100,2000,,AUGP0825
97010063,Dental hygienist,97,true,no,,,,,,,,,,no,,,,,,,,yes,GP01,,250,100,2000,,AUGP0825
97010064,Dental prosthetist,97,true,no,,,,,,,,,,no,,,,,,,,yes,GP01,,250,100,2000,,AUGP0825
97010065,Dental therapist,97,true,no,,,,,,,,,,no,,,,,,,,yes,GP01,,250,100,2000,,AUGP0825
97010066,Dentist,97,true,no,,,,,,,,,,no,,,,,,,,yes,GP01,,250,100,2000,,AUGP0825
97010067,Diagnostic radiographer,97,true,no,,,,,,,,,,no,,AH05,,,,,,yes,GP01,,250,100,2000,,AUGP0825
97010068,Doctor,97,true,no,,,,,,,,,,no,,,,,,,,yes,GP01,,250,100,2000,,AUGP0825
97010069,Enrolled nurse,97,true,no,,,,,,,,,,no,BTQS02,AH04,100,200,$1m PI $10m PL,,,yes,GP01,,250,100,2000,,AUGP0825
97010070,Medical,97,true,no,,,,,,,,,,no,,,,,,,,yes,GP01,,250,100,2000,,AUGP0825
97010071,Medical imaging technologist,97,true,no,,,,,,,,,,no,BTQS02,AH05,100,200,$1m PI $10m PL,,,yes,GP01,,250,100,2000,,AUGP0825
97010072,Medical practitioner,97,true,no,,,,,,,,,,no,,,,,,,,yes,GP01,,250,100,2000,,AUGP0825
97010073,Medical Radiation Practice,97,true,no,,,,,,,,,,no,,,,,,,,yes,GP01,,250,100,2000,,AUGP0825
97010074,Medical radiation practitioner,97,true,no,,,,,,,,,,no,,,,,,,,yes,GP01,,250,100,2000,,AUGP0825
97010075,Midwife,97,true,no,,,,,,,,,,no,,,,,,,,yes,GP01,,250,100,2000,,AUGP0825
97010076,Midwife practitioner,97,true,no,,,,,,,,,,no,,,,,,,,yes,GP01,,250,100,2000,,AUGP0825
97010077,Midwives,97,true,no,,,,,,,,,,no,,,,,,,,yes,GP01,,250,100,2000,,AUGP0825
97010078,Nuclear medicine scientist,97,true,no,,,,,,,,,,no,,,,,,,,yes,GP01,,250,100,2000,,AUGP0825
97010079,Nuclear medicine technologist,97,true,no,,,,,,,,,,no,,,,,,,,yes,GP01,,250,100,2000,,AUGP0825
97010080,Nurse,97,true,no,,,,,,,,,,yes,AHCL02,AH04,100,200,$1m PI $10m PL,,AUAH25,yes,GP01,,250,100,2000,,AUGP0825
97010081,Nurse EN,97,true,no,,,,,,,,,,yes,AHCL02,AH04,100,200,$1m PI $10m PL,,AUAH25,yes,GP01,,250,100,2000,,AUGP0825
97010082,Nurse practitioner,97,true,no,,,,,,,,,,yes,AHCL02,AH04,100,200,$1m PI $10m PL,,AUAH25,yes,GP01,,250,100,2000,,AUGP0825
97010083,Nurse RN,97,true,no,,,,,,,,,,yes,AHCL02,AH04,100,200,$1m PI $10m PL,,AUAH25,yes,GP01,,250,100,2000,,AUGP0825
97010084,Nursing,97,true,no,,,,,,,,,,yes,AHCL02,AH04,100,200,$1m PI $10m PL,,AUAH25,yes,GP01,,250,100,2000,,AUGP0825
97010085,Occupational Therapist,97,true,no,,,,,,,,,,yes,AHCL02,AH01,100,100,$1m PI $10m PL,,AUAH25,yes,GP01,,250,100,2000,,AUGP0825
97010086,Occupational Therapy,97,true,no,,,,,,,,,,yes,AHCL02,AH01,100,100,$1m PI $10m PL,,AUAH25,yes,GP01,,250,100,2000,,AUGP0825
97010087,Optician,97,true,no,,,,,,,,,,yes,AHCL02,AH05,100,200,$1m PI $10m PL,,AUAH25,yes,GP01,,250,100,2000,,AUGP0825
97010088,Optometrist,97,true,no,,,,,,,,,,yes,AHCL02,AH13,100,400,$1m PI $10m PL,,AUAH25,yes,GP01,,250,100,2000,,AUGP0825
97010089,Optometry,97,true,no,,,,,,,,,,yes,AHCL02,AH13,100,400,$1m PI $10m PL,,AUAH25,yes,GP01,,250,100,2000,,AUGP0825
97010090,Oral health therapist,97,true,no,,,,,,,,,,refer,AHCL02,AH06,100,100,$1m PI $10m PL,,AUAH25,yes,GP01,,250,100,2000,,AUGP0825
97010091,Oriental medicine practitioner,97,true,no,,,,,,,,,,yes,AHCL02,AH01,100,100,$1m PI $10m PL,,AUAH25,yes,GP01,,250,100,2000,,AUGP0825
97010092,Osteopath,97,true,no,,,,,,,,,,yes,AHCL02,AH07,100,250,$1m PI $10m PL,,AUAH25,yes,GP01,,250,100,2000,,AUGP0825
97010093,Osteopathy,97,true,no,,,,,,,,,,yes,AHCL02,AH07,100,250,$1m PI $10m PL,,AUAH25,yes,GP01,,250,100,2000,,AUGP0825
97010094,Paramedic,97,true,no,,,,,,,,,,no,,,,,,,,yes,GP01,,250,100,2000,,AUGP0825
97010095,Paramedicine,97,true,no,,,,,,,,,,no,,,,,,,,yes,GP01,,250,100,2000,,AUGP0825
97010096,Pathologist,97,true,no,,,,,,,,,,yes,AHCL02,AH09,100,300,$1m PI $10m PL,,AUAH25,yes,GP01,,250,100,2000,,AUGP0825
97010097,Pharmaceutical chemist,97,true,no,,,,,,,,,,yes,AHCL02,AH15,100,450,$1m PI $10m PL,,AUAH25,yes,GP01,,250,100,2000,,AUGP0825
97010098,Pharmacist,97,true,no,,,,,,,,,,yes,AHCL02,AH15,100,450,$1m PI $10m PL,,AUAH25,yes,GP01,,250,100,2000,,AUGP0825
97010099,Pharmacy,97,true,no,,,,,,,,,,yes,AHCL02,AH15,100,450,$1m PI $10m PL,,AUAH25,yes,GP01,,250,100,2000,,AUGP0825
97010100,Physical therapist,97,true,no,,,,,,,,,,yes,AHCL02,AH07,100,250,$1m PI $10m PL,,AUAH25,yes,GP01,,250,100,2000,,AUGP0825
97010101,Physiotherapist,97,true,no,,,,,,,,,,yes,AHCL02,AH07,100,250,$1m PI $10m PL,,AUAH25,yes,GP01,,250,100,2000,,AUGP0825
97010102,Physiotherapy,97,true,no,,,,,,,,,,yes,AHCL02,AH07,100,250,$1m PI $10m PL,,AUAH25,yes,GP01,,250,100,2000,,AUGP0825
97010103,Podiatric Surgeon,97,true,no,,,,,,,,,,no,,,,,,,,yes,GP01,,250,100,2000,,AUGP0825
97010104,Podiatrist (not performing surgery),97,true,no,,,,,,,,,,yes,AHCL02,AH02,100,125,$1m PI $10m PL,AUAH0009,AUAH25,yes,GP01,,250,100,2000,,AUGP0825
97010105,Podiatry (not performing surgery),97,true,no,,,,,,,,,,yes,AHCL02,AH02,100,125,$1m PI $10m PL,AUAH0009,AUAH25,yes,GP01,,250,100,2000,,AUGP0825
97010106,Psychologist,97,true,no,,,,,,,,,,yes,AHCL02,AH01,100,100,$1m PI $10m PL,,AUAH25,yes,GP01,,250,100,2000,,AUGP0825
97010107,Psychology,97,true,no,,,,,,,,,,yes,AHCL02,AH01,100,100,$1m PI $10m PL,,AUAH25,yes,GP01,,250,100,2000,,AUGP0825
97010108,Radiation therapist,97,true,no,,,,,,,,,,refer,AHCL02,AH06,100,100,$1m PI $10m PL,,AUAH25,yes,GP01,,250,100,2000,,AUGP0825
97010109,Radiographer,97,true,no,,,,,,,,,,yes,AHCL02,AH05,100,200,$1m PI $10m PL,,AUAH25,yes,GP01,,250,100,2000,,AUGP0825
97010110,Radiologist,97,true,no,,,,,,,,,,refer,AHCL02,AH06,100,200,$1m PI $10m PL,,AUAH25,yes,GP01,,250,100,2000,,AUGP0825
97010111,Registered nurse,97,true,no,,,,,,,,,,yes,AHCL02,AH04,100,200,$1m PI $10m PL,,AUAH25,yes,GP01,,250,100,2000,,AUGP0825
97010112,Sonographer,97,true,no,,,,,,,,,,yes,AHCL02,AH05,100,200,$1m PI $10m PL,,AUAH25,yes,GP01,,250,100,2000,,AUGP0825
97010113,Student - AHPRA Regulated Allied Health Professional,97,true,no,,,,,,,,,,yes,AHCL02,AH01,100,100,$1m PI $10m PL,,AUAH25,yes,GP01,,250,100,2000,,AUGP0825
97010114,Surgeon,97,true,no,,,,,,,,,,no,,,,,,,,yes,GP01,,250,100,2000,,AUGP0825
97010115,Torres Strait Islander allied health practitioner,97,true,no,,,,,,,,,,refer,AHCL02,AH06,100,100,$1m PI $10m PL,,AUAH25,yes,GP01,,250,100,2000,,AUGP0825
97010116,X-ray Technician,97,true,no,,,,,,,,,,yes,AHCL02,AH05,100,200,$1m PI $10m PL,,AUAH25,yes,GP01,,250,100,2000,,AUGP0825
97010117,Acupuncture - Non Chinese Medicine Practitioner,97,true,no,,,,,,,,,,yes,AHCL03,AH01,100,100,$1m PI $10m PL,,AUAH25,yes,GP01,,250,100,2000,,AUGP0825
97010118,Animal Assisted Therapy,97,true,no,,,,,,,,,,yes,AHCL03,AH01,100,100,$1m PI $10m PL,,AUAH25,yes,GP01,,250,100,2000,,AUGP0825
97010119,Antenatal Classes,97,true,no,,,,,,,,,,refer,AHCL03,AH06,100,100,$1m PI $10m PL,,AUAH25,yes,GP01,,250,100,2000,,AUGP0825
97010120,Applied Behaviour Analyst,97,true,no,,,,,,,,,,yes,AHCL03,AH01,100,100,$1m PI $10m PL,,AUAH25,yes,GP01,,250,100,2000,,AUGP0825
97010121,Arts Therapy,97,true,no,,,,,,,,,,yes,AHCL03,AH01,100,100,$1m PI $10m PL,,AUAH25,yes,GP01,,250,100,2000,,AUGP0825
97010122,Audiologist,97,true,no,,,,,,,,,,yes,AHCL03,AH02,100,125,$1m PI $10m PL,,AUAH25,yes,GP01,,250,100,2000,,AUGP0825
97010123,Clinical Perfusionist (including - Autotransfusion),97,true,no,,,,,,,,,,no,,,,,,,,yes,GP01,,250,100,2000,,AUGP0825
97010124,Colon hydrotherapy or colonic irrigation,97,true,no,,,,,,,,,,yes,AHCL03,AH01,100,100,$1m PI $10m PL,,AUAH25,yes,GP01,,250,100,2000,,AUGP0825
97010125,Counselling,97,true,no,,,,,,,,,,yes,AHCL03,AH01,100,100,$1m PI $10m PL,,AUAH25,yes,GP01,,250,100,2000,,AUGP0825
97010126,Cryotherapy,97,true,no,,,,,,,,,,refer,AHCL03,AH06,100,100,$1m PI $10m PL,,AUAH25,yes,GP01,,250,100,2000,,AUGP0825
97010127,Diagnostic Sleep Study and CPAP Treatment services,97,true,no,,,,,,,,,,yes,AHCL03,AH01,100,100,$1m PI $10m PL,,AUAH25,yes,GP01,,250,100,2000,,AUGP0825
97010128,Dietician,97,true,no,,,,,,,,,,yes,AHCL03,AH01,100,100,$1m PI $10m PL,,AUAH25,yes,GP01,,250,100,2000,,AUGP0825
97010129,Dieticians,97,true,no,,,,,,,,,,yes,AHCL03,AH01,100,100,$1m PI $10m PL,,AUAH25,yes,GP01,,250,100,2000,,AUGP0825
97010130,Disability Support Worker,97,true,no,,,,,,,,,,yes,AHCL03,AH05,100,200,$1m PI $10m PL,AUAH0033,AUAH25,yes,GP01,,250,100,2000,,AUGP0825
97010131,Doula,97,true,no,,,,,,,,,,yes,AHCL03,AH05,100,200,$1m PI $10m PL,AUAH0010;AUAH0019,AUAH25,yes,GP01,,250,100,2000,,AUGP0825
97010132,Dry Needling,97,true,no,,,,,,,,,,yes,AHCL03,AH01,100,100,$1m PI $10m PL,,AUAH25,yes,GP01,,250,100,2000,,AUGP0825
97010133,Feng Shue,97,true,no,,,,,,,,,,yes,AHCL03,AH01,100,100,$1m PI $10m PL,,AUAH25,yes,GP01,,250,100,2000,,AUGP0825
97010134,First Aider,97,true,no,,,,,,,,,,yes,AHCL03,AH01,100,100,$1m PI $10m PL,,AUAH25,yes,GP01,,250,100,2000,,AUGP0825
97010135,Fitness Trainer,97,true,no,,,,,,,,,,yes,AHCL03,AH02,100,125,$1m PI $10m PL,,AUAH25,yes,GP01,,250,100,2000,,AUGP0825
97010136,Health screening (including drug and alcohol screening/testing),97,true,no,,,,,,,,,,yes,AHCL03,AH05,100,200,$1m PI $10m PL,,AUAH25,yes,GP01,,250,100,2000,,AUGP0825
97010137,Home / Respite Care,97,true,no,,,,,,,,,,yes,AHCL03,AH05,100,200,$1m PI $10m PL,AUAH0018,AUAH25,yes,GP01,,250,100,2000,,AUGP0825
97010138,Hypnotherapy (including NLP and Sleeptalk for Children),97,true,no,,,,,,,,,,yes,AHCL03,AH01,100,100,$1m PI $10m PL,AUAH0008,AUAH25,yes,GP01,,250,100,2000,,AUGP0825
97010139,Infant Sleep consultant,97,true,no,,,,,,,,,,yes,AHCL03,AH13,100,100,$1m PI $10m PL,,AUAH25,yes,GP01,,250,100,2000,,AUGP0825
97010140,Inoculation/Vaccination (including Flu and Travel),97,true,no,,,,,,,,,,refer,AHCL03,AH06,100,100,$1m PI $10m PL,,AUAH25,yes,GP01,,250,100,2000,,AUGP0825
97010141,Isolation/Floatation Tanks Operation,97,true,no,,,,,,,,,,yes,AHCL03,AH01,100,100,$1m PI $10m PL,,AUAH25,yes,GP01,,250,100,2000,,AUGP0825
97010142,Kinesiologist,97,true,no,,,,,,,,,,yes,AHCL03,AH01,100,100,$1m PI $10m PL,,AUAH25,yes,GP01,,250,100,2000,,AUGP0825
97010143,Kinesiology / Applied Kinesiology,97,true,no,,,,,,,,,,yes,AHCL03,AH01,100,100,$1m PI $10m PL,,AUAH25,yes,GP01,,250,100,2000,,AUGP0825
97010144,Life coaching,97,true,no,,,,,,,,,,yes,AHCL03,AH01,100,100,$1m PI $10m PL,AUAH0018,AUAH25,yes,GP01,,250,100,2000,,AUGP0825
97010145,Massage (not adult),97,true,no,,,,,,,,,,yes,AHCL03,AH01,100,100,$1m PI $10m PL,AUAH0020,AUAH25,yes,GP01,,250,100,2000,,AUGP0825
97010146,Massage Therapist,97,true,no,,,,,,,,,,yes,AHCL03,AH01,100,100,$1m PI $10m PL,AUAH0020,AUAH25,yes,GP01,,250,100,2000,,AUGP0825
97010147,Medical Lab Technician,97,true,no,,,,,,,,,,yes,AHCL03,AH02,100,125,$1m PI $10m PL,,AUAH25,yes,GP01,,250,100,2000,,AUGP0825
97010148,Meditation,97,true,no,,,,,,,,,,yes,AHCL03,AH01,100,100,$1m PI $10m PL,,AUAH25,yes,GP01,,250,100,2000,,AUGP0825
97010149,Mesotherapy & Bio puncture,97,true,no,,,,,,,,,,refer,AHCL03,AH06,100,100,$1m PI $10m PL,AUAH0006,AUAH25,yes,GP01,,250,100,2000,,AUGP0825
97010150,Naturopath,97,true,no,,,,,,,,,,yes,AHCL03,AH01,100,100,$1m PI $10m PL,,AUAH25,yes,GP01,,250,100,2000,,AUGP0825
97010151,Naturopathy,97,true,no,,,,,,,,,,yes,AHCL03,AH01,100,100,$1m PI $10m PL,,AUAH25,yes,GP01,,250,100,2000,,AUGP0825
97010152,Non-emergency patient transfer,97,true,no,,,,,,,,,,no,,MM01-99,,,,,,yes,GP01,,250,100,2000,,AUGP0825
97010153,Nutritionist,97,true,no,,,,,,,,,,yes,AHCL03,AH01,100,100,$1m PI $10m PL,,AUAH25,yes,GP01,,250,100,2000,,AUGP0825
97010154,Orthoptic,97,true,no,,,,,,,,,,yes,AHCL03,AH02,100,125,$1m PI $10m PL,,AUAH25,yes,GP01,,250,100,2000,,AUGP0825
97010155,Orthotics,97,true,no,,,,,,,,,,yes,AHCL03,AH02,100,125,$1m PI $10m PL,,AUAH25,yes,GP01,,250,100,2000,,AUGP0825
97010156,Personal training,97,true,no,,,,,,,,,,yes,AHCL03,AH02,100,125,$1m PI $10m PL,,AUAH25,yes,GP01,,250,100,2000,,AUGP0825
97010157,Pilates,97,true,no,,,,,,,,,,yes,AHCL03,AH01,100,100,$1m PI $10m PL,,AUAH25,yes,GP01,,250,100,2000,,AUGP0825
97010158,Prosthetics,97,true,no,,,,,,,,,,yes,AHCL03,AH05,100,200,$1m PI $10m PL,,AUAH25,yes,GP01,,250,100,2000,,AUGP0825
97010159,Reflexology,97,true,no,,,,,,,,,,yes,AHCL03,AH01,100,100,$1m PI $10m PL,,AUAH25,yes,GP01,,250,100,2000,,AUGP0825
97010160,Reiki,97,true,no,,,,,,,,,,yes,AHCL03,AH01,100,100,$1m PI $10m PL,,AUAH25,yes,GP01,,250,100,2000,,AUGP0825
97010161,Religious Advisor,97,true,no,,,,,,,,,,yes,AHCL03,AH01,100,100,$1m PI $10m PL,,AUAH25,yes,GP01,,250,100,2000,,AUGP0825
97010162,Religious Practitioner,97,true,no,,,,,,,,,,yes,AHCL03,AH01,100,100,$1m PI $10m PL,,AUAH25,yes,GP01,,250,100,2000,,AUGP0825
97010163,Remedial Therapist,97,true,no,,,,,,,,,,yes,AHCL03,AH01,100,100,$1m PI $10m PL,,AUAH25,yes,GP01,,250,100,2000,,AUGP0825
97010164,Sleep therapy / Somnology,97,true,no,,,,,,,,,,yes,AHCL03,AH01,100,100,$1m PI $10m PL,,AUAH25,yes,GP01,,250,100,2000,,AUGP0825
97010165,Social Worker,97,true,no,,,,,,,,,,yes,AHCL03,AH05,100,100,$1m PI $10m PL,,AUAH25,yes,GP01,,250,100,2000,,AUGP0825
97010166,Speech therapy,97,true,no,,,,,,,,,,yes,AHCL03,AH01,100,100,$1m PI $10m PL,,AUAH25,yes,GP01,,250,100,2000,,AUGP0825
97010167,Spiritual and Wellness Advisor,97,true,no,,,,,,,,,,yes,AHCL03,AH01,100,100,$1m PI $10m PL,,AUAH25,yes,GP01,,250,100,2000,,AUGP0825
97010168,Spiritual Healing Therapist,97,true,no,,,,,,,,,,yes,AHCL03,AH01,100,100,$1m PI $10m PL,,AUAH25,yes,GP01,,250,100,2000,,AUGP0825
97010169,Sports trainers,97,true,no,,,,,,,,,,yes,AHCL03,AH02,100,125,$1m PI $10m PL,,AUAH25,yes,GP01,,250,100,2000,,AUGP0825
97010170,Wet Cupping,97,true,no,,,,,,,,,,refer,AHCL03,AH06,100,100,$1m PI $10m PL,,AUAH25,yes,GP01,,250,100,2000,,AUGP0825
97010171,Yoga,97,true,no,,,,,,,,,,yes,AHCL03,AH01,100,100,$1m PI $10m PL,,AUAH25,yes,GP01,,250,100,2000,,AUGP0825
97010172,Aged Care Facility - Medical Establishment,97,true,no,,,,,,,,,,no,,,,,,,,yes,GP01,,250,100,2000,,AUGP0825
97010173,Allied Health Practice - Medical Establishment,97,true,no,,,,,,,,,,refer,AHCL04,AH06,100,1000,$1m PI $10m PL,AUAH0025,AUAH25,yes,GP01,,250,100,2000,,AUGP0825
97010174,Day Surgery - Medical Establishment,97,true,no,,,,,,,,,,no,,,,,,,,yes,GP01,,250,100,2000,,AUGP0825
97010175,Drug/Alcohol Dependency - Medical Establishment,97,true,no,,,,,,,,,,refer,AHCL04,AH06,100,1000,$1m PI $10m PL,AUAH0025,AUAH25,yes,GP01,,250,100,2000,,AUGP0825
97010176,Elective Cosmetic Surgery - Medical Establishment,97,true,no,,,,,,,,,,no,,,,,,,,yes,GP01,,250,100,2000,,AUGP0825
97010177,Emergency Medicine - Medical Establishment,97,true,no,,,,,,,,,,no,,,,,,,,yes,GP01,,250,100,2000,,AUGP0825
97010178,General Medicine - Medical Establishment,97,true,no,,,,,,,,,,refer,AHCL04,AH06,100,1000,$1m PI $10m PL,AUAH0025,AUAH25,yes,GP01,,250,100,2000,,AUGP0825
97010179,Medical Centre - Medical Establishment,97,true,no,,,,,,,,,,refer,AHCL04,AH06,100,1000,$1m PI $10m PL,AUAH0025,AUAH25,yes,GP01,,250,100,2000,,AUGP0825
97010180,Mental Health - Medical Establishment,97,true,no,,,,,,,,,,refer,AHCL04,AH06,100,1000,$1m PI $10m PL,AUAH0025,AUAH25,yes,GP01,,250,100,2000,,AUGP0825
97010181,Obstetrics/Maternity - Medical Establishment,97,true,no,,,,,,,,,,no,,,,,,,,yes,GP01,,250,100,2000,,AUGP0825
97010182,Paediatric - Medical Establishment,97,true,no,,,,,,,,,,no,,,,,,,,yes,GP01,,250,100,2000,,AUGP0825
97010183,Private Hospital - Medical Establishment,97,true,no,,,,,,,,,,no,,,,,,,,yes,GP01,,250,100,2000,,AUGP0825
97010184,General Practice,97,true,no,,,,,,,,,,refer,AHCL04,AH06,100,1000,$1m PI $10m PL,AUAH0025,AUAH25,yes,GP01,,250,100,2000,,AUGP0825
97010185,Rehabilitation Counsellor,97,true,no,,,,,,,,,,yes,AHCL02,AH01,100,100,$1m PI $10m PL,,AUAH25,yes,GP01,,250,100,2000,,AUGP0825
97010186,Bowen Therapy,97,true,no,,,,,,,,,,yes,AHCL03,AH01,100,100,$1m PI $10m PL,,AUAH25,yes,GP01,,250,100,2000,,AUGP0825
69990075,Translation Service,69,true,no,,,,,,,,,,no,,,,,,,,yes,GP01,,250,100,2000,,AUGP0825
72920060,Typing Service,72,true,no,,,,,,,,,,no,,,,,,,,yes,GP01,,250,100,2000,,AUGP0825
72110075,Vocational And Career Counselling Service,72,true,no,,,,,,,,,,no,,,,,,,,yes,GP01,,250,100,2000,,AUGP0825
72920065,Word Processing Service,72,true,no,,,,,,,,,,no,,,,,,,,yes,GP01,,250,100,2000,,AUGP0825
98000005,Business Coaching and Mentoring,98,true,no,,,,,,,,,,no,,,,,,,,yes,GP01,,250,100,2000,,AUGP0825
98000006,Business and Organisational Planning,98,true,no,,,,,,,,,,no,,,,,,,,yes,GP01,,250,100,2000,,AUGP0825
98000007,Business Procurement Consultant,98,true,no,,,,,,,,,,no,,,,,,,,yes,GP01,,250,100,2000,,AUGP0825
98000008,Career Consultant,98,true,no,,,,,,,,,,no,,,,,,,,yes,GP01,,250,100,2000,,AUGP0825
98000009,"Corporate Advisor (excl. M&A, Valuations, Due Dilligence, Capital/Debt Raising or restructuring)",98,true,no,,,,,,,,,,no,,,,,,,,yes,GP01,,250,100,2000,,AUGP0825
98000010,"Corporate Advisor (M&A, Valuations, Due Dilligence, Capital/Debt Raising or restructuring)",98,true,no,,,,,,,,,,no,,,,,,,,yes,GP01,,250,100,2000,,AUGP0825
98000011,Ergonomic Consultant,98,true,no,,,,,,,,,,no,,,,,,,,yes,GP01,,250,100,2000,,AUGP0825
98000012,Human Resources Consultant,98,true,no,,,,,,,,,,no,,,,,,,,yes,GP01,,250,100,2000,,AUGP0825
98000013,Marketing Consultant,98,true,no,,,,,,,,,,no,,,,,,,,yes,GP01,,250,100,2000,,AUGP0825
98000014,Media Relations Consultant,98,true,no,,,,,,,,,,no,,,,,,,,yes,GP01,,250,100,2000,,AUGP0825
98000015,Business Change Management Advice,98,true,no,,,,,,,,,,no,,,,,,,,yes,GP01,,250,100,2000,,AUGP0825
98000016,Business Quality Assurance Consultant,98,true,no,,,,,,,,,,no,,,,,,,,yes,GP01,,250,100,2000,,AUGP0825
98000017,Risk Management Consultant,98,true,no,,,,,,,,,,no,,,,,,,,yes,GP01,,250,100,2000,,AUGP0825
98000018,Occupational Health And Safety - OHAS - Consulting Service (non training),98,true,no,,,,,,,,,,no,,,,,,,,yes,GP01,,250,100,2000,,AUGP0825
98000019,Health & Safety Training (white collar industries),98,true,no,,,,,,,,,,no,,,,,,,,yes,GP01,,250,100,2000,,AUGP0825
98000020,Health & Safety Training (blue collar industries),98,true,no,,,,,,,,,,no,,,,,,,,yes,GP01,,250,100,2000,,AUGP0825
72200095,Travel Agency Service,72,true,no,,,,,,,,,,no,,,,,,,,yes,GP01,,250,100,2000,,AUGP0825
72200100,Travel Ticket Agency Operation,72,true,no,,,,,,,,,,no,,,,,,,,yes,GP01,,250,100,2000,,AUGP0825
98000023,Advertising Services,98,true,no,,,,,,,,,,no,,,,,,,,yes,GP01,,250,100,2000,,AUGP0825
98000024,Communications Consulting,98,true,no,,,,,,,,,,no,,,,,,,,yes,GP01,,250,100,2000,,AUGP0825
98000025,Journalist,98,true,no,,,,,,,,,,no,,,,,,,,yes,GP01,,250,100,2000,,AUGP0825
98000026,Literary Agents,98,true,no,,,,,,,,,,no,,,,,,,,yes,GP01,,250,100,2000,,AUGP0825
98000027,Multimedia Consultants,98,true,no,,,,,,,,,,no,,,,,,,,yes,GP01,,250,100,2000,,AUGP0825
98000028,Photographers,98,true,no,,,,,,,,,,no,,,,,,,,yes,GP01,,250,100,2000,,AUGP0825
98000029,Radio – non regional (i.e. national),98,true,no,,,,,,,,,,no,,,,,,,,yes,GP01,,250,100,2000,,AUGP0825
98000030,Regional radio / television,98,true,no,,,,,,,,,,no,,,,,,,,yes,GP01,,250,100,2000,,AUGP0825
98000031,Technical / Policy Writer,98,true,no,,,,,,,,,,no,,,,,,,,yes,GP01,,250,100,2000,,AUGP0825
98000032,Television,98,true,no,,,,,,,,,,no,,,,,,,,yes,GP01,,250,100,2000,,AUGP0825
98000033,Trade or Association Magazines (newsletters),98,true,no,,,,,,,,,,no,,,,,,,,yes,GP01,,250,100,2000,,AUGP0825
98000034,Public speaker,98,true,no,,,,,,,,,,no,,,,,,,,yes,GP01,,250,100,2000,,AUGP0825
98000035,Master of Ceremonies (MC),98,true,no,,,,,,,,,,no,,,,,,,,yes,GP01,,250,100,2000,,AUGP0825
98000036,Security Consultants (design and advice only),98,true,no,,,,,,,,,,no,,,,,,,,yes,GP01,,250,100,2000,,AUGP0825
98000037,Security techology design and consultant,98,true,no,,,,,,,,,,no,,,,,,,,yes,GP01,,250,100,2000,,AUGP0825
98000038,Accountant - Company Directorships/ Secretarial Positions,98,true,no,,,,,,,,,,no,,,,,,,,yes,GP01,,250,100,2000,,AUGP0825
98000039,"Accountant - Superannuation Fund  Administration, Management and Trusteeship",98,true,no,,,,,,,,,,no,,,,,,,,yes,GP01,,250,100,2000,,AUGP0825
98000040,Accountant - Business Valuation,98,true,no,,,,,,,,,,no,,,,,,,,yes,GP01,,250,100,2000,,AUGP0825
98000041,Accountant - Accounting Software Training (i.e. MYOB),98,true,no,,,,,,,,,,no,,,,,,,,yes,GP01,,250,100,2000,,AUGP0825
98000042,Accountant - Management Consulting (excluding M&A),98,true,no,,,,,,,,,,no,,,,,,,,yes,GP01,,250,100,2000,,AUGP0825
98000043,Accountant - Management Consulting (Mergers and Acquisition),98,true,no,,,,,,,,,,no,,,,,,,,yes,GP01,,250,100,2000,,AUGP0825
98000050,Real Estate Agents - Off the plan sales,98,true,no,,,,,,,,,,no,,,,,,,,yes,GP01,,250,100,2000,,AUGP0825
98000045,Facilities Management,98,true,no,,,,,,,,,,no,,,,,,,,yes,GP01,,250,100,2000,,AUGP0825
98000051,Real Estate Agents - Valuations (excluding appraisals),98,true,no,,,,,,,,,,no,,,,,,,,yes,GP01,,250,100,2000,,AUGP0825
67200055,Real Estate Auctioning Service,67,true,no,,,,,,,,,,no,,,,,,,,yes,GP01,,250,100,2000,,AUGP0825
67200060,Real Estate Body Corporate Management Service,67,true,no,,,,,,,,,,no,,,,,,,,yes,GP01,,250,100,2000,,AUGP0825
67200081,Real Estate Title Transfer Service - Other Than By Units of Qualified Legal Practitioners,67,true,no,,,,,,,,,,no,,,,,,,,yes,GP01,,250,100,2000,,AUGP0825
67200165,Selling Of Time In Holiday Resort On Behalf Of Owners - Time Share,67,true,no,,,,,,,,,,no,,,,,,,,yes,GP01,,250,100,2000,,AUGP0825
38000110,Stock And Station Agent,38,true,no,,,,,,,,,,no,,,,,,,,yes,GP01,,250,100,2000,,AUGP0825
69210030,Landscape Architectural Service,69,true,no,,,,,,,,,,no,,,,,,,,yes,GP01,,250,100,2000,,AUGP0825
98000060,Pool Safety Inspections,98,true,no,,,,,,,,,,no,,,,,,,,yes,GP01,,250,100,2000,,AUGP0825
69230160,Product Design Service For Furniture,69,true,no,,,,,,,,,,no,,,,,,,,yes,GP01,,250,100,2000,,AUGP0825
90020230,Set Designing Service,90,true,no,,,,,,,,,,no,,,,,,,,yes,GP01,,250,100,2000,,AUGP0825
69240060,Signwriting,69,true,no,,,,,,,,,,no,,,,,,,,yes,GP01,,250,100,2000,,AUGP0825
69240065,Textile Design Service,69,true,no,,,,,,,,,,no,,,,,,,,yes,GP01,,250,100,2000,,AUGP0825
90020270,Theatre Lighting Design Service,90,true,no,,,,,,,,,,no,,,,,,,,yes,GP01,,250,100,2000,,AUGP0825
69210040,Town Planning Service,69,true,no,,,,,,,,,,no,,,,,,,,yes,GP01,,250,100,2000,,AUGP0825
98000061,Urban Design,98,true,no,,,,,,,,,,no,,,,,,,,yes,GP01,,250,100,2000,,AUGP0825
69240075,Window Dressing Service - Advertising,69,true,no,,,,,,,,,,no,,,,,,,,yes,GP01,,250,100,2000,,AUGP0825
98000062,Engineer - Acoustic Consulting Service,98,true,no,,,,,,,,,,no,,,,,,,,yes,GP01,,250,100,2000,,AUGP0825
98000063,Engineer - Aeronautical Consulting Service,98,true,no,,,,,,,,,,no,,,,,,,,yes,GP01,,250,100,2000,,AUGP0825
98000064,Engineer - Aerospace Consulting Service,98,true,no,,,,,,,,,,no,,,,,,,,yes,GP01,,250,100,2000,,AUGP0825
98000065,Engineer - Airconditioning Consulting Service,98,true,no,,,,,,,,,,no,,,,,,,,yes,GP01,,250,100,2000,,AUGP0825
98000066,Engineer - Automotive Consulting Service,98,true,no,,,,,,,,,,no,,,,,,,,yes,GP01,,250,100,2000,,AUGP0825
98000067,Engineer - Expert Witness,98,true,no,,,,,,,,,,no,,,,,,,,yes,GP01,,250,100,2000,,AUGP0825
98000068,Engineer - Façade Consulting Service,98,true,no,,,,,,,,,,no,,,,,,,,yes,GP01,,250,100,2000,,AUGP0825
98000069,Engineer - Feasibility Studies,98,true,no,,,,,,,,,,no,,,,,,,,yes,GP01,,250,100,2000,,AUGP0825
98000070,Engineer - Fire Consulting Service,98,true,no,,,,,,,,,,no,,,,,,,,yes,GP01,,250,100,2000,,AUGP0825
98000071,Fire Protection Consulting Service,98,true,no,,,,,,,,,,no,,,,,,,,yes,GP01,,250,100,2000,,AUGP0825
98000072,Engineer -  Geotechnical/ Soil Consulting Service,98,true,no,,,,,,,,,,no,,,,,,,,yes,GP01,,250,100,2000,,AUGP0825
98000073,Engineer - Heating and Ventilation Consulting Service,98,true,no,,,,,,,,,,no,,,,,,,,yes,GP01,,250,100,2000,,AUGP0825
98000074,Hydrologist,98,true,no,,,,,,,,,,no,,,,,,,,yes,GP01,,250,100,2000,,AUGP0825
98000075,Industrial Chemist,98,true,no,,,,,,,,,,no,,,,,,,,yes,GP01,,250,100,2000,,AUGP0825
98000076,Engineer - Industrial Consulting Service,98,true,no,,,,,,,,,,no,,,,,,,,yes,GP01,,250,100,2000,,AUGP0825
98000077,Engineer - Irrigation Consulting Service,98,true,no,,,,,,,,,,no,,,,,,,,yes,GP01,,250,100,2000,,AUGP0825
98000078,Engineer - Marine Consulting Service,98,true,no,,,,,,,,,,no,,,,,,,,yes,GP01,,250,100,2000,,AUGP0825
98000079,Surveying - Marine,98,true,no,,,,,,,,,,no,,,,,,,,yes,GP01,,250,100,2000,,AUGP0825
98000080,"Engineer - Mechanical (excluding Bulk Handling Equipment, Automation or Process Control)",98,true,no,,,,,,,,,,no,,,,,,,,yes,GP01,,250,100,2000,,AUGP0825
98000081,"Engineer - Mechanical Consulting Service - Bulk Handling Equipment, Automation or Process Control",98,true,no,,,,,,,,,,no,,,,,,,,yes,GP01,,250,100,2000,,AUGP0825
98000082,Engineer - Mining Consulting Service,98,true,no,,,,,,,,,,no,,,,,,,,yes,GP01,,250,100,2000,,AUGP0825
98000083,Engineer - Naval Architecture,98,true,no,,,,,,,,,,no,,,,,,,,yes,GP01,,250,100,2000,,AUGP0825
98000084,Engineer - Nuclear Consulting Service,98,true,no,,,,,,,,,,no,,,,,,,,no,,,,,,,
98000085,Engineer - Oil & Gas Consulting Service,98,true,no,,,,,,,,,,no,,,,,,,,yes,GP01,,250,100,2000,,AUGP0825
98000086,Engineer - Plumbing Consulting Service,98,true,no,,,,,,,,,,no,,,,,,,,yes,GP01,,250,100,2000,,AUGP0825
98000087,Engineer -Project Management (excl. Construction management),98,true,no,,,,,,,,,,no,,,,,,,,yes,GP01,,250,100,2000,,AUGP0825
98000088,Engineer - Robotics Consulting Service,98,true,no,,,,,,,,,,no,,,,,,,,yes,GP01,,250,100,2000,,AUGP0825
98000089,Safety Engineering Consulting Service,98,true,no,,,,,,,,,,no,,,,,,,,yes,GP01,,250,100,2000,,AUGP0825
98000090,Engineer - Structural Consulting Service,98,true,no,,,,,,,,,,no,,,,,,,,yes,GP01,,250,100,2000,,AUGP0825
98000091,Surveying - Traffic,98,true,no,,,,,,,,,,no,,,,,,,,yes,GP01,,250,100,2000,,AUGP0825
98000092,Engineer - Telecomunications Consulting Service,98,true,no,,,,,,,,,,no,,,,,,,,yes,GP01,,250,100,2000,,AUGP0825
98000093,Underground Utility Contractors,98,true,no,,,,,,,,,,no,,,,,,,,yes,GP01,,250,100,2000,,AUGP0825
98000094,Engineer - Wastewater Consulting Service,98,true,no,,,,,,,,,,no,,,,,,,,yes,GP01,,250,100,2000,,AUGP0825
98000095,Engineer - Water Consulting Service,98,true,no,,,,,,,,,,no,,,,,,,,yes,GP01,,250,100,2000,,AUGP0825
69620135,Environmental Consulting Service (Except Laboratory Service),69,true,no,,,,,,,,,,no,,,,,,,,yes,GP01,,250,100,2000,,AUGP0825
98000108,Environmental Laboratory Testing & Analysis,98,true,no,,,,,,,,,,no,,,,,,,,yes,GP01,,250,100,2000,,AUGP0825
69620155,Farm Advisory Service,69,true,no,,,,,,,,,,no,,,,,,,,yes,GP01,,250,100,2000,,AUGP0825
69620175,Forestry Management Consulting Service,69,true,no,,,,,,,,,,no,,,,,,,,yes,GP01,,250,100,2000,,AUGP0825
69100115,Industrial Research,69,true,no,,,,,,,,,,no,,,,,,,,yes,GP01,,250,100,2000,,AUGP0825
98000101,Horticultural Consulting Service,98,true,no,,,,,,,,,,no,,,,,,,,yes,GP01,,250,100,2000,,AUGP0825
98000109,"Irrigation, Water and Effluent Consulting Service",98,true,no,,,,,,,,,,no,,,,,,,,yes,GP01,,250,100,2000,,AUGP0825
69250110,Pollution Monitoring Service,69,true,no,,,,,,,,,,no,,,,,,,,yes,GP01,,250,100,2000,,AUGP0825
69100165,Research Farm Operation,69,true,no,,,,,,,,,,refer,AHCL05,AH06,100,1000,$1m PI $10m PL,AUAH0025,AUAH25,yes,GP01,,250,100,2000,,AUGP0825
98000104,Soils management and Nutrition Consulting Service,98,true,no,,,,,,,,,,no,,,,,,,,yes,GP01,,250,100,2000,,AUGP0825
98000110,Sustainability Consulting Service,98,true,no,,,,,,,,,,no,,,,,,,,yes,GP01,,250,100,2000,,AUGP0825
98000102,Viticulture Consulting Service,98,true,no,,,,,,,,,,no,,,,,,,,yes,GP01,,250,100,2000,,AUGP0825
98000106,Water Brokers,98,true,no,,,,,,,,,,no,,,,,,,,yes,GP01,,250,100,2000,,AUGP0825
98000111,Water Conservation Consulting Service,98,true,no,,,,,,,,,,no,,,,,,,,yes,GP01,,250,100,2000,,AUGP0825
98000105,Winemaker / Brewer / Distriller / Bottling / Oenologist Consulting Service,98,true,no,,,,,,,,,,no,,,,,,,,yes,GP01,,250,100,2000,,AUGP0825
38000140,Wool Broking,38,true,no,,,,,,,,,,no,,,,,,,,yes,GP01,,250,100,2000,,AUGP0825
69250046,Laboratory Testing Service,69,true,no,,,,,,,,,,no,,,,,,,,yes,GP01,,250,100,2000,,AUGP0825
98000123,Marine Biologist,98,true,no,,,,,,,,,,no,,,,,,,,yes,GP01,,250,100,2000,,AUGP0825
69250060,Materials Strength Testing Service,69,true,no,,,,,,,,,,no,,,,,,,,yes,GP01,,250,100,2000,,AUGP0825
69250065,Metallurgical Service,69,true,no,,,,,,,,,,no,,,,,,,,yes,GP01,,250,100,2000,,AUGP0825
69990050,Meteorological Service,69,true,no,,,,,,,,,,no,,,,,,,,yes,GP01,,250,100,2000,,AUGP0825
98000124,Microbiologists,98,true,no,,,,,,,,,,no,,,,,,,,yes,GP01,,250,100,2000,,AUGP0825
98000125,Mineral Industry (non mining),98,true,no,,,,,,,,,,no,,,,,,,,yes,GP01,,250,100,2000,,AUGP0825
69250080,Minerals Testing Service,69,true,no,,,,,,,,,,no,,,,,,,,yes,GP01,,250,100,2000,,AUGP0825
69100140,Natural Sciences - Research Activities - Astronomy Chemistry Mathematics Physics Earth Sciences Etc.,69,true,no,,,,,,,,,,refer,AHCL05,AH06,100,1000,$1m PI $10m PL,AUAH0025,AUAH25,yes,GP01,,250,100,2000,,AUGP0825
69250130,Scientific Or Technical Testing Services,69,true,no,,,,,,,,,,no,,,,,,,,yes,GP01,,250,100,2000,,AUGP0825
69100170,Scientific Research,69,true,no,,,,,,,,,,refer,AHCL05,AH06,100,1000,$1m PI $10m PL,AUAH0025,AUAH25,yes,GP01,,250,100,2000,,AUGP0825
69100180,Social Science Research Institution Operation,69,true,no,,,,,,,,,,refer,AHCL05,AH06,100,1000,$1m PI $10m PL,AUAH0025,AUAH25,yes,GP01,,250,100,2000,,AUGP0825
98000126,Stamp / Philatelic Consultant,98,true,no,,,,,,,,,,no,,,,,,,,yes,GP01,,250,100,2000,,AUGP0825
69100210,Technology Research Activities,69,true,no,,,,,,,,,,no,,,,,,,,yes,GP01,,250,100,2000,,AUGP0825
69250165,Thermographic Testing Services,69,true,no,,,,,,,,,,no,,,,,,,,yes,GP01,,250,100,2000,,AUGP0825
69250180,Wool Testing Service,69,true,no,,,,,,,,,,no,,,,,,,,yes,GP01,,250,100,2000,,AUGP0825
98000127,Zoologists,98,true,no,,,,,,,,,,no,,,,,,,,yes,GP01,,250,100,2000,,AUGP0825
98000129,Import & Export Agents,98,true,no,,,,,,,,,,no,,,,,,,,yes,GP01,,250,100,2000,,AUGP0825
98000130,Supply Chain and Procurement Consulting,98,true,no,,,,,,,,,,no,,,,,,,,yes,GP01,,250,100,2000,,AUGP0825
98000131,Relocation Consultant,98,true,no,,,,,,,,,,no,,,,,,,,yes,GP01,,250,100,2000,,AUGP0825
98000132,Registered Training Organisation,98,true,no,,,,,,,,,,no,,,,,,,,yes,GP01,,250,100,2000,,AUGP0825
98000133,Training (theory and or practical),98,true,no,,,,,,,,,,no,,,,,,,,yes,GP01,,250,100,2000,,AUGP0825
98000134,Mediator,98,true,no,,,,,,,,,,no,,,,,,,,yes,GP01,,250,100,2000,,AUGP0825
98000135,Arbitrator,98,true,no,,,,,,,,,,no,,,,,,,,yes,GP01,,250,100,2000,,AUGP0825
98000136,Compliance Consultants,98,true,no,,,,,,,,,,no,,,,,,,,yes,GP01,,250,100,2000,,AUGP0825
98000137,"Meter Readers (Electricity, Gas, Water)",98,true,no,,,,,,,,,,no,,,,,,,,yes,GP01,,250,100,2000,,AUGP0825
98000138,Motor Vehicle Sales (insurance and finance),98,true,no,,,,,,,,,,no,,,,,,,,yes,GP01,,250,100,2000,,AUGP0825
98000139,Electrician or Electrical Contractors (including Test and Tag),98,true,no,,,,,,,,,,no,,,,,,,,yes,GP01,,250,100,2000,,AUGP0825
98000140,Database Programming & Applications,98,true,yes,ITCL01,4,250,250,1e+06,1,1e+07,,AU0825,no,,,,,,,,yes,GP01,,250,100,2000,,AUGP0825
98000141,E-commerce Application Development,98,true,yes,ITCL01,4,250,250,1e+06,1,1e+07,,AU0825,no,,,,,,,,yes,GP01,,250,100,2000,,AUGP0825
98000142,Facilities Management (Information Technology),98,true,yes,ITCL01,1,250,250,1e+06,1,1e+07,,AU0825,no,,,,,,,,yes,GP01,,250,100,2000,,AUGP0825
98000143,Hardware Sales (own developed),98,true,yes,ITCL01,2,250,250,1e+06,1,1e+07,,AU0825,no,,,,,,,,yes,GP01,,250,100,2000,,AUGP0825
98000144,IT Helpdesk & Network Support,98,true,yes,ITCL01,3,1000,2000,1e+06,1,1e+07,,AU0825,no,,,,,,,,yes,GP01,,250,100,2000,,AUGP0825
98000145,IT Recruitment & Placement Services,98,true,refer,ITL01,5,250,250,1e+06,1,1e+07,,AU0826,no,,,,,,,,yes,GP01,,250,100,2000,,AUGP0825
98000146,IT Security Systems / Consulting,98,true,yes,ITCL01,3,1000,1000,1e+06,1,1e+07,,AU0825,no,,,,,,,,yes,GP01,,250,100,2000,,AUGP0825
98000147,IT Maintenance & Repair,98,true,yes,ITCL01,3,250,250,1e+06,1,1e+07,,AU0825,no,,,,,,,,yes,GP01,,250,100,2000,,AUGP0825
98000148,Network Developers,98,true,yes,ITCL01,3,250,250,1e+06,1,1e+07,,AU0825,no,,,,,,,,yes,GP01,,250,100,2000,,AUGP0825
98000149,"Networking Infrastructure, Design or Construction",98,true,yes,ITCL01,7,250,250,1e+06,1,1e+07,,AU0825,no,,,,,,,,yes,GP01,,250,100,2000,,AUGP0825
98000150,Information Technology Project Management,98,true,yes,ITCL01,8,500,1000,1e+06,1,1e+07,,AU0825,no,,,,,,,,yes,GP01,,250,100,2000,,AUGP0825
98000151,Reseller of Third Party Software and Hardware,98,true,yes,ITCL01,1,250,250,1e+06,1,1e+07,,AU0825,no,,,,,,,,yes,GP01,,250,100,2000,,AUGP0825
98000152,Software Sales (own developed),98,true,yes,ITCL01,2,250,250,1e+06,1,1e+07,AUIT25012,AU0825,no,,,,,,,,yes,GP01,,250,100,2000,,AUGP0825
98000153,Systems Integration,98,true,yes,ITCL01,3,250,250,1e+06,1,1e+07,,AU0825,no,,,,,,,,yes,GP01,,250,100,2000,,AUGP0825
98000154,System Design and Integration,98,true,refer,ITCL02,5,250,250,1e+06,1,1e+07,,AU0826,no,,,,,,,,yes,GP01,,250,100,2000,,AUGP0825
98000155,Commercial Services and Supplies - Security and Alarm Services,98,true,yes,ITCL01,2,250,250,1e+06,1,1e+07,,AU0825,no,,,,,,,,yes,GP01,,250,100,2000,,AUGP0825
98000156,Diversified Consumer Services - Specialized Consumer Services (Residential and Personal Security Services),98,true,yes,ITCL01,3,250,250,1e+06,1,1e+07,,AU0825,no,,,,,,,,yes,GP01,,250,100,2000,,AUGP0825
98000157,Diversified Consumer Services - Specialized Consumer Services (Residential Security Systems),98,true,yes,ITCL01,3,250,250,1e+06,1,1e+07,,AU0825,no,,,,,,,,yes,GP01,,250,100,2000,,AUGP0825
98000158,"Electronic Equipment, Instruments and Components - Electronic Components",98,true,yes,ITCL01,1,250,250,1e+06,1,1e+07,,AU0825,no,,,,,,,,yes,GP01,,250,100,2000,,AUGP0825
98000159,"Electronic Equipment, Instruments and Components - Electronic Equipment and Instruments",98,true,yes,ITCL01,1,250,250,1e+06,1,1e+07,,AU0825,no,,,,,,,,yes,GP01,,250,100,2000,,AUGP0825
98000160,"Electronic Equipment, Instruments and Components - Electronic Manufacturing Services",98,true,yes,ITCL01,1,250,250,1e+06,1,1e+07,,AU0825,no,,,,,,,,yes,GP01,,250,100,2000,,AUGP0825
98000161,"Electronic Equipment, Instruments and Components - Technology Distributors",98,true,yes,ITCL01,1,250,250,1e+06,1,1e+07,,AU0825,no,,,,,,,,yes,GP01,,250,100,2000,,AUGP0825
98000162,Healthcare Technology - Healthcare Technology / Healthcare Software,98,true,refer,ITCL10,4,250,250,1e+06,1,1e+07,,AU0834,no,,,,,,,,yes,GP01,,250,100,2000,,AUGP0825
98000163,Healthcare Technology - Healthcare Technology / Healthcare Software (Medical Devices / Medical Equipment),98,true,refer,ITCL11,14,250,250,1e+06,1,1e+07,,AU0835,no,,,,,,,,yes,GP01,,250,100,2000,,AUGP0825
98000164,"Household Durables - Consumer Electronics (Security Systems, Alarms, and Cameras)",98,true,refer,ITCL12,2,250,250,1e+06,1,1e+07,,AU0836,no,,,,,,,,yes,GP01,,250,100,2000,,AUGP0825
98000165,IT Services - Data Processing and Outsourced Services,98,true,yes,ITCL01,1,250,250,1e+06,1,1e+07,,AU0825,no,,,,,,,,yes,GP01,,250,100,2000,,AUGP0825
98000166,IT Services - IT Consulting and Other Services,98,true,yes,ITCL01,1,250,250,1e+06,1,1e+07,,AU0825,no,,,,,,,,yes,GP01,,250,100,2000,,AUGP0825
98000167,IT Services - IT Consulting and Other Services (Application Development),98,true,yes,ITCL01,1,250,250,1e+06,1,1e+07,,AU0825,no,,,,,,,,yes,GP01,,250,100,2000,,AUGP0825
98000168,IT Services - IT Consulting and Other Services (Computer Consulting),98,true,yes,ITCL01,1,250,250,1e+06,1,1e+07,,AU0825,no,,,,,,,,yes,GP01,,250,100,2000,,AUGP0825
98000169,IT Services - IT Consulting and Other Services (Computer Facility Management Service),98,true,yes,ITCL01,2,250,250,1e+06,1,1e+07,,AU0825,no,,,,,,,,yes,GP01,,250,100,2000,,AUGP0825
98000170,IT Services - IT Consulting and Other Services (Computer Integrated System Design),98,true,yes,ITCL01,3,250,250,1e+06,1,1e+07,,AU0825,no,,,,,,,,yes,GP01,,250,100,2000,,AUGP0825
98000171,IT Services - IT Consulting and Other Services (Computer Maintenance and Repair),98,true,yes,ITCL01,1,250,250,1e+06,1,1e+07,,AU0825,no,,,,,,,,yes,GP01,,250,100,2000,,AUGP0825
98000172,IT Services - IT Consulting and Other Services (Computer Programming Service - Custom),98,true,yes,ITCL01,3,250,250,1e+06,1,1e+07,,AU0825,no,,,,,,,,yes,GP01,,250,100,2000,,AUGP0825
98000173,IT Services - IT Consulting and Other Services (Computer Programming Service - Prepackaged),98,true,yes,ITCL01,1,250,250,1e+06,1,1e+07,,AU0825,no,,,,,,,,yes,GP01,,250,100,2000,,AUGP0825
98000174,IT Services - IT Consulting and Other Services (Computer Related Service),98,true,yes,ITCL01,1,250,250,1e+06,1,1e+07,,AU0825,no,,,,,,,,yes,GP01,,250,100,2000,,AUGP0825
98000175,IT Services - IT Consulting and Other Services (Computer Software And Service),98,true,yes,ITCL01,1,250,250,1e+06,1,1e+07,,AU0825,no,,,,,,,,yes,GP01,,250,100,2000,,AUGP0825
98000176,IT Services - IT Consulting and Other Services (Computer Systems Integrator),98,true,yes,ITCL01,3,250,250,1e+06,1,1e+07,,AU0825,no,,,,,,,,yes,GP01,,250,100,2000,,AUGP0825
98000177,IT Services - IT Consulting and Other Services (IT Project Management),98,true,yes,ITCL01,2,250,250,1e+06,1,1e+07,,AU0825,no,,,,,,,,yes,GP01,,250,100,2000,,AUGP0825
98000178,IT Services - IT Consulting and Other Services (IT Software and Hardware Training Service),98,true,yes,ITCL01,1,250,250,1e+06,1,1e+07,,AU0825,no,,,,,,,,yes,GP01,,250,100,2000,,AUGP0825
98000179,Semiconductors and Semiconductor Equipment - Semiconductor Equipment,98,true,refer,ITCL27,15,250,250,1e+06,1,1e+07,,AU0851,no,,,,,,,,yes,GP01,,250,100,2000,,AUGP0825
98000180,Semiconductors and Semiconductor Equipment - Semiconductors,98,true,refer,ITCL28,15,250,250,1e+06,1,1e+07,,AU0852,no,,,,,,,,yes,GP01,,250,100,2000,,AUGP0825
98000181,Software and Services - Internet Software and Services,98,true,yes,ITCL01,1,250,250,1e+06,1,1e+07,,AU0825,no,,,,,,,,yes,GP01,,250,100,2000,,AUGP0825
98000182,Software and Services - Internet Software and Services (Agents And Spider Software),98,true,refer,ITCL30,2,250,250,1e+06,1,1e+07,,AU0854,no,,,,,,,,yes,GP01,,250,100,2000,,AUGP0825
98000183,Software and Services - Internet Software and Services (Application Hosting Services),98,true,refer,ITCL31,3,250,250,1e+06,1,1e+07,,AU0855,no,,,,,,,,yes,GP01,,250,100,2000,,AUGP0825
98000184,Software and Services - Internet Software and Services (Blockchain Technology / Software (Excl. Crypto Currency)),98,true,refer,ITCL32,20,250,250,1e+06,1,1e+07,,AU0856,no,,,,,,,,yes,GP01,,250,100,2000,,AUGP0825
98000185,Software and Services - Internet Software and Services (Blog Forum),98,true,refer,ITCL33,1,250,250,1e+06,1,1e+07,,AU0857,no,,,,,,,,yes,GP01,,250,100,2000,,AUGP0825
98000186,Software and Services - Internet Software and Services (Bookmarking Site),98,true,yes,ITCL01,1,250,250,1e+06,1,1e+07,,AU0825,no,,,,,,,,yes,GP01,,250,100,2000,,AUGP0825
98000187,Software and Services - Internet Software and Services (Browser Software),98,true,yes,ITCL01,4,250,250,1e+06,1,1e+07,,AU0825,no,,,,,,,,yes,GP01,,250,100,2000,,AUGP0825
98000188,Software and Services - Internet Software and Services (Business-to-Business (B2B) Internet Services),98,true,yes,ITCL01,3,250,250,1e+06,1,1e+07,,AU0825,no,,,,,,,,yes,GP01,,250,100,2000,,AUGP0825
98000189,Software and Services - Internet Software and Services (Cannabis / Marijuana Industry Software),98,true,refer,ITCL37,17,250,250,1e+06,1,1e+07,,AU0861,no,,,,,,,,yes,GP01,,250,100,2000,,AUGP0825
98000190,Software and Services - Internet Software and Services (Collaboration Tools),98,true,yes,ITCL01,3,250,250,1e+06,1,1e+07,,AU0825,no,,,,,,,,yes,GP01,,250,100,2000,,AUGP0825
98000191,Software and Services - Internet Software and Services (Collaborative Economy),98,true,yes,ITCL01,3,250,250,1e+06,1,1e+07,,AU0825,no,,,,,,,,yes,GP01,,250,100,2000,,AUGP0825
98000192,Software and Services - Internet Software and Services (Co-location/Data Centers - Excluding Managed Service),98,true,refer,ITCL40,3,250,250,1e+06,1,1e+07,,AU0864,no,,,,,,,,yes,GP01,,250,100,2000,,AUGP0825
98000193,Software and Services - Internet Software and Services (Co-location/Data Centers - Managed Service),98,true,refer,ITCL41,3,250,250,1e+06,1,1e+07,,AU0865,no,,,,,,,,yes,GP01,,250,100,2000,,AUGP0825
98000194,Software and Services - Internet Software and Services (Consumer Awareness and Knowledge Centers),98,true,yes,ITCL01,1,250,250,1e+06,1,1e+07,,AU0825,no,,,,,,,,yes,GP01,,250,100,2000,,AUGP0825
98000195,Software and Services - Internet Software and Services (Content Delivery),98,true,yes,ITCL01,1,250,250,1e+06,1,1e+07,AUIT25005,AU0825,no,,,,,,,,yes,GP01,,250,100,2000,,AUGP0825
98000196,Software and Services - Internet Software and Services (Content Management Software),98,true,yes,ITCL01,5,250,250,1e+06,1,1e+07,AUIT25005,AU0825,no,,,,,,,,yes,GP01,,250,100,2000,,AUGP0825
98000197,Software and Services - Internet Software and Services (Crypto Currency / Exchange / Software / Platform),98,true,refer,ITCL45,20,250,250,1e+06,1,1e+07,,AU0869,no,,,,,,,,yes,GP01,,250,100,2000,,AUGP0825
98000198,Software and Services - Internet Software and Services (Customer Relationship Management (CRM) Software),98,true,yes,ITCL01,7,250,250,1e+06,1,1e+07,,AU0825,no,,,,,,,,yes,GP01,,250,100,2000,,AUGP0825
98000199,Software and Services - Internet Software and Services (Data Aggregator),98,true,yes,ITCL01,8,250,250,1e+06,1,1e+07,,AU0825,no,,,,,,,,yes,GP01,,250,100,2000,,AUGP0825
98000200,Software and Services - Internet Software and Services (Data Hosting and Cloud Service Provider),98,true,refer,ITCL48,9,250,250,1e+06,1,1e+07,,AU0872,no,,,,,,,,yes,GP01,,250,100,2000,,AUGP0825
98000201,Software and Services - Internet Software and Services (Document Management Software),98,true,yes,ITCL01,8,1000,1000,1e+06,1,1e+07,,AU0825,no,,,,,,,,yes,GP01,,250,100,2000,,AUGP0825
98000202,Software and Services - Internet Software and Services (Domain Services),98,true,yes,ITCL01,9,1000,1000,1e+06,1,1e+07,,AU0825,no,,,,,,,,yes,GP01,,250,100,2000,,AUGP0825
98000203,Software and Services - Internet Software and Services (Drawing and Imaging Software),98,true,yes,ITCL01,1,250,250,1e+06,1,1e+07,,AU0825,no,,,,,,,,yes,GP01,,250,100,2000,,AUGP0825
98000204,Software and Services - Internet Software and Services (Electronic Data Interchange (EDI)),98,true,refer,ITCL52,11,250,250,1e+06,1,1e+07,,AU0876,no,,,,,,,,yes,GP01,,250,100,2000,,AUGP0825
98000205,Software and Services - Internet Software and Services (Energy Industry Software),98,true,yes,ITCL01,8,1000,2000,1e+06,1,1e+07,,AU0825,no,,,,,,,,yes,GP01,,250,100,2000,,AUGP0825
98000206,Software and Services - Internet Software and Services (Enterprise Data Management Software),98,true,yes,ITCL01,4,250,250,1e+06,1,1e+07,,AU0825,no,,,,,,,,yes,GP01,,250,100,2000,,AUGP0825
98000207,Software and Services - Internet Software and Services (Enterprise Information Portals),98,true,yes,ITCL01,1,250,250,1e+06,1,1e+07,,AU0825,no,,,,,,,,yes,GP01,,250,100,2000,,AUGP0825
98000208,Software and Services - Internet Software and Services (Enterprise Middleware),98,true,yes,ITCL01,1,250,250,1e+06,1,1e+07,,AU0825,no,,,,,,,,yes,GP01,,250,100,2000,,AUGP0825
98000209,Software and Services - Internet Software and Services (Enterprise Resource Planning (ERP) Software),98,true,yes,ITCL01,4,250,250,1e+06,1,1e+07,,AU0825,no,,,,,,,,yes,GP01,,250,100,2000,,AUGP0825
98000210,Software and Services - Internet Software and Services (Groupware),98,true,yes,ITCL01,4,250,250,1e+06,1,1e+07,,AU0825,no,,,,,,,,yes,GP01,,250,100,2000,,AUGP0825
98000211,Software and Services - Internet Software and Services (Industry Specific Software),98,true,yes,ITCL01,4,250,250,1e+06,1,1e+07,AUIT25020,AU0825,no,,,,,,,,yes,GP01,,250,100,2000,,AUGP0825
98000212,Software and Services - Internet Software and Services (Information and Knowledge Management Software),98,true,yes,ITCL01,3,250,250,1e+06,1,1e+07,,AU0825,no,,,,,,,,yes,GP01,,250,100,2000,,AUGP0825
98000213,Software and Services - Internet Software and Services (Internet Education Courses),98,true,yes,ITCL01,2,250,250,1e+06,1,1e+07,,AU0825,no,,,,,,,,yes,GP01,,250,100,2000,,AUGP0825
98000214,Software and Services - Internet Software and Services (Internet Navigation Portals),98,true,yes,ITCL01,9,250,250,1e+06,1,1e+07,,AU0825,no,,,,,,,,yes,GP01,,250,100,2000,,AUGP0825
98000215,Software and Services - Internet Software and Services (Internet Presence Providers (IPP)),98,true,refer,ITCL63,12,250,250,1e+06,1,1e+07,,AU0887,no,,,,,,,,yes,GP01,,250,100,2000,,AUGP0825
98000216,Software and Services - Internet Software and Services (Internet Service Providers (ISP)),98,true,refer,ITCL64,13,250,250,1e+06,1,1e+07,,AU0888,no,,,,,,,,yes,GP01,,250,100,2000,,AUGP0825
98000217,Software and Services - Internet Software and Services (Logistics Software),98,true,refer,ITCL65,4,250,250,1e+06,1,1e+07,,AU0889,no,,,,,,,,yes,GP01,,250,100,2000,,AUGP0825
98000218,Software and Services - Internet Software and Services (Math and Science Software),98,true,refer,ITCL66,1,250,250,1e+06,1,1e+07,,AU0890,no,,,,,,,,yes,GP01,,250,100,2000,,AUGP0825
98000219,Software and Services - Internet Software and Services (Media Sharing),98,true,yes,ITCL01,5,250,250,1e+06,1,1e+07,,AU0825,no,,,,,,,,yes,GP01,,250,100,2000,,AUGP0825
98000220,Software and Services - Internet Software and Services (Messaging and Messaging Services),98,true,yes,ITCL01,6,250,250,1e+06,1,1e+07,,AU0825,no,,,,,,,,yes,GP01,,250,100,2000,,AUGP0825
98000221,Software and Services - Internet Software and Services (Mobile Applications),98,true,yes,ITCL01,3,250,250,1e+06,1,1e+07,AUIT25012,AU0825,no,,,,,,,,yes,GP01,,250,100,2000,,AUGP0825
98000222,Software and Services - Internet Software and Services (Multimedia Software),98,true,yes,ITCL01,3,250,250,1e+06,1,1e+07,,AU0825,no,,,,,,,,yes,GP01,,250,100,2000,,AUGP0825
98000223,Software and Services - Internet Software and Services (Multimedia Streaming and Online Presentation),98,true,yes,ITCL01,3,250,250,1e+06,1,1e+07,,AU0825,no,,,,,,,,yes,GP01,,250,100,2000,,AUGP0825
98000224,Software and Services - Internet Software and Services (Office and Home Productivity Software),98,true,yes,ITCL01,2,250,250,1e+06,1,1e+07,,AU0825,no,,,,,,,,yes,GP01,,250,100,2000,,AUGP0825
98000225,Software and Services - Internet Software and Services (Online Dating),98,true,yes,ITCL01,4,250,250,1e+06,1,1e+07,,AU0825,no,,,,,,,,yes,GP01,,250,100,2000,,AUGP0825
98000226,Software and Services - Internet Software and Services (Online Exchange),98,true,refer,ITCL74,19,250,250,1e+06,1,1e+07,,AU0898,no,,,,,,,,yes,GP01,,250,100,2000,,AUGP0825
98000227,Software and Services - Internet Software and Services (Online Financial Services),98,true,refer,ITCL75,16,250,250,1e+06,1,1e+07,,AU0899,no,,,,,,,,yes,GP01,,250,100,2000,,AUGP0825
98000228,Software and Services - Internet Software and Services (Online Marketing),98,true,yes,ITCL01,1,250,250,1e+06,1,1e+07,,AU0825,no,,,,,,,,yes,GP01,,250,100,2000,,AUGP0825
98000229,Software and Services - Internet Software and Services (Performance and Usage Tracking Software),98,true,refer,ITCL77,3,250,250,1e+06,1,1e+07,,AU0901,no,,,,,,,,yes,GP01,,250,100,2000,,AUGP0825
98000230,Software and Services - Internet Software and Services (Plug-Ins Software),98,true,yes,ITCL01,2,250,250,1e+06,1,1e+07,,AU0825,no,,,,,,,,yes,GP01,,250,100,2000,,AUGP0825
98000231,Software and Services - Internet Software and Services (Property Management Software),98,true,yes,ITCL01,2,250,250,1e+06,1,1e+07,,AU0825,no,,,,,,,,yes,GP01,,250,100,2000,,AUGP0825
98000232,Software and Services - Internet Software and Services (Search Engine Software),98,true,refer,ITCL80,17,250,250,1e+06,1,1e+07,,AU0904,no,,,,,,,,yes,GP01,,250,100,2000,,AUGP0825
98000233,"Software and Services - Internet Software and Services (Social Network, Social Media, and Internet Communities)",98,true,refer,ITCL81,16,250,250,1e+06,1,1e+07,,AU0905,no,,,,,,,,yes,GP01,,250,100,2000,,AUGP0825
98000234,Software and Services - Internet Software and Services (Social News),98,true,refer,ITCL82,3,250,250,1e+06,1,1e+07,,AU0906,no,,,,,,,,yes,GP01,,250,100,2000,,AUGP0825
98000235,Software and Services - Internet Software and Services (Supply Chain Management Software),98,true,refer,ITCL83,4,250,250,1e+06,1,1e+07,,AU0907,no,,,,,,,,yes,GP01,,250,100,2000,,AUGP0825
98000236,Software and Services - Internet Software and Services (Telematics),98,true,refer,ITCL84,4,250,250,1e+06,1,1e+07,,AU0908,no,,,,,,,,yes,GP01,,250,100,2000,,AUGP0825
98000237,Software and Services - Internet Software and Services (VOIP Software),98,true,yes,ITCL01,1,250,250,1e+06,1,1e+07,,AU0825,no,,,,,,,,yes,GP01,,250,100,2000,,AUGP0825
98000238,Software and Services - Internet Software and Services (Web Hosting),98,true,refer,ITCL86,5,250,250,1e+06,1,1e+07,,AU0910,no,,,,,,,,yes,GP01,,250,100,2000,,AUGP0825
98000239,Software and Services - Internet Software and Services (Website Design),98,true,yes,ITCL01,1,250,250,1e+06,1,1e+07,,AU0825,no,,,,,,,,yes,GP01,,250,100,2000,,AUGP0825
98000240,Software and Services - Internet Software and Services (Website Infrastructure Software),98,true,yes,ITCL01,3,250,250,1e+06,1,1e+07,,AU0825,no,,,,,,,,yes,GP01,,250,100,2000,,AUGP0825
98000241,Software and Services - Internet Software and Services (Website Management Software),98,true,yes,ITCL01,4,250,250,1e+06,1,1e+07,,AU0825,no,,,,,,,,yes,GP01,,250,100,2000,,AUGP0825
98000242,Software - Application Software,98,true,yes,ITCL01,2,250,250,1e+06,1,1e+07,,AU0825,no,,,,,,,,yes,GP01,,250,100,2000,,AUGP0825
98000243,Software - Application Software (Application Service Provider),98,true,yes,ITCL01,3,250,250,1e+06,1,1e+07,,AU0825,no,,,,,,,,yes,GP01,,250,100,2000,,AUGP0825
98000244,Software - Home Entertainment Software,98,true,yes,ITCL01,3,250,250,1e+06,1,1e+07,AUIT25021,AU0825,no,,,,,,,,yes,GP01,,250,100,2000,,AUGP0825
98000245,Software - Home Entertainment Software (Educational and Training Software),98,true,yes,ITCL01,1,250,250,1e+06,1,1e+07,,AU0825,no,,,,,,,,yes,GP01,,250,100,2000,,AUGP0825
98000246,Software - Home Entertainment Software (Online Gaming),98,true,yes,ITCL01,2,250,250,1e+06,1,1e+07,AUIT25021,AU0825,no,,,,,,,,yes,GP01,,250,100,2000,,AUGP0825
98000247,Software - Home Entertainment Software (Videogames / Console and Computer Games),98,true,refer,ITCL95,2,250,250,1e+06,1,1e+07,,AU0919,no,,,,,,,,yes,GP01,,250,100,2000,,AUGP0825
98000248,Software - Systems Software,98,true,refer,ITCL96,5,250,250,1e+06,1,1e+07,,AU0920,no,,,,,,,,yes,GP01,,250,100,2000,,AUGP0825
98000249,Software - Systems Software (Applications Toolkit),98,true,refer,ITCL97,4,250,250,1e+06,1,1e+07,,AU0921,no,,,,,,,,yes,GP01,,250,100,2000,,AUGP0825
98000250,Software - Systems Software (Artificial Intelligence Software),98,true,refer,ITCL98,16,250,250,1e+06,1,1e+07,,AU0922,no,,,,,,,,yes,GP01,,250,100,2000,,AUGP0825
98000251,Software - Systems Software (Automation Products and Services),98,true,refer,ITCL99,12,250,250,1e+06,1,1e+07,,AU0923,no,,,,,,,,yes,GP01,,250,100,2000,,AUGP0825
98000252,Software - Systems Software (Autonomous Vehicle Software),98,true,refer,ITCL100,19,250,250,1e+06,1,1e+07,,AU0924,no,,,,,,,,yes,GP01,,250,100,2000,,AUGP0825
98000253,Software - Systems Software (Backup and Recovery Software),98,true,refer,ITCL101,10,250,250,1e+06,1,1e+07,,AU0925,no,,,,,,,,yes,GP01,,250,100,2000,,AUGP0825
98000254,Software - Systems Software (Computer Aided Design (CAD)),98,true,refer,ITCL102,14,250,250,1e+06,1,1e+07,,AU0926,no,,,,,,,,yes,GP01,,250,100,2000,,AUGP0825
98000255,Software - Systems Software (Computer System Network Development),98,true,refer,ITCL103,11,250,250,1e+06,1,1e+07,,AU0927,no,,,,,,,,yes,GP01,,250,100,2000,,AUGP0825
98000256,Software - Systems Software (Computer Telephone Integration (CTI) Software),98,true,refer,ITCL104,3,250,250,1e+06,1,1e+07,,AU0928,no,,,,,,,,yes,GP01,,250,100,2000,,AUGP0825
98000257,Software - Systems Software (Configuration Management),98,true,refer,ITCL105,4,250,250,1e+06,1,1e+07,,AU0929,no,,,,,,,,yes,GP01,,250,100,2000,,AUGP0825
98000258,Software - Systems Software (Database Design),98,true,refer,ITCL106,6,250,250,1e+06,1,1e+07,,AU0930,no,,,,,,,,yes,GP01,,250,100,2000,,AUGP0825
98000259,Software - Systems Software (Design Automation),98,true,refer,ITCL107,15,250,250,1e+06,1,1e+07,,AU0931,no,,,,,,,,yes,GP01,,250,100,2000,,AUGP0825
98000260,Software - Systems Software (Encryption Software),98,true,refer,ITCL108,12,250,250,1e+06,1,1e+07,,AU0932,no,,,,,,,,yes,GP01,,250,100,2000,,AUGP0825
98000261,Software - Systems Software (File Management Software),98,true,yes,ITCL01,6,250,250,1e+06,1,1e+07,,AU0825,no,,,,,,,,yes,GP01,,250,100,2000,,AUGP0825
98000262,Software - Systems Software (Graphical User Interface (GUI) Builders),98,true,yes,ITCL01,3,250,250,1e+06,1,1e+07,,AU0825,no,,,,,,,,yes,GP01,,250,100,2000,,AUGP0825
98000263,Software - Systems Software (Handheld Applications),98,true,yes,ITCL01,2,250,250,1e+06,1,1e+07,,AU0825,no,,,,,,,,yes,GP01,,250,100,2000,,AUGP0825
98000264,Software - Systems Software (License Distribution and Control Software),98,true,yes,ITCL01,4,250,250,1e+06,1,1e+07,,AU0825,no,,,,,,,,yes,GP01,,250,100,2000,,AUGP0825
98000265,Software - Systems Software (Linux Development Software),98,true,yes,ITCL01,3,250,250,1e+06,1,1e+07,,AU0825,no,,,,,,,,yes,GP01,,250,100,2000,,AUGP0825
98000266,Software - Systems Software (Machine Learning Technology),98,true,yes,ITCL01,6,500,1000,1e+06,1,1e+07,AUIT25018,AU0825,no,,,,,,,,yes,GP01,,250,100,2000,,AUGP0825
98000267,Software - Systems Software (Maintenance Software),98,true,yes,ITCL01,2,250,250,1e+06,1,1e+07,,AU0825,no,,,,,,,,yes,GP01,,250,100,2000,,AUGP0825
98000268,Software - Systems Software (Network Administration),98,true,yes,ITCL01,4,250,250,1e+06,1,1e+07,,AU0825,no,,,,,,,,yes,GP01,,250,100,2000,,AUGP0825
98000269,Software - Systems Software (Operating System Software),98,true,yes,ITCL01,14,250,250,1e+06,1,1e+07,,AU0825,no,,,,,,,,yes,GP01,,250,100,2000,,AUGP0825
98000270,Software - Systems Software (Performance Monitoring and Analysis Software),98,true,yes,ITCL01,7,250,250,1e+06,1,1e+07,,AU0825,no,,,,,,,,yes,GP01,,250,100,2000,,AUGP0825
98000271,Software - Systems Software (Process and Project Management),98,true,yes,ITCL01,2,500,1000,1e+06,1,1e+07,,AU0825,no,,,,,,,,yes,GP01,,250,100,2000,,AUGP0825
98000272,Software - Systems Software (Security Software (Cybersecurity)),98,true,refer,ITCL120,4,250,250,1e+06,1,1e+07,,AU0944,no,,,,,,,,yes,GP01,,250,100,2000,,AUGP0825
98000273,Software - Systems Software (Software Configuration and Control),98,true,yes,ITCL01,4,250,250,1e+06,1,1e+07,,AU0825,no,,,,,,,,yes,GP01,,250,100,2000,,AUGP0825
98000274,Software - Systems Software (Software Development - Custom),98,true,refer,ITCL122,3,250,250,1e+06,1,1e+07,,AU0946,no,,,,,,,,yes,GP01,,250,100,2000,,AUGP0825
98000275,Software - Systems Software (Software Development - Prepackaged),98,true,yes,ITCL01,2,250,250,1e+06,1,1e+07,,AU0825,no,,,,,,,,yes,GP01,,250,100,2000,,AUGP0825
98000276,Software - Systems Software (Software Diagram and Design),98,true,yes,ITCL01,2,250,250,1e+06,1,1e+07,,AU0825,no,,,,,,,,yes,GP01,,250,100,2000,,AUGP0825
98000277,Software - Systems Software (Software Documentation),98,true,yes,ITCL01,2,250,250,1e+06,1,1e+07,,AU0825,no,,,,,,,,yes,GP01,,250,100,2000,,AUGP0825
98000278,Software - Systems Software (Software Program Editors),98,true,yes,ITCL01,2,250,250,1e+06,1,1e+07,,AU0825,no,,,,,,,,yes,GP01,,250,100,2000,,AUGP0825
98000279,Software - Systems Software (Software Testing),98,true,refer,ITCL127,1,250,250,1e+06,1,1e+07,,AU0951,no,,,,,,,,yes,GP01,,250,100,2000,,AUGP0825
98000280,Software - Systems Software (Unix Development Software),98,true,yes,ITCL01,2,250,250,1e+06,1,1e+07,,AU0825,no,,,,,,,,yes,GP01,,250,100,2000,,AUGP0825
98000281,Software - Systems Software (Web Development Software),98,true,refer,ITCL129,2,250,250,1e+06,1,1e+07,,AU0953,no,,,,,,,,yes,GP01,,250,100,2000,,AUGP0825
98000282,Software - Systems Software (Windows Development Software),98,true,yes,ITCL01,2,250,250,1e+06,1,1e+07,,AU0825,no,,,,,,,,yes,GP01,,250,100,2000,,AUGP0825
98000283,Software - Systems Software (Wireless Access),98,true,refer,ITCL131,2,250,250,1e+06,1,1e+07,,AU0955,no,,,,,,,,yes,GP01,,250,100,2000,,AUGP0825
98000284,Technology Hardware and Equipment - Communications Equipment,98,true,yes,ITCL01,8,250,250,1e+06,1,1e+07,,AU0825,no,,,,,,,,yes,GP01,,250,100,2000,,AUGP0825
98000285,Technology Hardware and Equipment - Communications Equipment (Telephone and Telegraph Apparatus),98,true,yes,ITCL01,8,250,250,1e+06,1,1e+07,,AU0825,no,,,,,,,,yes,GP01,,250,100,2000,,AUGP0825
98000286,"Technology Hardware and Equipment - Technology Hardware, Storage and Peripherals",98,true,yes,ITCL01,8,250,250,1e+06,1,1e+07,,AU0825,no,,,,,,,,yes,GP01,,250,100,2000,,AUGP0825
98000287,"Technology Hardware and Equipment - Technology Hardware, Storage and Peripherals (Battery and Energy Storage)",98,true,yes,ITCL01,8,250,250,1e+06,1,1e+07,,AU0825,no,,,,,,,,yes,GP01,,250,100,2000,,AUGP0825
98000288,"Technology Hardware and Equipment - Technology Hardware, Storage and Peripherals (Computer Peripheral Equipment)",98,true,yes,ITCL01,8,250,250,1e+06,1,1e+07,,AU0825,no,,,,,,,,yes,GP01,,250,100,2000,,AUGP0825
98000289,"Technology Hardware and Equipment - Technology Hardware, Storage and Peripherals (Computer Rental and Leasing)",98,true,yes,ITCL01,8,250,250,1e+06,1,1e+07,,AU0825,no,,,,,,,,yes,GP01,,250,100,2000,,AUGP0825
98000290,"Technology Hardware and Equipment - Technology Hardware, Storage and Peripherals (Computer Storage Device)",98,true,yes,ITCL01,8,250,250,1e+06,1,1e+07,,AU0825,no,,,,,,,,yes,GP01,,250,100,2000,,AUGP0825
98000291,"Technology Hardware and Equipment - Technology Hardware, Storage and Peripherals (Computer Terminal)",98,true,yes,ITCL01,8,250,250,1e+06,1,1e+07,,AU0825,no,,,,,,,,yes,GP01,,250,100,2000,,AUGP0825
98000292,"Technology Hardware and Equipment - Technology Hardware, Storage and Peripherals (Wearables)",98,true,yes,ITCL01,8,250,250,1e+06,1,1e+07,,AU0825,no,,,,,,,,yes,GP01,,250,100,2000,,AUGP0825
98000293,Accounting Software Training Consultant,98,true,yes,ITCL01,1,250,250,1e+06,1,1e+07,,AU0825,no,,,,,,,,yes,GP01,,250,100,2000,,AUGP0825
98000294,"Cloud Services (including Servers, Storage, Databases, Networking, Software, Analytics, and Intelligence)",98,true,refer,ITCL142,8,250,250,1e+06,1,1e+07,,AU0966,no,,,,,,,,yes,GP01,,250,100,2000,,AUGP0825
98000295,Reseller of Third Party Hardware / Software,98,true,refer,ITCL143,1,250,250,1e+06,1,1e+07,,AU0967,no,,,,,,,,yes,GP01,,250,100,2000,,AUGP0825
98000296,Software Development / Consultant,98,true,yes,ITCL01,1,250,250,1e+06,1,1e+07,,AU0825,no,,,,,,,,yes,GP01,,250,100,2000,,AUGP0825
98000297,Software Sales (Own Developed),98,true,yes,ITCL01,2,250,250,1e+06,1,1e+07,AUIT25012,AU0825,no,,,,,,,,yes,GP01,,250,100,2000,,AUGP0825
98000298,Information Technology - Data Communication Services,98,true,yes,ITCL01,5,250,250,1e+06,1,1e+07,,AU0825,no,,,,,,,,yes,GP01,,250,100,2000,,AUGP0825
98000299,Information Technology - Education and Training Consultants,98,true,yes,ITCL01,1,250,250,1e+06,1,1e+07,,AU0825,no,,,,,,,,yes,GP01,,250,100,2000,,AUGP0825
98000300,Information Technology - Facilities / Asset Management Services,98,true,yes,ITCL01,4,250,250,1e+06,1,1e+07,,AU0825,no,,,,,,,,yes,GP01,,250,100,2000,,AUGP0825
98000301,Information Technology - Graphics,98,true,yes,ITCL01,1,250,250,1e+06,1,1e+07,,AU0825,no,,,,,,,,yes,GP01,,250,100,2000,,AUGP0825
98000302,"Information Technology - Hardware Installation, Maintenance, and Repair",98,true,yes,ITCL01,1,250,250,1e+06,1,1e+07,,AU0825,no,,,,,,,,yes,GP01,,250,100,2000,,AUGP0825
98000303,Information Technology - Network Consultants,98,true,yes,ITCL01,2,250,250,1e+06,1,1e+07,,AU0825,no,,,,,,,,yes,GP01,,250,100,2000,,AUGP0825
98000304,Information Technology - Programmer,98,true,yes,ITCL01,3,250,250,1e+06,1,1e+07,,AU0825,no,,,,,,,,yes,GP01,,250,100,2000,,AUGP0825
98000305,Information Technology - Project Management,98,true,yes,ITCL01,5,250,250,1e+06,1,1e+07,,AU0825,no,,,,,,,,yes,GP01,,250,100,2000,,AUGP0825
98000306,Information Technology - Security Systems / Consulting,98,true,refer,ITCL154,3,250,250,1e+06,1,1e+07,,AU0978,no,,,,,,,,yes,GP01,,250,100,2000,,AUGP0825
98000307,Information Technology - Strategic Planning,98,true,yes,ITCL01,3,250,250,1e+06,1,1e+07,,AU0825,no,,,,,,,,yes,GP01,,250,100,2000,,AUGP0825
98000308,Information Technology - Supervisory Control and Data Acquisition (SCADA),98,true,refer,ITCL156,12,250,250,1e+06,1,1e+07,,AU0980,no,,,,,,,,yes,GP01,,250,100,2000,,AUGP0825
98000309,Information Technology - System Audit,98,true,refer,ITCL157,3,250,250,1e+06,1,1e+07,,AU0981,no,,,,,,,,yes,GP01,,250,100,2000,,AUGP0825
98000310,Information Technology - Systems Analyst,98,true,yes,ITCL01,2,250,250,1e+06,1,1e+07,,AU0825,no,,,,,,,,yes,GP01,,250,100,2000,,AUGP0825
98000311,Information Technology Consultant,98,true,yes,ITCL01,1,250,250,1e+06,1,1e+07,,AU0825,no,,,,,,,,yes,GP01,,250,100,2000,,AUGP0825
98000312,Web Hosting Services,98,true,refer,ITCL160,15,250,250,1e+06,1,1e+07,,AU0984,no,,,,,,,,yes,GP01,,250,100,2000,,AUGP0825
98000313,Website Developer,98,true,refer,ITCL161,3,250,250,1e+06,1,1e+07,,AU0985,no,,,,,,,,yes,GP01,,250,100,2000,,AUGP0825
98000314,Website Design,98,true,yes,ITCL01,1,250,250,1e+06,1,1e+07,,AU0825,no,,,,,,,,yes,GP01,,250,100,2000,,AUGP0825
98000315,Business Analyst,98,true,no,,,,,,,,,,no,,,,,,,,yes,GP01,,250,100,2000,,AUGP0825
98000316,Business administration Association,98,true,no,,,,,,,,,,no,,,,,,,,yes,GP01,,250,100,2000,,AUGP0825
98000317,Business Broker,98,true,no,,,,,,,,,,no,,,,,,,,yes,GP01,,250,100,2000,,AUGP0825
98000318,"Business coaching, Mentoring Consultant",98,true,no,,,,,,,,,,no,,,,,,,,yes,GP01,,250,100,2000,,AUGP0825
98000319,Business Introduction Services,98,true,no,,,,,,,,,,no,,,,,,,,yes,GP01,,250,100,2000,,AUGP0825
98000320,Business Procurements consultant / Probity Advisor,98,true,no,,,,,,,,,,no,,,,,,,,yes,GP01,,250,100,2000,,AUGP0825
98000321,Business Project Management ( Non Design or Engineering),98,true,no,,,,,,,,,,no,,,,,,,,yes,GP01,,250,100,2000,,AUGP0825
98000322,Business Valuer,98,true,no,,,,,,,,,,no,,,,,,,,yes,GP01,,250,100,2000,,AUGP0825
98000323,Information Technology - Business Process Outsourcing,98,true,yes,ITCL01,2,250,250,1e+06,1,1e+07,,AU0825,no,,,,,,,,yes,GP01,,250,100,2000,,AUGP0825
98000324,Post Office Business,98,true,refer,ITCL172,1,250,250,1e+06,1,1e+07,,AU0996,no,,,,,,,,yes,GP01,,250,100,2000,,AUGP0825
98000325,Application Software Development/ Contract Programming,98,true,yes,ITCL01,2,250,250,1e+06,1,1e+07,,AU0825,no,,,,,,,,yes,GP01,,250,100,2000,,AUGP0825
98000326,Pre-Packaged Software Sales (Own Development or Imported),98,true,refer,ITCL174,1,250,250,1e+06,1,1e+07,,AU0998,no,,,,,,,,yes,GP01,,250,100,2000,,AUGP0825
98000327,Pre-Packaged third Party Software Sales (Reseller),98,true,yes,ITCL01,1,250,250,1e+06,1,1e+07,,AU0825,no,,,,,,,,yes,GP01,,250,100,2000,,AUGP0825
98000328,Digital Marketing Services,98,true,yes,ITCL01,1,250,250,1e+06,1,1e+07,,AU0825,no,,,,,,,,yes,GP01,,250,100,2000,,AUGP0825
98000329,IT General Consultancy,98,true,yes,ITCL01,2,250,250,1e+06,1,1e+07,,AU0825,no,,,,,,,,yes,GP01,,250,100,2000,,AUGP0825
98000330,IT Project Management,98,true,refer,ITCL178,3,250,250,1e+06,1,1e+07,,AU1002,no,,,,,,,,yes,GP01,,250,100,2000,,AUGP0825
98000331,IT Recruitment and Placement Services,98,true,refer,ITCL179,3,250,250,1e+06,1,1e+07,,AU1003,no,,,,,,,,yes,GP01,,250,100,2000,,AUGP0825
98000332,Internet/Web-based (Cyber) Security Provider,98,true,refer,ITCL180,5,250,250,1e+06,1,1e+07,,AU1004,no,,,,,,,,yes,GP01,,250,100,2000,,AUGP0825
98000333,Physical Security Services (CCTV/Electronic Access),98,true,refer,ITCL181,7,250,250,1e+06,1,1e+07,,AU1005,no,,,,,,,,yes,GP01,,250,100,2000,,AUGP0825
98000334,Website Design/Development (Including Web-Based Graphic Design),98,true,refer,ITCL182,1,250,250,1e+06,1,1e+07,,AU1006,no,,,,,,,,yes,GP01,,250,100,2000,,AUGP0825
98000335,Website/Data Hosting,98,true,yes,ITCL01,2,250,250,1e+06,1,1e+07,,AU0825,no,,,,,,,,yes,GP01,,250,100,2000,,AUGP0825
98000336,Systems Analysis,98,true,yes,ITCL01,3,250,250,1e+06,1,1e+07,,AU0825,no,,,,,,,,yes,GP01,,250,100,2000,,AUGP0825
98000337,"Telecommunication Services (PABX/Telephony Hardware Supplies, etc.)",98,true,yes,ITCL01,4,250,250,1e+06,1,1e+07,,AU0825,no,,,,,,,,yes,GP01,,250,100,2000,,AUGP0825
98000338,Value Added Reselling,98,true,yes,ITCL01,1,250,250,1e+06,1,1e+07,,AU0825,no,,,,,,,,yes,GP01,,250,100,2000,,AUGP0825
98000339,Billing Services,98,true,refer,ITCL187,13,250,250,1e+06,1,1e+07,,AU1011,no,,,,,,,,yes,GP01,,250,100,2000,,AUGP0825
98000340,Data Communication Services (ISP’s),98,true,refer,ITCL188,18,250,250,1e+06,1,1e+07,,AU1012,no,,,,,,,,yes,GP01,,250,100,2000,,AUGP0825
98000341,Data Processing/Warehousing Services/Bureau Services,98,true,yes,ITCL01,4,250,250,1e+06,1,1e+07,,AU0825,no,,,,,,,,yes,GP01,,250,100,2000,,AUGP0825
98000342,Education and Training,98,true,yes,ITCL01,1,250,250,1e+06,1,1e+07,,AU0825,no,,,,,,,,yes,GP01,,250,100,2000,,AUGP0825
98000343,Hardware Maintenance and/or Installation Services,98,true,yes,ITCL01,1,250,250,1e+06,1,1e+07,,AU0825,no,,,,,,,,yes,GP01,,250,100,2000,,AUGP0825
98000344,Hardware Sales (Own Development or Exclusive Importer),98,true,yes,ITCL01,1,250,250,1e+06,1,1e+07,,AU0825,no,,,,,,,,yes,GP01,,250,100,2000,,AUGP0825
98000345,Hardware Sales (Reseller),98,true,yes,ITCL01,1,250,250,1e+06,1,1e+07,,AU0825,no,,,,,,,,yes,GP01,,250,100,2000,,AUGP0825
98000346,Help Desk Services,98,true,yes,ITCL01,1,250,250,1e+06,1,1e+07,,AU0825,no,,,,,,,,yes,GP01,,250,100,2000,,AUGP0825
98000347,Information Technology - Outsourced Managed Services,98,true,yes,ITCL01,1,250,250,1e+06,1,1e+07,,AU0825,no,,,,,,,,yes,GP01,,250,100,2000,,AUGP0825
98000348,Network Services,98,true,refer,ITCL196,1,250,250,1e+06,1,1e+07,,AU1020,no,,,,,,,,yes,GP01,,250,100,2000,,AUGP0825
99999999,Manual - Underwriter Only,99,true,yes,ITCL01,5,250,250,1e+06,1,1e+07,,AU0825,refer,AHCL05,AH06,100,1000,$1m PI $10m PL,AUAH0025,AUAH25,refer,GP01,,250,100,2000,,AUGP0825
